کد IRC,کد پیام,نام فارسی,نام انگلیسی,تعداد نتایج,وضعیت,قیمت واحد فعلی (ریال),تاریخ به‌روزرسانی (میلادی),همه کدهای پیام
0,="0000001439",کلومیپرامین اچ سی ال  75 میلی گرم قرص,CLOMIPRAMINE HCL  75 MG Tablet,100,ok,4000,2016-06-22T15:24:55+03:30,
0000000000936732,,,,0,notfound,,,
0000000018211580,,,,0,notfound,,,
0000000053558638,,,,0,notfound,,,
0000000057030449,,,,0,notfound,,,
0000000062025268,,,,0,notfound,,,
0000000076184889,,,,0,notfound,,,
0000000085814177,="0200008497",گریپ میکسچر  145 میلی لیتر محلول خوراکی نرس هارویز,GRIPE MIXTURE  145 ML Oral Solution Nurse Harvyes,1,ok,2000000,2026-04-22T10:15:03+03:30,
0000000093135164,,,,0,notfound,,,
0000000095101482,,,,0,notfound,,,
0000000096087880,,,,0,notfound,,,
0000000109711124,,,,0,notfound,,,
0000000111985431,,,,0,notfound,,,
0000000123555441,,,,0,notfound,,,
0000000149341915,,,,0,notfound,,,
0000000154661246,,,,0,notfound,,,
0000000154866858,,,,0,notfound,,,
0000000158850249,,,,0,notfound,,,
0000000160830571,,,,0,notfound,,,
0000000162718360,,,,0,notfound,,,
0000000164703881,,,,0,notfound,,,
0000000166460718,,,,0,notfound,,,
0000000178416770,,,,0,notfound,,,
0000000186054568,,,,0,notfound,,,
0000000187178608,,,,0,notfound,,,
0000000204967255,,,,0,notfound,,,
0000000206183948,,,,0,notfound,,,
0000000244453892,,,,0,notfound,,,
0000000246211596,,,,0,notfound,,,
0000000249635994,,,,0,notfound,,,
0000000251898270,,,,0,notfound,,,
0000000257461551,,,,0,notfound,,,
0000000269398425,,,,0,notfound,,,
0000000281151015,,,,0,notfound,,,
0000000296928613,,,,0,notfound,,,
0000000298645099,,,,0,notfound,,,
0000000305412312,,,,0,notfound,,,
0000000319541323,,,,0,notfound,,,
0000000330608177,,,,0,notfound,,,
0000000332253044,,,,0,notfound,,,
0000000342751883,,,,0,notfound,,,
0000000345243636,,,,0,notfound,,,
0000000356309203,,,,0,notfound,,,
0000000360538442,,,,0,notfound,,,
0000000362758720,,,,0,notfound,,,
0000000371594191,,,,0,notfound,,,
0000000376291321,,,,0,notfound,,,
0000000385566317,,,,0,notfound,,,
0000000388896583,,,,0,notfound,,,
0000000390972151,,,,0,notfound,,,
0000000404089841,,,,0,notfound,,,
0000000404815893,,,,0,notfound,,,
0000000418807399,,,,0,notfound,,,
0000000422117584,,,,0,notfound,,,
0000000426407251,,,,0,notfound,,,
0000000442207697,,,,0,notfound,,,
0000000459003252,,,,0,notfound,,,
0000000464912109,,,,0,notfound,,,
0000000467672777,,,,0,notfound,,,
0000000470060154,,,,0,notfound,,,
0000000471919479,,,,0,notfound,,,
0000000484461864,,,,0,notfound,,,
0000000494321322,,,,0,notfound,,,
0000000517889384,,,,0,notfound,,,
0000000520289267,,,,0,notfound,,,
0000000521978409,,,,0,notfound,,,
0000000527041421,,,,0,notfound,,,
0000000532416319,,,,0,notfound,,,
0000000538969854,,,,0,notfound,,,
0000000540742836,,,,0,notfound,,,
0000000569113011,,,,0,notfound,,,
0000000593829835,,,,0,notfound,,,
0000000594775117,,,,0,notfound,,,
0000000602533086,,,,0,notfound,,,
0000000606442834,,,,0,notfound,,,
0000000608444710,,,,0,notfound,,,
0000000610448441,,,,0,notfound,,,
0000000623335660,,,,0,notfound,,,
0000000624435827,,,,0,notfound,,,
0000000655701328,,,,0,notfound,,,
0000000656675311,,,,0,notfound,,,
0000000675043006,,,,0,notfound,,,
0000000677321910,,,,0,notfound,,,
0000000708188986,,,,0,notfound,,,
0000000713094050,,,,0,notfound,,,
0000000716359866,,,,0,notfound,,,
0000000723755621,,,,0,notfound,,,
0000000726393826,,,,0,notfound,,,
0000000730299442,,,,0,notfound,,,
0000000738699237,,,,0,notfound,,,
0000000739770847,,,,0,notfound,,,
0000000741695459,,,,0,notfound,,,
0000000749056018,,,,0,notfound,,,
0000000752847199,,,,0,notfound,,,
0000000757017434,,,,0,notfound,,,
0000000767081975,,,,0,notfound,,,
0000000768676264,,,,0,notfound,,,
0000000776258695,,,,0,notfound,,,
0000000776440820,,,,0,notfound,,,
0000000781430844,,,,0,notfound,,,
0000000785605742,,,,0,notfound,,,
0000000806287445,,,,0,notfound,,,
0000000812429539,,,,0,notfound,,,
0000000819539595,,,,0,notfound,,,
0000000823107482,,,,0,notfound,,,
0000000829906751,,,,0,notfound,,,
0000000836418795,,,,0,notfound,,,
0000000839387778,,,,0,notfound,,,
0000000856541611,,,,0,notfound,,,
0000000868990838,,,,0,notfound,,,
0000000876383630,,,,0,notfound,,,
0000000879252827,,,,0,notfound,,,
0000000882811588,,,,0,notfound,,,
0000000891911155,,,,0,notfound,,,
0000000892509062,,,,0,notfound,,,
0000000897279030,,,,0,notfound,,,
0000000909102045,,,,0,notfound,,,
0000000915856005,,,,0,notfound,,,
0000000918011185,,,,0,notfound,,,
0000000918225886,,,,0,notfound,,,
0000000961421156,,,,0,notfound,,,
0000000976756130,,,,0,notfound,,,
0000000981994513,,,,0,notfound,,,
0000000986293001,,,,0,notfound,,,
0001058044061078,,,,0,notfound,,,
0007567252184526,="0200022280",تیمکس  140 میلی لیتر شربت ایران داروک,THYMEX  140 ML Syrup Iran Darouk,1,ok,2800000,2026-06-13T22:47:22+03:30,
0017662991238533,="0200023561",پلارژین کیدز  120 میلی لیتر شربت پارس گیتا دارو,PELARGIN KIDS  120 ML Syrup Pars Gita Darou,1,ok,4100000,2026-07-25T09:22:24+03:30,
0036966912522260,,,,0,notfound,,,
0059569484127785,,,,0,notfound,,,
0066706172500242,="0200016534",آترومد - بی  350 میلی گرم 100 عدد قرص روکشدار باریج اسانس,ATHEROMOD-B  350 MG 100 F.C. Tablet Barij Essence,1,ok,51000,2026-07-14T18:31:06+03:30,
0069813776519571,="0300016928",استاپ اسنورینگ  250 میلی لیتر محلول گل دارو,STOP SNORING  250 ML Solution Gol Darou,1,ok,480000,2021-05-23T09:59:31+03:30,
0078483046779499,="0200014258",گلیکوگل  30 عدد قرص روکشدار گل دارو,GLYCOGOL  30 F.C. Tablet Gol Darou,1,ok,30700,2024-10-17T09:43:47+03:30,
0080593070792960,,,,0,notfound,,,
0084145909023816,,,,0,notfound,,,
0092471091395775,,,,0,notfound,,,
0115404716606102,,,,0,notfound,,,
0123452652380449,,,,0,notfound,,,
0131655949504751,,,,0,notfound,,,
0193669854568221,,,,0,notfound,,,
0209135642560127,,,,0,notfound,,,
0215679252060252,,,,0,notfound,,,
0219174617054701,,,,0,notfound,,,
0240743058080773,="0200019274",پروکید پویا  10 عدد کپسول گسترش میلاد فارمد,PROKID POUYA  10 Capsule Gostaresh Milad Pharmed,1,ok,320000,2026-06-27T10:24:51+03:30,
0248191566536209,,,,0,notfound,,,
0252582510249060,,,,0,notfound,,,
0315327194024430,="0200025379",پسیلیوم موزی  7 عدد ساشه ایران داروک,PSYLLIUM BANANA  7 Sache Iran Darouk,1,ok,280000,2026-05-13T14:31:34+03:30,
0330136198553730,,,,0,notfound,,,
0334593825778612,,,,0,notfound,,,
0347756442342525,="0200022744",فمی لاکت  500 میلی گرم 30 عدد کپسول زیست تخمیر,FAMILACT  500 MG 30 Capsule Zist Takhmir,1,ok,95000,2026-05-23T08:26:54+03:30,
0359240991146555,,,,0,notfound,,,
0367454046348916,,,,0,notfound,,,
0370479924043476,="0201008938",کالاندولا   30 گرم پماد موضعی دینه,CALENDULA  30 GR Topical Ointment Dineh,1,ok,2400000,2026-06-01T09:12:19+03:30,
0371663439402796,,,,0,notfound,,,
0376484263011129,,,,0,notfound,,,
0379797306762081,,,,0,notfound,,,
0393674684296659,="0200018791",آلرگل  20 میلی لیتر اسپرى بینى گل دارو,ALLERGOL  20 ML Nasal Spray Gol Darou,1,ok,1450000,2026-06-15T23:16:51+03:30,
0395859937123115,,,,0,notfound,,,
0397248991205946,,,,0,notfound,,,
0417452807535128,,,,0,notfound,,,
0420395590802714,="0200014394",رزماریدین  30 گرم کرم موضعی دینه,ROSEMARIDIN  30 GR Topical Cream Dineh,1,ok,1500000,2026-04-16T09:53:18+03:30,
0433366168347510,,,,0,notfound,,,
0442694382123292,,,,0,notfound,,,
0447897319124609,="0200002244",جینکو تیدی  40 میلی گرم 100 عدد قرص روکش دار تولید دارو,GINKO T.D.  40 MG 100 Coated Tablet Tolid Darou,1,ok,64000,2026-08-23T11:53:56+03:30,
0448189774654495,,,,0,notfound,,,
0456478753026927,,,,0,notfound,,,
0474739451198648,,,,0,notfound,,,
0475297516083758,="0301006475",هربالیو گرین کرن بری  500 میلی گرم 60 عدد کپسول پرارین پارس,HERBALIO GREEN CRANBERRY  500 MG 60 Capsule Perarin Pars,1,ok,94166,2026-05-02T11:14:34+03:30,
0495946332388903,,,,0,notfound,,,
0511125350804543,="0200009840",کراتاسین  30 میلی لیتر قطره پورسینا,CRATASIN  30 ML Drop Pursina,1,ok,150000,2020-05-23T11:22:50+03:30,
0511372858824013,,,,0,notfound,,,
0516660499470976,="0201009401",بی بی کر  15 میلی لیتر قطره خوراکى زیست تخمیر,BB - CARE  15 ML Oral Drop Zist Takhmir,1,ok,2200000,2026-05-23T08:50:58+03:30,
0519001803339692,="0200022190",های رست  30 عدد کپسول سپید طب نیا,HI-REST  30 Capsule Sepid Teb Nia,1,ok,71200,2024-03-18T10:58:12+03:30,
0520703501660603,,,,0,notfound,,,
0531037364884426,="0200022245",کاراوی میکسچر  140 میلی لیتر شربت ایران داروک,CARAWAY MIXTURE  140 ML Syrup Iran Darouk,1,ok,1810000,2026-05-28T13:57:27+03:30,
0534895533724694,="0200023867",دیلیست  250 میلی گرم 30 عدد کپسول زیست تخمیر,DAILYEAST  250 MG 30 Capsule Zist Takhmir,1,ok,150000,2026-05-23T08:41:22+03:30,
0540999498334086,,,,0,notfound,,,
0544805717522703,="0200019217",گلوکورکس - بی  335 میلی گرم 30 عدد قرص باریج اسانس,GLUCOREX-B  335 MG 30 Tablet Barij Essence,1,ok,110000,2026-07-14T18:32:50+03:30,
0568180766482566,="0200014093",نوراگل فورت  30 عدد قرص روکشدار گل دارو,NEUROGOL FORT  30 F.C. Tablet Gol Darou,1,ok,160000,2026-06-15T23:22:43+03:30,
0588695303892741,,,,0,notfound,,,
0605340278211682,,,,0,notfound,,,
0610606839566921,="0200023419",هلسی لیور  30 عدد قرص روکشدار گلدن لایف,HEALTHY LIVER  30 F.C. Tablet Golden Life,1,ok,185000,2026-07-16T15:00:08+03:30,
0616026376536595,,,,0,notfound,,,
0637998930301505,="0200021883",نبید دارو  30 میلی لیتر قطره,NABID DARU  30 ML Drop,1,ok,2000000,2026-08-23T13:40:01+03:30,
0639350712203428,="0301007265",بایو آی بی اس  30 عدد کپسول تک ژن,BioIBS  30 Capsule Takgene,1,ok,320000,2026-05-31T12:07:29+03:30,
0640480027501802,,,,0,notfound,,,
0640866628238952,,,,0,notfound,,,
0647015783631228,,,,0,notfound,,,
0648126930388841,="0200024713",کروسینا  15 میلی گرم 30 عدد قرص خط دار سامی ساز,KROCINA  15 MG 30 Scored Tablet Samisaz,1,ok,250000,2025-10-21T11:33:15+03:30,
0670231362379563,,,,0,notfound,,,
0674518256119337,="0200022745",ژری لاکت  500 میلی گرم 30 عدد کپسول زیست تخمیر,GERILACT  500 MG 30 Capsule Zist Takhmir,1,ok,125000,2026-05-23T08:29:17+03:30,
0680406833063400,="0200021624",گلوکوهرب باریج  468 میلی گرم 45 عدد قرص باریج اسانس,GLUCOHERB BARIJ  468 MG 45 Tablet Barij Essence,1,ok,30177,2023-12-31T10:18:30+03:30,
0704866215223581,,,,0,notfound,,,
0709570109103196,,,,0,notfound,,,
0723084885138579,="0200019791",ليبيدوكس  30 عدد قرص روکشدار ایران داروک,LIBIDOX  30 F.C. Tablet Iran Darouk,1,ok,28333,2024-07-11T11:35:21+03:30,
0736861479820862,="0200024695",کاستورکس باریج  660 میلی گرم 60 عدد سافت ژل باریج اسانس,CASTOREX BARIJ  660 MG 60 Soft Gelatin Capsule Barij Essence,1,ok,9250,2023-12-31T10:13:20+03:30,
0741213953277083,="0200019045",برونکلدین  120 میلی لیتر شربت سبز دارو,BRONCOLDIN  120 ML Syrup Sabzdaru,1,ok,2750000,2026-07-01T10:40:03+03:30,
0772581859668619,="0200011956",جینسین تونیک  120 میلی لیتر شربت گل دارو,GINSIN TONIC  120 ML Syrup Gol Darou,1,ok,650000,2024-11-30T09:16:27+03:30,
0773849147291497,,,,0,notfound,,,
0780930621318385,="0200022492",فیتوواژکس  7 عدد شیاف واژینال اکسیر گستر اسپادانا,PHYTOVAGEX  7 Vaginal Suppository Exir Gostar Espadana,1,ok,557142,2026-06-27T10:59:55+03:30,
0801560269373402,,,,0,notfound,,,
0822296920461119,,,,0,notfound,,,
0825954941854380,,,,0,notfound,,,
0836429256498885,,,,0,notfound,,,
0843188917377312,="0201005636",لیمو ترش باریج  15 میلی لیتر قطره خوراکى باریج اسانس,LIMU TORSH BARIJ  15 ML Oral Drop Barij Essence,2,multi,495000,2024-12-23T12:44:28+03:30,0201005636;0200024870
0851886757806920,="0200022042",فیژیتول  120 میلی لیتر شربت دارو درمان پارس,FIGITOL  120 ML Syrup Darou Darman Pars,1,ok,582000,2025-01-23T10:41:29+03:30,
0852571851076794,,,,0,notfound,,,
0861802846435594,,,,0,notfound,,,
0880243341905585,,,,0,notfound,,,
0890210526203538,,,,0,notfound,,,
0890825494710038,,,,0,notfound,,,
0890981616847488,="0200003034",جینکوگل  30 عدد قرص گل دارو,GINKOGOL  30 Tablet Gol Darou,1,ok,75000,2026-04-30T11:36:39+03:30,
0900242789832995,,,,0,notfound,,,
0900842084120534,,,,0,notfound,,,
0933228442373761,,,,0,notfound,,,
0940714863042102,,,,0,notfound,,,
0942246115890548,,,,0,notfound,,,
0948216104067420,,,,0,notfound,,,
0956669881397928,,,,0,notfound,,,
0969469445748762,,,,0,notfound,,,
0970620363834415,="0200020191",رکوبیزول  20 گرم پماد موضعی نو تک فار,RECUBIZUL  20 GR Topical Ointment Know.Tech.Phar,1,ok,1600000,2026-07-04T09:46:39+03:30,
0992322433335131,,,,0,notfound,,,
0996692721102438,="0200020190",رکولیک  120 میلی لیتر شربت نو تک فار,RECOLIC  120 ML Syrup Know.Tech.Phar,1,ok,2000000,2026-05-24T14:05:56+03:30,
1000331173965228,="0201005707",کامی کاف  100 میلی لیتر شربت بنیان کسری سرشت سلامت,CAMI COUGH  100 ML Syrup Bonyan Kasra Seresht Salamat,1,ok,1250000,2026-05-12T10:21:49+03:30,
1003569840352511,,,,0,notfound,,,
1003777112466681,,,,0,notfound,,,
1003878746034914,="0301007426",لیوربان  140 میلی گرم 30 عدد قرص ویتاول,LIVERBAN  140 MG 30 Tablet Vitawell,1,ok,70000,2026-04-20T15:40:55+03:30,
1010447696681949,,,,0,notfound,,,
1011669571741921,,,,0,notfound,,,
1013419873085288,,,,0,notfound,,,
1014044764256019,,,,0,notfound,,,
1015230156708359,,,,0,notfound,,,
1016683735433739,="0200019056",همرکس  30 گرم پماد مقعدی سبز دارو,HEMREX  30 GR Rectal Ointment Sabzdaru,1,ok,2960000,2026-08-17T10:29:03+03:30,
1017706484215712,,,,0,notfound,,,
1018034335260781,="0201005747",ژن استروجی - 100  60 عدد کپسول بهستان بهداشت,GEN ESTROG - 100  60 Capsule Behestan Behdasht,1,ok,170000,2026-04-29T12:13:11+03:30,
1019253914623792,,,,0,notfound,,,
1022056017740418,,,,0,notfound,,,
1022938463714425,,,,0,notfound,,,
1023815222508059,="0301007010",پرونوتری ولبیینگ گستریک  30 عدد کپسول رستا ایمن دارو,PRONUTRI WELL BEING GASTRIC  30 Capsule Rasta Imen Daroo,1,ok,126666,2024-08-21T10:09:52+03:30,
1025363514669488,,,,0,notfound,,,
1027015296156284,,,,0,notfound,,,
1027791681805903,,,,0,notfound,,,
1027867356313839,="0201006288",آلتوهلث تریفالا  60 عدد قرص فاران شیمی,ALTOHEALTH TRIPHALA  60 Tablet Faran Shimi,1,ok,16000,2024-06-16T09:26:11+03:30,
1028497502345926,,,,0,notfound,,,
1030722368249903,,,,0,notfound,,,
1032566536396172,,,,0,notfound,,,
1034326279304118,="0301005579",بالمیکس  20 گرم پماد موضعی توسن دارو,BALMIX  20 GR Topical Ointment Tosan Darou,1,ok,2000000,2026-06-07T15:09:47+03:30,
1036743473725597,="0201005643",هموبالانس  120 میلی لیتر شربت باریج اسانس,HEMOBALANCE  120 ML Syrup Barij Essence,1,ok,2200000,2026-07-14T18:28:47+03:30,
1037307848562561,,,,0,notfound,,,
1039336908241123,,,,0,notfound,,,
1042574953696056,,,,0,notfound,,,
1043370128955895,,,,0,notfound,,,
1044770418996107,="0200003353",امی ویتال گارلت  100 عدد قرص پوشش دار امین,AMIVITAL GARLET  100 S.C. Tablet Amin,1,ok,1700,2023-01-01T08:37:46+03:30,
1045170188381375,,,,0,notfound,,,
1045225472323179,="0201009412",روتفلور  10 عدد ساشه فرابیوتیک,REUTEFLOR  10 Sache Farabiotic,1,ok,130000,2025-09-09T08:35:28+03:30,
1046060832082641,,,,0,notfound,,,
1047583550753315,,,,0,notfound,,,
1048847738431566,,,,0,notfound,,,
1048973748634666,,,,0,notfound,,,
1049046878706670,,,,0,notfound,,,
1050119384644657,,,,0,notfound,,,
1051017363252346,,,,0,notfound,,,
1055284450341837,,,,0,notfound,,,
1055474014368893,,,,0,notfound,,,
1056335689734152,,,,0,notfound,,,
1058067011726337,="0200025428",کورکومین کارن  500 میلی گرم 30 عدد کپسول کارن,CURCUMIN KAREN  500 MG 30 Capsule Karen,1,ok,103333,2025-10-18T11:16:29+03:30,
1058356970247480,,,,0,notfound,,,
1062688369222809,,,,0,notfound,,,
1062955569028617,,,,0,notfound,,,
1066810127785638,,,,0,notfound,,,
1067068152412300,,,,0,notfound,,,
1069076262097135,,,,0,notfound,,,
1070148844362969,,,,0,notfound,,,
1073831883481918,,,,0,notfound,,,
1075264631070246,="0200014393",نوروژیک منتوله  50 میلی لیتر محلول برای اسپری گل دارو,MENTHOLATED NEUROGIC  50 ML Spray Solution Gol Darou,1,ok,7000000,2026-05-21T11:14:44+03:30,
1079166167088259,,,,0,notfound,,,
1079901082115574,="0200010791",فیتو آرتریت  30 عدد کپسول گل دارو,PHYTO ARTHRIT  30 Capsule Gol Darou,1,ok,170000,2026-05-21T11:18:13+03:30,
1081515121674213,,,,0,notfound,,,
1083447393210472,,,,0,notfound,,,
1085076480696337,,,,0,notfound,,,
1085643612749976,,,,0,notfound,,,
1085882283376209,="0300016968",نتونال  400 میلی گرم 30 عدد قرص باریج اسانس,NETONAL  400 MG 30 Tablet Barij Essence,1,ok,31666,2023-12-31T10:06:48+03:30,
1088653541714524,="0201008931",اکسیویتکس  30 عدد کپسول اکسیر گستر اسپادانا,EXIVITEX  30 Capsule Exir Gostar Espadana,1,ok,153333,2026-06-27T10:46:39+03:30,
1090071134911712,,,,0,notfound,,,
1092515340653175,,,,0,notfound,,,
1092778059004482,,,,0,notfound,,,
1097554545424490,="0301006123",موتا  90 عدد کپسول کی دارو,MOOTTA  90 Capsule Key Darou,1,ok,93000,2026-05-12T14:59:19+03:30,
1098112932239034,,,,0,notfound,,,
1098135816775780,,,,0,notfound,,,
1100810347680946,,,,0,notfound,,,
1102036996956962,,,,0,notfound,,,
1102844019240952,,,,0,notfound,,,
1104338145535111,,,,0,notfound,,,
1106560243967108,,,,0,notfound,,,
1109519707081641,,,,0,notfound,,,
1109847919594036,,,,0,notfound,,,
1110561844808155,,,,0,notfound,,,
1111267868310100,,,,0,notfound,,,
1111446951482679,,,,0,notfound,,,
1111756036853079,,,,0,notfound,,,
1114638958502410,="0201009275",کورکوما  60 عدد قرص سینا فرآور,CURCUMA  60 Tablet Sina Faravar,1,ok,64166,2025-08-06T11:18:37+03:30,
1118066472629367,,,,0,notfound,,,
1118143174671912,="0200025381",پسیلیوم توت فرنگی  7 عدد ساشه ایران داروک,PSYLLIUM STRAWBERRY  7 Sache Iran Darouk,1,ok,280000,2026-05-13T14:31:00+03:30,
1120024462413826,,,,0,notfound,,,
1120507753007037,,,,0,notfound,,,
1120893242047057,,,,0,notfound,,,
1125039127676475,,,,0,notfound,,,
1126221297213859,="0301007005",اکتیوا ولبینگ سیرکولیشن  30 عدد کپسول آهسته رهش رستا ایمن دارو,ACTIVA WELL BEING CIRCULATION  30 Sustained Release Capsule Rasta Imen Daroo,1,ok,128333,2024-08-21T09:58:06+03:30,
1128194184631633,,,,0,notfound,,,
1128663227821776,,,,0,notfound,,,
1130710277995033,,,,0,notfound,,,
1131070914511472,,,,0,notfound,,,
1131616175836479,,,,0,notfound,,,
1137245863074358,,,,0,notfound,,,
1137762958842769,,,,0,notfound,,,
1138353363403526,,,,0,notfound,,,
1138893764982674,,,,0,notfound,,,
1144229237000545,,,,0,notfound,,,
1144354624214013,,,,0,notfound,,,
1144698847591782,,,,0,notfound,,,
1145262017243223,,,,0,notfound,,,
1145335135202843,,,,0,notfound,,,
1147186287805832,,,,0,notfound,,,
1147764599233366,,,,0,notfound,,,
1151548278622908,,,,0,notfound,,,
1154244395981357,,,,0,notfound,,,
1154442144730593,,,,0,notfound,,,
1157756823908196,,,,0,notfound,,,
1158019047697029,,,,0,notfound,,,
1158227592730258,,,,0,notfound,,,
1158636834005044,,,,0,notfound,,,
1159115430088134,="0301006356",کلاستوشل  20 عدد کپسول گلوکال,COLLASTOSHELL  20 Capsule Glocal,1,ok,435000,2026-02-14T11:06:25+03:30,
1160571557104239,,,,0,notfound,,,
1160936462252164,,,,0,notfound,,,
1161224744712828,,,,0,notfound,,,
1161553020193873,,,,0,notfound,,,
1161895697554066,,,,0,notfound,,,
1162256629482741,,,,0,notfound,,,
1163787055661457,,,,0,notfound,,,
1163923322087343,,,,0,notfound,,,
1164142480900134,,,,0,notfound,,,
1167327360969498,="0301005947",بایوکل کیدز اف آر تی  150 میلی لیتر شربت بایوکل,BIOCOL KIDS FRT  150 ML Syrup Biocol,1,ok,1860000,2024-05-12T09:50:41+03:30,
1168333698365006,,,,0,notfound,,,
1168638782217393,="0200005549",ونوگل  30 گرم کرم موضعی گل دارو,VENOGOL  30 GR Topical Cream Gol Darou,1,ok,1600000,2026-04-30T12:18:55+03:30,
1174304929558013,,,,0,notfound,,,
1174735856844929,,,,0,notfound,,,
1177335922326211,,,,0,notfound,,,
1180779752260546,,,,0,notfound,,,
1182048119938722,,,,0,notfound,,,
1186155856300061,,,,0,notfound,,,
1186548086424095,,,,0,notfound,,,
1191399036195187,,,,0,notfound,,,
1191725439150541,="0301006622",کیدومک  145 میلی لیتر شربت خوارزمی,KIDOMACH  145 ML Syrup Kharazami,1,ok,890000,2025-08-07T08:38:46+03:30,
1192316859140892,,,,0,notfound,,,
1194666185137080,,,,0,notfound,,,
1195535141644789,,,,0,notfound,,,
1199635276613705,,,,0,notfound,,,
1200804922604758,,,,0,notfound,,,
1202959991627775,,,,0,notfound,,,
1204268970062829,,,,0,notfound,,,
1205048262849893,,,,0,notfound,,,
1205504639630155,,,,0,notfound,,,
1206292226373230,,,,0,notfound,,,
1210613630851132,,,,0,notfound,,,
1211906490201131,,,,0,notfound,,,
1213462762505297,,,,0,notfound,,,
1216198655098373,="0200024427",پایلکس  60 عدد قرص هیمالیا,PILEX  60 Tablet Himalaya,1,ok,26000,2024-10-17T10:22:25+03:30,
1218873049354431,,,,0,notfound,,,
1219036036233251,="0200025510",لیورفید نیو  300 میلی گرم 30 عدد کپسول بهار پایا,LIVERFEED NEW  300 MG 30 Capsule Bahar Paya,1,ok,61133,2026-04-19T12:41:22+03:30,
1219903590282692,,,,0,notfound,,,
1223345129175035,="0201009290",استروول  90 عدد کپسول,STROWELL  90 Capsule,1,ok,280000,2026-07-15T17:50:47+03:30,
1223633571694999,,,,0,notfound,,,
1227300591899457,,,,0,notfound,,,
1228058523815358,,,,0,notfound,,,
1229437861247234,,,,0,notfound,,,
1230958923584290,,,,0,notfound,,,
1232160258178448,,,,0,notfound,,,
1232480811779035,="0300018062",ماموگل  28 گرم کرم موضعی گل دارو,MAMOGOL  28 GR Topical Cream Gol Darou,1,ok,850000,2023-12-30T11:13:55+03:30,
1233154905897446,="0200021327",لاکس فول  30 عدد کپسول سبز دارو,LAXFULL  30 Capsule Sabzdaru,1,ok,68000,2026-05-04T09:42:11+03:30,
1234256236890701,,,,0,notfound,,,
1235628692192519,,,,0,notfound,,,
1236632489526665,,,,0,notfound,,,
1236681110920434,,,,0,notfound,,,
1239525472998094,="0301005987",کلدانیز  20 میلی لیتر اسپرى بینى نفس زیست فارمد,COLDANESE  20 ML Nasal Spray Nafas Pharmed,1,ok,3949000,2026-05-03T16:08:10+03:30,
1241637957584530,,,,0,notfound,,,
1241927712373920,,,,0,notfound,,,
1242606226724715,,,,0,notfound,,,
1244930758651239,,,,0,notfound,,,
1246596376340981,,,,0,notfound,,,
1246637491499177,,,,0,notfound,,,
1247185690334817,,,,0,notfound,,,
1248019495047999,,,,0,notfound,,,
1249216735441079,="0301008992",ایون اویل روغن گل مغربی  500 میلی گرم 30 عدد سافت ژل تهران دارو,EVEN OIL EVENING PRIMROSE  500 MG 30 Soft Gelatin Capsule Tehran Darou,1,ok,90000,2026-06-29T13:53:43+03:30,
1252337519830256,,,,0,notfound,,,
1253052946465074,="0201009232",افتر بیوتیک  10 عدد ساشه پارسی لاکت,AFTER BIOTIC  10 Sache Parsi Lact,1,ok,320000,2026-05-02T11:17:56+03:30,
1253091964039121,,,,0,notfound,,,
1255032180961472,,,,0,notfound,,,
1255214412969446,,,,0,notfound,,,
1256987355973954,,,,0,notfound,,,
1262249240387699,,,,0,notfound,,,
1264345181948484,,,,0,notfound,,,
1264461268493616,,,,0,notfound,,,
1265145087726039,="0201005556",اهورا منتورا  60 گرم ژل موضعی اهورا دارو,AHOURA MENTORA  60 Topical Gel Ahoura Darou,1,ok,3402000,2026-09-03T10:21:11+03:30,
1266331128590657,,,,0,notfound,,,
1266848094955431,,,,0,notfound,,,
1267566388714346,="0300016325",كربو بلوكر  500 میلی گرم 30 عدد کپسول نچرال ورلد,CARBO BLOCKER  500 MG 30 Capsule Natural World,1,ok,286966,2025-08-25T10:17:11+03:30,
1268837767246150,="0201009419",فمافلور  30 عدد کپسول فرابیوتیک,FEMAFLOR  30 Capsule Farabiotic,1,ok,53000,2025-09-09T09:02:18+03:30,
1269306757309681,,,,0,notfound,,,
1271281577825191,="0200019613",نوراگل  120 میلی لیتر شربت گل دارو,NEUROGOL  120 ML Syrup Gol Darou,1,ok,1560000,2024-12-24T11:17:11+03:30,
1271610280356308,="0201005622",سیراسیل جوینت فرمولا اکتیو  30 عدد کپسول آیریا نیک,SIERRASIL JOINT FORMULA ACTIVE  30 Capsule IRENIC,1,ok,40000,2024-02-27T11:59:33+03:30,
1272267064192234,,,,0,notfound,,,
1273840922575815,="0201009418",کام فلور  30 عدد کپسول فرابیوتیک,COMFLOR  30 Capsule Farabiotic,2,multi,33000,2025-09-09T08:59:23+03:30,0201009418;0301006285
1274185922976226,,,,0,notfound,,,
1274394942149134,="0200019274",پروکید پویا  10 عدد کپسول گسترش میلاد فارمد,PROKID POUYA  10 Capsule Gostaresh Milad Pharmed,1,ok,320000,2026-06-27T10:24:51+03:30,
1274981847822727,,,,0,notfound,,,
1276026912881963,,,,0,notfound,,,
1277600060922263,,,,0,notfound,,,
1279019557375375,="0300016325",كربو بلوكر  500 میلی گرم 30 عدد کپسول نچرال ورلد,CARBO BLOCKER  500 MG 30 Capsule Natural World,1,ok,286966,2025-08-25T10:17:11+03:30,
1280406750157160,,,,0,notfound,,,
1281909942695948,,,,0,notfound,,,
1282263238472792,="0200023293",زینگامان  120 میلی لیتر شربت سلامت گستر آرتیمان,ZINGAMAN  120 ML Syrup Salamat Gostar Artiman,1,ok,3000000,2026-06-09T10:02:45+03:30,
1282979992341542,="0200003034",جینکوگل  30 عدد قرص گل دارو,GINKOGOL  30 Tablet Gol Darou,1,ok,75000,2026-04-30T11:36:39+03:30,
1284025948006349,,,,0,notfound,,,
1285433375749222,,,,0,notfound,,,
1288135105362348,,,,0,notfound,,,
1289417123883819,,,,0,notfound,,,
1291408260372116,,,,0,notfound,,,
1291879945844154,,,,0,notfound,,,
1292962926766989,,,,0,notfound,,,
1293120525988562,,,,0,notfound,,,
1293280677071533,,,,0,notfound,,,
1293714164555776,="0201007181",دایجسترانگ  60 عدد قرص سینا فرآور,DIGESTRONG  60 Tablet Sina Faravar,1,ok,57833,2026-05-16T09:21:02+03:30,
1294234247110152,="0300017555",نازوفیت  20 میلی لیتر اسپرى بینى گل دارو,NASOPHYT  20 ML Nasal Spray Gol Darou,1,ok,2200000,2026-06-15T23:16:07+03:30,
1294905870094735,="0200003103",اکالیپتوس  60 میلی لیتر محلول استنشاقی گل دارو,EUCALYPTUS  60 ML Solution Inhalation Gol Darou,1,ok,1250000,2026-04-30T12:23:55+03:30,
1296619885514738,,,,0,notfound,,,
1297502021049728,="0301007009",پرونوتری ولبیینگ جوینت  30 عدد کپسول رستا ایمن دارو,PRONUTRI WELL BEING JOINT  30 Capsule Rasta Imen Daroo,1,ok,126666,2024-08-21T10:04:43+03:30,
1298340859784117,,,,0,notfound,,,
1298356554273843,,,,0,notfound,,,
1299070983121343,,,,0,notfound,,,
1299730682315905,,,,0,notfound,,,
1300327434320348,="0301006741",بایونا برن  30 عدد قرص نیچرز انلی,BIONA BURN  30 Tablet Natures Only,1,ok,468000,2026-04-15T09:23:10+03:30,
1302010967353719,,,,0,notfound,,,
1302981771769189,,,,0,notfound,,,
1303840941346583,,,,0,notfound,,,
1308204215646685,,,,0,notfound,,,
1308579981553659,,,,0,notfound,,,
1309879533983895,,,,0,notfound,,,
1311995536627629,="0201006541",بیلی - استاپ  15 میلی لیتر قطره خوراکى جهان فارمد,BILI - STOP  15 ML Oral Drop Jahan Pharmed,1,ok,4500000,2026-07-25T10:59:40+03:30,
1312562817154381,="0201009295",گوگاتریپ  100 عدد کپسول نیاک,GUGATRIP  100 Capsule Niak,1,ok,60000,2026-07-20T10:22:05+03:30,
1314187831919578,,,,0,notfound,,,
1314813937506334,="0201005588",آنتی ای جینگ لیوسل  30 عدد سافت ژل آدونیس کیش,ANTIAGING LIVOCEL  30 Soft Gelatin Capsule Adonis Kish,1,ok,190000,2026-07-11T14:15:45+03:30,
1317231782053011,,,,0,notfound,,,
1317457359042182,,,,0,notfound,,,
1319914821733853,="0300017407",فیتوگلوکزامین  30 گرم ژل موضعی گل دارو,PHYTOGLUCOSAMINE  30 GR Topical Gel Gol Darou,1,ok,1800000,2026-05-21T11:13:35+03:30,
1320605165802628,,,,0,notfound,,,
1321409853656209,,,,0,notfound,,,
1323534415280280,="0200023789",لینوفم آرایکس   قرص سونا طب پارسه,LEANOFEM RX   Tablet STP Pharma,1,ok,13266,2021-06-17T09:39:01+03:30,
1328549919704421,,,,0,notfound,,,
1329755775432308,="0200025380",پسیلیوم پرتقالی  7 عدد ساشه ایران داروک,PSYLLIUM ORANGE  7 Sache Iran Darouk,1,ok,280000,2026-05-13T14:31:17+03:30,
1330483118707597,,,,0,notfound,,,
1331026246905224,,,,0,notfound,,,
1331368039759508,,,,0,notfound,,,
1334724528125904,,,,0,notfound,,,
1335082076079185,,,,0,notfound,,,
1336519354885099,,,,0,notfound,,,
1336536941244884,,,,0,notfound,,,
1336998041124237,="0200024159",ویتالاکت  30 عدد قرص زیست تخمیر,VITALACT  30 Tablet Zist Takhmir,1,ok,180000,2026-05-23T08:18:41+03:30,
1340348135162492,="0200019282",پروسکور  30 عدد کپسول گل دارو,PROSCUR  30 Capsule Gol Darou,1,ok,180000,2026-06-15T23:26:27+03:30,
1342797440713297,="0201005644",برونکی کات  120 میلی لیتر شربت باریج اسانس,BRONCHICUT  120 ML Syrup Barij Essence,1,ok,700000,2024-02-29T10:05:56+03:30,
1343855401078787,,,,0,notfound,,,
1345609555234176,,,,0,notfound,,,
1348480034903353,,,,0,notfound,,,
1349927444788857,="0200023293",زینگامان  120 میلی لیتر شربت سلامت گستر آرتیمان,ZINGAMAN  120 ML Syrup Salamat Gostar Artiman,1,ok,3000000,2026-06-09T10:02:45+03:30,
1350459459524532,,,,0,notfound,,,
1350775870274346,,,,0,notfound,,,
1352962155576964,,,,0,notfound,,,
1354962563832396,,,,0,notfound,,,
1355833025508011,,,,0,notfound,,,
1357030393005498,,,,0,notfound,,,
1357500500797461,,,,0,notfound,,,
1357855627128279,,,,0,notfound,,,
1359651147850222,,,,0,notfound,,,
1359715261738102,,,,0,notfound,,,
1363200683298500,,,,0,notfound,,,
1363823371666947,,,,0,notfound,,,
1363844362862550,="0300016325",كربو بلوكر  500 میلی گرم 30 عدد کپسول نچرال ورلد,CARBO BLOCKER  500 MG 30 Capsule Natural World,1,ok,286966,2025-08-25T10:17:11+03:30,
1364118169389496,,,,0,notfound,,,
1370245798126954,,,,0,notfound,,,
1370252510177435,,,,0,notfound,,,
1372106266438438,,,,0,notfound,,,
1374100175266794,,,,0,notfound,,,
1377873928049975,,,,0,notfound,,,
1378807984726775,,,,0,notfound,,,
1379541419645868,="0200023572",زینلین  120 میلی لیتر شربت سلامت گستر آرتیمان,ZINLIN  120 ML Syrup Salamat Gostar Artiman,1,ok,2000000,2026-07-01T11:27:23+03:30,
1379963695416172,,,,0,notfound,,,
1380439314329057,="0201005715",پلیوم پلاس  120 میلی لیتر شربت بهشاد دارو,PELIOM PLUS  120 ML Syrup Behshad Darou,1,ok,3950000,2026-08-23T11:26:48+03:30,
1380595831304135,,,,0,notfound,,,
1381676913556065,,,,0,notfound,,,
1382369472524885,,,,0,notfound,,,
1383657955243356,,,,0,notfound,,,
1386958018873185,,,,0,notfound,,,
1387399248888314,,,,0,notfound,,,
1387414833618733,,,,0,notfound,,,
1387622725569646,,,,0,notfound,,,
1389523580902802,,,,0,notfound,,,
1389764789496504,,,,0,notfound,,,
1391419586332967,,,,0,notfound,,,
1393018090052864,="0301006403",ویت ایس  30 عدد کپسول گرین نیچر,VIT ACE  30 Capsule Green Nature,1,ok,360333,2026-06-28T08:55:27+03:30,
1393345074798877,,,,0,notfound,,,
1395027570413437,,,,0,notfound,,,
1396675314054252,="0300016324",اسلیم می  60 عدد کپسول نچرال ورلد,SLIM ME  60 Capsule Natural World,1,ok,216333,2026-08-02T09:30:39+03:30,
1400918286742195,,,,0,notfound,,,
1402045324935841,="0201009062",موسیلیوم فورت  تمشک 7 عدد ساشه ایران داروک,MUSYLIUM FORTE  RASPBERRY 7 Sache Iran Darouk,1,ok,550000,2026-06-16T08:53:40+03:30,
1402806168694214,,,,0,notfound,,,
1404256296370147,,,,0,notfound,,,
1405960674946549,,,,0,notfound,,,
1406186043091320,,,,0,notfound,,,
1408297130415730,,,,0,notfound,,,
1408413459133093,,,,0,notfound,,,
1408678856403409,,,,0,notfound,,,
1408881307714784,,,,0,notfound,,,
1413832317538038,,,,0,notfound,,,
1414249987611287,,,,0,notfound,,,
1419442490552385,,,,0,notfound,,,
1419595858047561,,,,0,notfound,,,
1420618241343966,="0301007008",اکتیوا ولبیینگ وومن  30 عدد کپسول رستا ایمن دارو,ACTIVA WELL BEING WOMAN  30 Capsule Rasta Imen Daroo,1,ok,146666,2024-08-21T10:03:02+03:30,
1422094749920534,,,,0,notfound,,,
1422443651435540,,,,0,notfound,,,
1423270847874320,,,,0,notfound,,,
1424366536450310,="0200021342",لیوروفیت  60 عدد قرص ایران داروک,LIVEROFIT  60 Tablet Iran Darouk,1,ok,85000,2026-06-03T11:56:22+03:30,
1424766855480750,,,,0,notfound,,,
1425852691357722,,,,0,notfound,,,
1426750432145745,,,,0,notfound,,,
1427380841359507,,,,0,notfound,,,
1428226776747697,="0201007069",پدی تکس  60 میلی لیتر شربت سبز دارو,PEDITEX  60 ML Syrup Sabzdaru,1,ok,480000,2025-02-13T11:58:38+03:30,
1432166019882979,,,,0,notfound,,,
1434494362627268,,,,0,notfound,,,
1434626236324760,,,,0,notfound,,,
1436974812320676,,,,0,notfound,,,
1437434418583373,,,,0,notfound,,,
1437671397207172,,,,0,notfound,,,
1441402252460717,,,,0,notfound,,,
1447445773179914,,,,0,notfound,,,
1451227742520810,,,,0,notfound,,,
1452960083478470,,,,0,notfound,,,
1454432773359774,="0200001939",گارسین  300 میلی گرم 30 عدد قرص گل دارو,GARCIN  300 MG 30 Tablet Gol Darou,1,ok,85000,2026-06-15T23:08:17+03:30,
1455001919883894,,,,0,notfound,,,
1455480127773890,,,,0,notfound,,,
1456062419544677,,,,0,notfound,,,
1459558025708418,,,,0,notfound,,,
1460901630412166,,,,0,notfound,,,
1462771969593070,,,,0,notfound,,,
1466475266187337,,,,0,notfound,,,
1469052017364530,,,,0,notfound,,,
1469547056583690,,,,0,notfound,,,
1469730521734590,="0200015829",یوموگی  20 عدد کپسول آیریا نیک,YOMOGI  20 Capsule IRENIC,1,ok,140000,2025-10-09T12:28:12+03:30,
1472219891592846,,,,0,notfound,,,
1472835829620451,,,,0,notfound,,,
1475033395532474,,,,0,notfound,,,
1475305232835494,,,,0,notfound,,,
1477048173367051,,,,0,notfound,,,
1479808047330790,,,,0,notfound,,,
1483950662378262,="0200003538",سنا - گراف  60 میلی لیتر شربت ایران داروک,SENA - GRAPH  60 ML Syrup Iran Darouk,1,ok,1430000,2026-01-15T08:49:18+03:30,
1484199440793940,="0301008779",پروپولیس  30 عدد کپسول امید پارسینا دماوند,PROPOLIS  30 Capsule OPD Pharma,1,ok,85000,2025-12-03T10:59:56+03:30,
1484607813558109,="0200010342",اسلیم کوئیک  30 عدد قرص گل دارو,SLIM QUICK  30 Tablet Gol Darou,1,ok,120000,2026-04-30T11:33:29+03:30,
1486524049212421,,,,0,notfound,,,
1488106302116265,,,,0,notfound,,,
1490357038964366,,,,0,notfound,,,
1491319258906216,,,,0,notfound,,,
1492397262741180,,,,0,notfound,,,
1494613863802807,,,,0,notfound,,,
1495094821104277,="0300024290",دایجستیو اید   60 عدد قرص روکشدار گلدن لایف,DIGESTIVE AID  60 F.C. Tablet Golden Life,1,ok,400000,2026-06-15T22:27:31+03:30,
1497843025748807,,,,0,notfound,,,
1497988785630212,="0300016911",فیبروگل  200 گرم پودر گل دارو,FIBROGOL  200 GR Powder Gol Darou,1,ok,2400000,2025-09-17T11:48:11+03:30,
1499275981774251,,,,0,notfound,,,
1499464379446264,,,,0,notfound,,,
1505469097624828,,,,0,notfound,,,
1508322451606425,="0301006400",سورناندین  30 عدد کپسول گرین نیچر,SORENANDIN  30 Capsule Green Nature,1,ok,590000,2026-06-28T08:44:59+03:30,
1508908921354217,="0301006744",کرنمد  30 عدد قرص نیچرز انلی,CRANMED  30 Tablet Natures Only,1,ok,331251,2026-08-17T11:08:51+03:30,
1510054626056651,,,,0,notfound,,,
1510195855624545,,,,0,notfound,,,
1510411493937221,="0301006123",موتا  90 عدد کپسول کی دارو,MOOTTA  90 Capsule Key Darou,1,ok,93000,2026-05-12T14:59:19+03:30,
1512853449868111,,,,0,notfound,,,
1518045221141909,,,,0,notfound,,,
1518404096045204,,,,0,notfound,,,
1519615146761935,,,,0,notfound,,,
1522038329928319,,,,0,notfound,,,
1525475674253623,,,,0,notfound,,,
1526462799068028,,,,0,notfound,,,
1526711879631403,,,,0,notfound,,,
1526903141536855,,,,0,notfound,,,
1527751525114839,,,,0,notfound,,,
1528858299408876,="0200023916",پین لیز  30 عدد قرص روکشدار گلدن لایف,PAINLYS  30 F.C. Tablet Golden Life,1,ok,257200,2026-05-26T10:50:45+03:30,
1529256745811910,,,,0,notfound,,,
1530506238104173,="0200014317",استراگل  30 میلی لیتر قطره خوراکى گل دارو,STRAGOL  30 ML Oral Drop Gol Darou,1,ok,2400000,2026-05-21T11:29:43+03:30,
1530543666401639,="0201008939",پی - برن  نعنا 20 عدد ساشه دینه,P-BRAN  SPEARMINT 20 Sache Dineh,1,ok,70000,2025-04-16T11:49:32+03:30,
1532132521742759,,,,0,notfound,,,
1533357349634843,,,,0,notfound,,,
1533661952973036,,,,0,notfound,,,
1533951296074056,,,,0,notfound,,,
1535458358739830,="0200019842",هماتوگل  250 میلی لیتر شربت گل دارو,HEMATOGOL  250 ML Syrup Gol Darou,1,ok,418000,2021-06-03T10:54:16+03:30,
1537520732854740,,,,0,notfound,,,
1539549642375531,,,,0,notfound,,,
1542415850104188,,,,0,notfound,,,
1542469221072241,,,,0,notfound,,,
1542636421866416,,,,0,notfound,,,
1545028330883391,,,,0,notfound,,,
1548031376310169,,,,0,notfound,,,
1551107230487306,,,,0,notfound,,,
1552825914671123,,,,0,notfound,,,
1553427156532330,,,,0,notfound,,,
1554645771154368,="0201005731",پی ام اس پوز  30 عدد کپسول بهتا دارو,PMS PAUSE  30 Capsule Behta Daru,1,ok,120000,2026-05-05T12:44:54+03:30,
1555381229418079,,,,0,notfound,,,
1555954745310720,,,,0,notfound,,,
1555980822325945,,,,0,notfound,,,
1557690718652865,="0200010340",لاژکس  50 گرم کرم موضعی باریج اسانس,LAGEX  50 GR Topical Cream Barij Essence,1,ok,1650000,2026-05-07T15:44:29+03:30,
1559278959855837,,,,0,notfound,,,
1561085864240380,,,,0,notfound,,,
1561455996636637,,,,0,notfound,,,
1561571745267857,="0201006081",جینگو بی.زد  30 عدد قرص دینه,GINGO B.Z  30 Tablet Dineh,1,ok,31500,2025-11-05T12:06:38+03:30,
1568321071112136,,,,0,notfound,,,
1568366879740369,="0200021348",کالیک  120 میلی لیتر شربت نو تک فار,CULIC  120 ML Syrup Know.Tech.Phar,1,ok,2400000,2026-07-11T17:01:12+03:30,
1568436987443515,,,,0,notfound,,,
1569062568563856,,,,0,notfound,,,
1569155629415688,,,,0,notfound,,,
1570403751318193,,,,0,notfound,,,
1574387907808213,,,,0,notfound,,,
1577348221069234,,,,0,notfound,,,
1577506259267926,,,,0,notfound,,,
1579358469932050,,,,0,notfound,,,
1579453686688767,,,,0,notfound,,,
1579534981427663,,,,0,notfound,,,
1582366780321587,,,,0,notfound,,,
1583215832964876,,,,0,notfound,,,
1583461533718253,,,,0,notfound,,,
1583534831909158,,,,0,notfound,,,
1586430598197642,,,,0,notfound,,,
1586878418257293,,,,0,notfound,,,
1587194058583373,,,,0,notfound,,,
1587554779354592,,,,0,notfound,,,
1588579832851394,="0200010787",فیتوتون  30 عدد کپسول گل دارو,PHYTOTON  30 Capsule Gol Darou,1,ok,34866,2024-10-17T09:37:50+03:30,
1589099658960543,,,,0,notfound,,,
1589258393801361,,,,0,notfound,,,
1589906994660301,,,,0,notfound,,,
1590942539667297,="0300018539",آرتروفید  300 میلی گرم 15 عدد کپسول بهار پایا,ARTHROFEED  300 MG 15 Capsule Bahar Paya,1,ok,186000,2026-05-24T13:57:51+03:30,
1592481921140112,,,,0,notfound,,,
1594271362494516,="0200023576",کیدی لاکت زینک  15 عدد ساشه زیست تخمیر,KIDILACT ZINC  15 Sache Zist Takhmir,1,ok,350000,2026-05-23T09:01:08+03:30,
1595148597790789,="0201007528",اشتهاآور کودکان باریج  120 میلی لیتر شربت باریج اسانس,BARIJ APPETIZER  120 ML Syrup Barij Essence,1,ok,2600000,2026-08-23T13:00:13+03:30,
1595557234164984,,,,0,notfound,,,
1597725966483007,,,,0,notfound,,,
1597925196501822,,,,0,notfound,,,
1598901481384019,="0200001077",پسیلیوم   7 عدد ساشه ایران داروک,PSYLLIUM  7 Sache Iran Darouk,1,ok,280000,2026-05-13T14:33:09+03:30,
1603389410487806,="0200021364",برونکوسپت  15 میلی لیتر اسپرى دهانی آرشام دارو آريا,BRONCHOSEPT  15 ML Buccal Spray Arsham Darou Aria,1,ok,312000,2024-12-26T09:58:56+03:30,
1603964677223327,,,,0,notfound,,,
1604062827024458,="0301007025",ردوکس ریاپت  120 میلی لیتر شربت رضا دارو,REDOX REAPPET  120 ML Syrup Reza Darou,1,ok,980000,2024-08-21T11:40:15+03:30,
1604987978011155,,,,0,notfound,,,
1605228776483810,,,,0,notfound,,,
1609073349626969,,,,0,notfound,,,
1609149426961043,,,,0,notfound,,,
1610009380221768,,,,0,notfound,,,
1610495066826904,,,,0,notfound,,,
1610952152951617,,,,0,notfound,,,
1611412410972930,="0200002338",رها  120 میلی لیتر محلول خوراکی گل دارو,RAHA  120 ML Oral Solution Gol Darou,1,ok,2500000,2026-04-30T12:25:04+03:30,
1612907137839812,,,,0,notfound,,,
1613423413052757,="0301006023",پی اسکلتون  300 میلی گرم 20 عدد کپسول دارو پژوهان پاسارگاد,PSCLETONE  300 MG 20 Capsule Darou Pazhohan Pasargad,1,ok,100000,2026-09-06T11:38:49+03:30,
1615891199592608,,,,0,notfound,,,
1618634920630571,,,,0,notfound,,,
1621646455302748,="0200002274",رزماری   30 گرم پماد گل دارو,ROSEMARY  30 GR Ointment Gol Darou,1,ok,2500000,2026-04-30T12:21:26+03:30,
1624190532145915,,,,0,notfound,,,
1627216233328782,,,,0,notfound,,,
1627541759653845,,,,0,notfound,,,
1628053140336128,="0200006821",رکتول  5 % 20 گرم پماد مقعدی خرمان,RECTOL  5 % 20 GR Rectal Ointment Khorraman,1,ok,7500000,2026-05-25T10:31:27+03:30,
1628795134132431,,,,0,notfound,,,
1635102675196804,,,,0,notfound,,,
1636489573787132,,,,0,notfound,,,
1636750627495461,,,,0,notfound,,,
1637351584978662,,,,0,notfound,,,
1638959613945789,="0300017964",جوينت پلاس  30 عدد کپسول کوشان فارمد,JOINT +  30 Capsule Koushan Pharmed,1,ok,297000,2026-09-21T12:54:17+03:30,
1639427814967229,,,,0,notfound,,,
1639931599250191,,,,0,notfound,,,
1639954319498174,,,,0,notfound,,,
1641622284267327,,,,0,notfound,,,
1642207524154432,="0201006343",لیور پاور  30 عدد کپسول قائم دارو,LIVER POWER  30 Capsule Ghaem Darou,1,ok,94000,2026-06-22T10:36:16+03:30,
1642738527597809,="0200022754",ونوویتال  30 گرم کرم موضعی دینه,VENOVITAL  30 GR Topical Cream Dineh,1,ok,610000,2026-03-10T08:47:49+03:30,
1642755669607555,,,,0,notfound,,,
1643774321778026,="0201005454",برونکویاس  120 میلی لیتر شربت آیلار طب یاس,BRONCHOYAS  120 ML Syrup Aylar Teb Yas,1,ok,300000,2024-01-06T10:00:16+03:30,
1645305560916739,,,,0,notfound,,,
1645554892047926,,,,0,notfound,,,
1647141142981442,,,,0,notfound,,,
1647276789836943,,,,0,notfound,,,
1647718783526560,,,,0,notfound,,,
1648569945169968,,,,0,notfound,,,
1649015533071490,,,,0,notfound,,,
1650878655192230,,,,0,notfound,,,
1651869582142583,,,,0,notfound,,,
1652112248768945,,,,0,notfound,,,
1653638038226383,,,,0,notfound,,,
1653787821455977,="0201005511",اموکیدز  بلوبری و توت فرنگی 150 میلی لیتر شربت دایونیکس فارما,EMOKIDS  BLUEBERRY AND STRAWBERRY 150 ML Syrup Dayonix Pharma,1,ok,4100000,2026-05-19T18:19:35+03:30,
1655092255056045,="0201005452",ایسیلک  21 عدد شیاف واژینال آیلار طب یاس,ESILK  21 Vaginal Suppository Aylar Teb Yas,1,ok,250000,2026-05-24T13:56:12+03:30,
1655545013673452,="0201007070",واژیتکس  7 عدد شیاف واژینال سبز دارو,VAGITEX  7 Vaginal Suppository Sabzdaru,1,ok,350000,2026-07-01T10:59:07+03:30,
1655725649974091,="0200023551",چای سبز فیتوزوم  600 میلی گرم 30 عدد کپسول سپید طب نیا,GREEN TEA PHYTOSOME  600 MG 30 Capsule Sepid Teb Nia,1,ok,39600,2024-03-18T11:27:19+03:30,
1659891644126081,,,,0,notfound,,,
1662067333367645,,,,0,notfound,,,
1664484333837679,="0200003015",سینامول  30 میلی لیتر قطره گل دارو,CINNAMOL  30 ML Drop Gol Darou,1,ok,900000,2025-04-30T09:43:02+03:30,
1665133782444472,="0200024905",آرترو ایز  30 عدد کپسول نچرال ورلد,ARTHRO EAZE  30 Capsule Natural World,1,ok,266666,2025-10-13T12:08:43+03:30,
1666645823119941,,,,0,notfound,,,
1668818557205615,,,,0,notfound,,,
1669571065838611,,,,0,notfound,,,
1669865846808069,,,,0,notfound,,,
1670443829828908,,,,0,notfound,,,
1671830690513584,,,,0,notfound,,,
1672302787295752,,,,0,notfound,,,
1675048521706941,="0301007141",بیولاکس  30 عدد کپسول سیمرغ داروی عطار,BIOLAX  30 Capsule Simorgh Darou Attar,1,ok,23766,2025-09-03T09:11:29+03:30,
1678370837885689,,,,0,notfound,,,
1679343638444657,="0301009402",ول گات د3  15 میلی لیتر قطره خوراکى زیست تخمیر,WELL GUT D3  15 ML Oral Drop Zist Takhmir,1,ok,1500000,2026-05-23T08:54:50+03:30,
1681449932720180,="0301006124",زینوگان  60 عدد کپسول کی دارو,ZINOGAN  60 Capsule Key Darou,1,ok,109500,2026-05-23T12:04:36+03:30,
1682450217824096,,,,0,notfound,,,
1683184364631287,,,,0,notfound,,,
1683234853675356,,,,0,notfound,,,
1684525392254582,,,,0,notfound,,,
1687324793663708,,,,0,notfound,,,
1688937790434516,,,,0,notfound,,,
1690296524902589,,,,0,notfound,,,
1692260494744257,,,,0,notfound,,,
1694715606654958,,,,0,notfound,,,
1697691098703155,="0301006975",آندروهیل  60 عدد قرص پی ام اس,ANDROHEAL  60 Tablet PMS,1,ok,100000,2026-06-15T22:46:03+03:30,
1700564195781786,,,,0,notfound,,,
1702603997320598,,,,0,notfound,,,
1703265746486140,="0201006539",اکالیپتوس  60 میلی لیتر محلول استنشاقی ایران داروک,EUCALYPTUS  60 ML Solution Inhalation Iran Darouk,1,ok,700000,2024-12-24T11:30:03+03:30,
1704084133379797,,,,0,notfound,,,
1707266324780355,,,,0,notfound,,,
1707943011729244,,,,0,notfound,,,
1708248276682357,,,,0,notfound,,,
1708416675663781,,,,0,notfound,,,
1708761332267184,,,,0,notfound,,,
1709478610922536,="0200014834",اولیوین  250 میلی گرم 100 عدد قرص باریج اسانس,OLIVIN  250 MG 100 Tablet Barij Essence,1,ok,17100,2026-08-23T13:32:13+03:30,
1717212121603195,,,,0,notfound,,,
1718508693792799,="0200002503",لیورگل  140 میلی گرم 30 عدد قرص گل دارو,LIVERGOL  140 MG 30 Tablet Gol Darou,1,ok,120000,2026-04-30T11:44:55+03:30,
1718683077908086,="0300015842",دایجستیو اید   30 عدد قرص نچرال ورلد,DIGESTIVE AID  30 Tablet Natural World,1,ok,195866,2026-08-02T09:31:14+03:30,
1719526893555274,,,,0,notfound,,,
1722267359506789,,,,0,notfound,,,
1723137989223434,,,,0,notfound,,,
1723296245224170,,,,0,notfound,,,
1723369854868028,="0201009339",هرپسیم  10 گرم کرم سیمرغ داروی عطار,HERPESIM  10 GR Cream Simorgh Darou Attar,1,ok,1777000,2026-07-05T17:04:41+03:30,
1725451884418442,="0201005628",روغن سیاهدانه باریج  1000 میلی گرم 30 عدد سافت ژل باریج اسانس,BARIJ BLACK SEED OIL  1000 MG 30 Soft Gelatin Capsule Barij Essence,1,ok,95000,2026-05-10T19:43:14+03:30,
1725977145879558,,,,0,notfound,,,
1727013244160427,,,,0,notfound,,,
1728050689685700,="0301006467",آووجوینت  15 عدد کپسول ایران داروک,AVOGOINT  15 Capsule Iran Darouk,1,ok,70000,2025-01-26T09:42:02+03:30,
1728531454644570,="0200014392",اودوراتا  120 میلی لیتر شربت گل دارو,ODORATA  120 ML Syrup Gol Darou,1,ok,858000,2025-02-27T11:54:53+03:30,
1728894011248845,,,,0,notfound,,,
1733677344367486,,,,0,notfound,,,
1734500446278336,,,,0,notfound,,,
1737323675465696,,,,0,notfound,,,
1738880257913507,="0201007164",سیموسپان  120 میلی لیتر شربت سیمرغ داروی عطار,SIMOSPAN  120 ML Syrup Simorgh Darou Attar,1,ok,2110000,2026-03-05T20:05:52+03:30,
1739665339167724,,,,0,notfound,,,
1740657846792882,,,,0,notfound,,,
1741132131575263,,,,0,notfound,,,
1743100182308725,,,,0,notfound,,,
1745000530256696,,,,0,notfound,,,
1745630799763578,,,,0,notfound,,,
1753542168151031,,,,0,notfound,,,
1753869251028679,="0200022282",فیتوپان  140 میلی لیتر شربت ایران داروک,PHYTOPAN  140 ML Syrup Iran Darouk,1,ok,1100000,2025-02-20T09:30:30+03:30,
1755518798780288,="0200022936",انرژکس  30 عدد قرص روکشدار گلدن لایف,ENERGE-X  30 F.C. Tablet Golden Life,1,ok,400000,2026-06-15T22:27:49+03:30,
1756205820690922,,,,0,notfound,,,
1758953817169019,,,,0,notfound,,,
1760841491844989,,,,0,notfound,,,
1762333447764648,="0301007522",کلپریبس  20 عدد کپسول زیست تخمیر,COLPERIBS  20 Capsule Zist Takhmir,1,ok,140000,2026-05-23T08:25:34+03:30,
1764782658528415,,,,0,notfound,,,
1766576838832547,,,,0,notfound,,,
1766704858810046,="0200001323",پرسیکا  30 میلی لیتر قطره پورسینا,PERSICA  30 ML Drop Pursina,1,ok,900000,2026-05-24T09:58:03+03:30,
1766778717583684,,,,0,notfound,,,
1768801713836145,,,,0,notfound,,,
1772309924747395,,,,0,notfound,,,
1775155847467997,,,,0,notfound,,,
1775506797902746,="0201005728",لیبیدوفم  30 عدد کپسول بهتا دارو,LIBIDOFEM  30 Capsule Behta Daru,1,ok,160000,2026-05-25T11:49:00+03:30,
1776414589075017,,,,0,notfound,,,
1776674167768817,,,,0,notfound,,,
1776926230561233,,,,0,notfound,,,
1778643489844464,,,,0,notfound,,,
1779099330168556,="0201009058",گامومکس  30 گرم ژل دهانی هرباویوا,GUMOMAX  30 GR Buccal Gel HerbaViva,1,ok,1500000,2026-06-15T23:31:36+03:30,
1780305290020569,,,,0,notfound,,,
1780944636541713,,,,0,notfound,,,
1781867972630818,,,,0,notfound,,,
1782524695755424,,,,0,notfound,,,
1783748745686919,,,,0,notfound,,,
1786319577441024,,,,0,notfound,,,
1788781188864442,,,,0,notfound,,,
1789497929609934,,,,0,notfound,,,
1791440180809665,,,,0,notfound,,,
1793368736208243,,,,0,notfound,,,
1797125877839356,,,,0,notfound,,,
1799340851948878,,,,0,notfound,,,
1801518037905034,,,,0,notfound,,,
1801953013567311,,,,0,notfound,,,
1802058673741442,,,,0,notfound,,,
1802180935497166,,,,0,notfound,,,
1803199059054906,,,,0,notfound,,,
1804014979963606,,,,0,notfound,,,
1809541830114728,="0201009270",تن لس  60 عدد کپسول سلامت گستر آرتیمان,TAN LESS  60 Capsule Salamat Gostar Artiman,1,ok,57000,2026-06-09T10:09:05+03:30,
1809649961780679,,,,0,notfound,,,
1810838701384724,="0200020975",لیورهلث جی 140  30 عدد کپسول سبز دارو,LIVERHEALTH G 140  30 Capsule Sabzdaru,1,ok,48000,2026-07-01T10:46:44+03:30,
1813607290790162,,,,0,notfound,,,
1813908216597094,,,,0,notfound,,,
1815389518697867,,,,0,notfound,,,
1816071164414015,,,,0,notfound,,,
1816486781690405,="0201005737",ایمونوبری بی دی آ  120 میلی لیتر شربت بهتا دارو,IMMUNOBERRY BDA  120 ML Syrup Behta Daru,1,ok,2500000,2026-05-25T12:19:51+03:30,
1819512326163248,,,,0,notfound,,,
1821448813254087,,,,0,notfound,,,
1821694212103753,,,,0,notfound,,,
1821721524019640,,,,0,notfound,,,
1824163777828848,="0300024852",کالم انرژی  30 عدد کپسول نچرال ورلد,CALM ENERGY  30 Capsule Natural World,1,ok,218633,2026-09-19T10:35:43+03:30,
1825436576131860,,,,0,notfound,,,
1825841876564850,,,,0,notfound,,,
1825998572297230,,,,0,notfound,,,
1827819816287033,,,,0,notfound,,,
1828551129771158,,,,0,notfound,,,
1828760244903108,="0200001937",توسیان  120 میلی لیتر شربت گل دارو,TUSSIAN  120 ML Syrup Gol Darou,1,ok,2200000,2026-04-30T12:29:25+03:30,
1829340923905051,,,,0,notfound,,,
1830042637124996,,,,0,notfound,,,
1831194924697844,="0200014257",هیرسوتان  30 گرم کرم موضعی گل دارو,HIRSUTAN  30 GR Topical Cream Gol Darou,1,ok,260000,2023-12-30T11:27:31+03:30,
1832712913287407,,,,0,notfound,,,
1833030892115104,,,,0,notfound,,,
1833906877906064,,,,0,notfound,,,
1837822172581318,,,,0,notfound,,,
1841044673064508,,,,0,notfound,,,
1847261944799065,,,,0,notfound,,,
1849033862299972,="0200010369",پروسپان  100 میلی لیتر شربت بهستان بهداشت,PROSPAN  100 ML Syrup Behestan Behdasht,1,ok,4500000,2026-08-02T09:08:10+03:30,
1849532329395204,,,,0,notfound,,,
1849785710622410,,,,0,notfound,,,
1850238642347963,,,,0,notfound,,,
1851623211528382,,,,0,notfound,,,
1851738575258377,,,,0,notfound,,,
1851950050987056,,,,0,notfound,,,
1857044660468138,,,,0,notfound,,,
1857250618695132,,,,0,notfound,,,
1857514174941065,,,,0,notfound,,,
1858398466532093,,,,0,notfound,,,
1858507511741686,="0201006639",آلو لاکسا پرون  120 میلی لیتر شربت کیمیاگر,PLUM LAXA PRON  120 ML Syrup Kimiagar,1,ok,1950000,2026-05-24T14:04:26+03:30,
1858593018554475,,,,0,notfound,,,
1859038486649710,,,,0,notfound,,,
1859591276560086,,,,0,notfound,,,
1861534710890409,,,,0,notfound,,,
1861909545840445,,,,0,notfound,,,
1863445867348748,,,,0,notfound,,,
1867604666611661,,,,0,notfound,,,
1870171322245084,,,,0,notfound,,,
1873143343954264,="0201009332",بنفشه  60 میلی لیتر شربت اکسیر آفرین آریا,BANAFSHEH  60 ML Syrup Exir Afarin Arya,1,ok,1000000,2025-12-04T10:07:48+03:30,
1873629288599387,,,,0,notfound,,,
1874975555596893,,,,0,notfound,,,
1877614284144477,,,,0,notfound,,,
1878919373939227,,,,0,notfound,,,
1878953929017253,="0201005554",کالندوفیکس  15 گرم پماد موضعی اهورا دارو,CALENDOFIX  15 GR Topical Ointment Ahoura Darou,1,ok,360000,2024-01-18T11:51:28+03:30,
1881364249680497,,,,0,notfound,,,
1881503384442309,,,,0,notfound,,,
1881728978975072,,,,0,notfound,,,
1882754358121210,="0301009404",ول گات وان  15 میلی لیتر قطره خوراکى زیست تخمیر,WELL GUT ONE  15 ML Oral Drop Zist Takhmir,1,ok,2200000,2026-05-23T08:53:49+03:30,
1885985692901040,="0200020190",رکولیک  120 میلی لیتر شربت نو تک فار,RECOLIC  120 ML Syrup Know.Tech.Phar,1,ok,2000000,2026-05-24T14:05:56+03:30,
1887540357999345,,,,0,notfound,,,
1888289310791969,,,,0,notfound,,,
1888630089511799,,,,0,notfound,,,
1889416651600313,,,,0,notfound,,,
1889641050897294,,,,0,notfound,,,
1890549585393078,="0301005790",ای بی - سیسکر  30 عدد کپسول آنوشا,AB - CYSCARE  30 Capsule Anosha,1,ok,53400,2024-04-20T11:46:42+03:30,
1890671043421813,,,,0,notfound,,,
1892273375347389,,,,0,notfound,,,
1892487180054521,,,,0,notfound,,,
1892820872687752,,,,0,notfound,,,
1893623937535512,,,,0,notfound,,,
1893867839695654,,,,0,notfound,,,
1894598931108292,,,,0,notfound,,,
1895254547866535,,,,0,notfound,,,
1895402818855729,,,,0,notfound,,,
1895637775795026,,,,0,notfound,,,
1896904766724003,="0201005710",تاش کاف  120 میلی لیتر شربت بنیان کسری سرشت سلامت,TASH COUGH  120 ML Syrup Bonyan Kasra Seresht Salamat,1,ok,1250000,2026-05-12T10:26:52+03:30,
1898181344873167,,,,0,notfound,,,
1899562670391785,,,,0,notfound,,,
1900544142477687,="0200024682",هيمپلازيا  60 عدد قرص هیمالیا,HIMPLASIA  60 Tablet Himalaya,1,ok,25883,2024-10-17T10:24:10+03:30,
1901866260311768,,,,0,notfound,,,
1901952570030760,,,,0,notfound,,,
1903409724316216,="0200019167",ابسی لس  400 میلی گرم 30 عدد کپسول گیاه اسانس,OBESILESS  400 MG 30 Capsule Giah Essence,1,ok,58333,2026-05-13T15:08:02+03:30,
1903525881569258,,,,0,notfound,,,
1903530487897269,="0200019842",هماتوگل  250 میلی لیتر شربت گل دارو,HEMATOGOL  250 ML Syrup Gol Darou,1,ok,418000,2021-06-03T10:54:16+03:30,
1904653130057004,,,,0,notfound,,,
1906236920202964,,,,0,notfound,,,
1906584916236508,,,,0,notfound,,,
1907658228958749,,,,0,notfound,,,
1909568146707720,,,,0,notfound,,,
1909827168941995,,,,0,notfound,,,
1913399756015369,,,,0,notfound,,,
1914083218014853,="0201005620",تستوبوست  60 عدد کپسول آیریا نیک,TESTOBOOST  60 Capsule IRENIC,1,ok,30000,2024-02-27T11:44:11+03:30,
1914226646018049,,,,0,notfound,,,
1914442992777157,,,,0,notfound,,,
1914518989327538,,,,0,notfound,,,
1915028483333319,,,,0,notfound,,,
1916294160727964,,,,0,notfound,,,
1918092067220497,,,,0,notfound,,,
1919589589837913,,,,0,notfound,,,
1920494909741632,,,,0,notfound,,,
1920833814497424,,,,0,notfound,,,
1921113458111910,,,,0,notfound,,,
1921551680436738,,,,0,notfound,,,
1921992880372703,,,,0,notfound,,,
1922044764579707,,,,0,notfound,,,
1922228767414712,="0301006944",اپتایت  150 میلی لیتر شربت پدیا بست,APPETITE  150 ML Syrup Pedia Best,1,ok,4311000,2026-05-11T11:18:06+03:30,
1922425773935715,="0201005627",پرولیو باریج  275 میلی گرم 30 عدد کپسول باریج اسانس,PROLIV BARIJ  275 MG 30 Capsule Barij Essence,1,ok,100000,2026-07-14T18:38:29+03:30,
1922828582042872,,,,0,notfound,,,
1923308989235229,="0200002264",ایموستیم اکی هرب  30 عدد قرص گل دارو,IMMUSTIM ECHIHERB  30 Tablet Gol Darou,1,ok,80000,2026-06-15T23:23:45+03:30,
1925443089709322,,,,0,notfound,,,
1925713890740278,="0200021348",کالیک  120 میلی لیتر شربت نو تک فار,CULIC  120 ML Syrup Know.Tech.Phar,1,ok,2400000,2026-07-11T17:01:12+03:30,
1926273134158095,,,,0,notfound,,,
1926979464037767,="0301007009",پرونوتری ولبیینگ جوینت  30 عدد کپسول رستا ایمن دارو,PRONUTRI WELL BEING JOINT  30 Capsule Rasta Imen Daroo,1,ok,126666,2024-08-21T10:04:43+03:30,
1927456680167969,,,,0,notfound,,,
1929512970688818,,,,0,notfound,,,
1930244677837844,,,,0,notfound,,,
1930937369599843,="0200023846",دایاستاپ  140 میلی لیتر شربت ایران داروک,DIASTOP  140 ML Syrup Iran Darouk,1,ok,340000,2024-07-11T11:16:44+03:30,
1933092998669197,,,,0,notfound,,,
1933432721353035,,,,0,notfound,,,
1933827936352468,,,,0,notfound,,,
1934494820011498,="0200005548",گاسترین  30 عدد قرص گل دارو,GASTERIN  30 Tablet Gol Darou,1,ok,30000,2024-12-24T11:22:32+03:30,
1934497153271522,,,,0,notfound,,,
1934924855311255,,,,0,notfound,,,
1937683871987368,,,,0,notfound,,,
1938359883140660,,,,0,notfound,,,
1939673651344062,,,,0,notfound,,,
1941391814703983,,,,0,notfound,,,
1941811773693769,,,,0,notfound,,,
1943005959044729,,,,0,notfound,,,
1943927097604645,,,,0,notfound,,,
1945395117248441,,,,0,notfound,,,
1949161153489002,,,,0,notfound,,,
1950912296325160,,,,0,notfound,,,
1951527955435406,,,,0,notfound,,,
1952819272297996,,,,0,notfound,,,
1953108527957263,,,,0,notfound,,,
1954861947171052,="0200009978",تیشوک  30 عدد کپسول گل دارو,TICHOKE  30 Capsule Gol Darou,1,ok,26320,2023-12-30T10:19:16+03:30,
1954974083294812,="0200022718",هربو فیبر  30 عدد قرص جویدنى سپید طب نیا,HERBO FIBER  30 Chewablet Tablet Sepid Teb Nia,1,ok,52166,2024-03-18T10:54:19+03:30,
1956100981656567,,,,0,notfound,,,
1957623881648391,,,,0,notfound,,,
1958154824404793,,,,0,notfound,,,
1958495980319646,,,,0,notfound,,,
1961026643021886,="0201007075",جینسینگ  25 عدد ساشه سمانیک,GINSENG  25 Sache Samanik,1,ok,550000,2026-07-04T09:39:17+03:30,
1963119746592605,="0201006084",سی لاکس پلاس  30 عدد کپسول دینه,C LAX PLUS  30 Capsule Dineh,1,ok,75000,2026-04-16T10:20:56+03:30,
1963475347952690,,,,0,notfound,,,
1964179135284918,,,,0,notfound,,,
1964762062116867,,,,0,notfound,,,
1969341629415756,,,,0,notfound,,,
1969576094763733,,,,0,notfound,,,
1971993886541520,,,,0,notfound,,,
1974885615769989,,,,0,notfound,,,
1975285497786508,,,,0,notfound,,,
1975329673228339,,,,0,notfound,,,
1975342940033306,,,,0,notfound,,,
1975616778659034,="0200024426",اسپیمن دی اس  120 عدد قرص هیمالیا,SPEMAN DS  120 Tablet Himalaya,1,ok,31450,2025-01-27T12:50:12+03:30,
1975999832601866,,,,0,notfound,,,
1976663298239863,,,,0,notfound,,,
1978666791515094,="0201005592",پیازیتون  300 میلی گرم 15 عدد کپسول آرمان زیست فارمد,PIAZITONE  300 MG 15 Capsule Arman Zist Pharmed,1,ok,120000,2026-04-15T10:46:36+03:30,
1981640319665588,,,,0,notfound,,,
1981786829649242,,,,0,notfound,,,
1981903897205164,,,,0,notfound,,,
1982388623317029,,,,0,notfound,,,
1983166048825207,,,,0,notfound,,,
1983715863112487,,,,0,notfound,,,
1985239998329020,,,,0,notfound,,,
1985407468437436,,,,0,notfound,,,
1985728318634318,="0200024198",آوودین  32 عدد کپسول هولیستیکا,AVODIN  32 Capsule Holistica,1,ok,200000,2026-06-27T09:31:40+03:30,
1986571237895040,,,,0,notfound,,,
1988076868914936,,,,0,notfound,,,
1993618487033686,="0200000187",سی - لاکس  25 عدد قرص دینه,C - LAX  25 Tablet Dineh,1,ok,80000,2026-06-01T08:55:56+03:30,
1994856391148553,="0200020191",رکوبیزول  20 گرم پماد موضعی نو تک فار,RECUBIZUL  20 GR Topical Ointment Know.Tech.Phar,1,ok,1600000,2026-07-04T09:46:39+03:30,
1997662258611340,,,,0,notfound,,,
1998207875314721,,,,0,notfound,,,
1999812021659471,,,,0,notfound,,,
1999838389896058,,,,0,notfound,,,
2001930533156813,,,,0,notfound,,,
2002862643885142,="0200001772",ملیسان  5 گرم ژل موضعی گل دارو,MELISSAN  5 GR Topical Gel Gol Darou,1,ok,1200000,2026-05-21T11:00:12+03:30,
2002933934721129,,,,0,notfound,,,
2004019567406843,,,,0,notfound,,,
2005038238077835,,,,0,notfound,,,
2006744545008880,="0301007418",پیاسکومین پلاس  30 عدد کپسول ویتاول,PIASCOMIN PLUS  30 Capsule Vitawell,1,ok,130000,2026-06-15T22:50:28+03:30,
2007665060692314,="0201007507",پپونن زد بی  30 میلی لیتر قطره خوراکى زردبند,PEPONEN ZB  30 ML Oral Drop Zard Band,1,ok,4000000,2026-08-24T11:08:51+03:30,
2008850966589823,,,,0,notfound,,,
2012064393612068,,,,0,notfound,,,
2012901999318263,,,,0,notfound,,,
2013031989240677,,,,0,notfound,,,
2013958852072094,="0200010348",کاپسیدین  30 گرم کرم موضعی دینه,CAPSIDIN  30 GR Topical Cream Dineh,1,ok,1000000,2025-12-04T09:46:44+03:30,
2014212958164551,,,,0,notfound,,,
2014309126106989,,,,0,notfound,,,
2014361211700440,,,,0,notfound,,,
2014843042301756,,,,0,notfound,,,
2015024665387158,,,,0,notfound,,,
2015552797791257,="0201005583",انرژکس  60 عدد قرص گلدن لایف,ENERGE-X  60 Tablet Golden Life,1,ok,400000,2026-06-15T22:28:34+03:30,
2016568111227681,="0301007142",پسیلیوم اس دی ای  7 عدد ساشه سیمرغ داروی عطار,PSYLLIUM SDA  7 Sache Simorgh Darou Attar,1,ok,195714,2025-11-15T12:01:34+03:30,
2017755245725193,,,,0,notfound,,,
2018932736566737,,,,0,notfound,,,
2019063891130338,,,,0,notfound,,,
2019455994656807,,,,0,notfound,,,
2019813659419211,,,,0,notfound,,,
2022328420305628,,,,0,notfound,,,
2025580638389823,,,,0,notfound,,,
2026025413575286,,,,0,notfound,,,
2026692594063895,="0200010348",کاپسیدین  30 گرم کرم موضعی دینه,CAPSIDIN  30 GR Topical Cream Dineh,1,ok,1000000,2025-12-04T09:46:44+03:30,
2028548463519018,,,,0,notfound,,,
2030472110969717,,,,0,notfound,,,
2032811882851696,,,,0,notfound,,,
2034952985659650,="0201009409",روتفلور  5 میلی لیتر قطره خوراکى فرابیوتیک,REUTEFLOR  5 ML Oral Drop Farabiotic,1,ok,950000,2026-07-28T09:31:39+03:30,
2035765289341560,,,,0,notfound,,,
2037671953037105,,,,0,notfound,,,
2037849943639198,,,,0,notfound,,,
2041044166140287,,,,0,notfound,,,
2041155262161170,="0200019867",گل اسلیپ  30 عدد کپسول گل دارو,GOL-SLEEP  30 Capsule Gol Darou,1,ok,18666,2023-12-30T11:56:56+03:30,
2041957370048229,,,,0,notfound,,,
2042711730618769,,,,0,notfound,,,
2043636449600984,,,,0,notfound,,,
2047301264962870,,,,0,notfound,,,
2047631087687251,,,,0,notfound,,,
2047695161788692,="0300018809",لین پلاس  30 عدد کپسول وانا دارو گستر,LEAN +  30 Capsule Vana Darou Gostar,1,ok,53333,2021-07-05T10:51:29+03:30,
2049601680927370,,,,0,notfound,,,
2049618989186730,="0201009227",آرتابایوتیک سیفتی  30 عدد کپسول بهیان طب آرتا,ARTABIOTIC SAFETY  30 Capsule Behyan Teb Arta,1,ok,83333,2025-07-14T10:26:24+03:30,
2055416612985621,,,,0,notfound,,,
2057065017649673,,,,0,notfound,,,
2057907311340885,,,,0,notfound,,,
2058944853209116,,,,0,notfound,,,
2058989950250310,,,,0,notfound,,,
2059338591072594,="0200014317",استراگل  30 میلی لیتر قطره خوراکى گل دارو,STRAGOL  30 ML Oral Drop Gol Darou,1,ok,2400000,2026-05-21T11:29:43+03:30,
2060096380214415,="0200019763",دابل بول  30 عدد قرص نیچرز انلی,DOUBLE BULL  30 Tablet Natures Only,1,ok,593766,2026-04-15T08:21:27+03:30,
2064002187877145,,,,0,notfound,,,
2067675324765255,="0201006516",رومالایا فورت  60 عدد قرص هیمالیا,RUMALAYA FORT  60 Tablet Himalaya,1,ok,50000,2026-08-31T11:51:52+03:30,
2067826913516442,="0300025275",امی ویتال استیل منس  30 عدد سافت ژل امین,AMIVITAL STILMENS  30 Soft Gelatin Capsule Amin,1,ok,14200,2021-06-30T11:29:05+03:30,
2069010839458674,,,,0,notfound,,,
2071568444855225,,,,0,notfound,,,
2072228622717299,="0200022326",زینگاویش  120 میلی لیتر شربت سلامت گستر آرتیمان,ZINGAVISH  120 ML Syrup Salamat Gostar Artiman,1,ok,2300000,2026-06-09T10:00:27+03:30,
2073200693640470,="0301008712",فارویتام بیتروت  30 عدد قرص فاخر,FARVITAM BEETROOT  30 Tablet Fakher,1,ok,90000,2026-05-10T19:44:47+03:30,
2073684686349952,,,,0,notfound,,,
2075192284467911,,,,0,notfound,,,
2075368550206018,,,,0,notfound,,,
2075535845474071,,,,0,notfound,,,
2077784987465904,,,,0,notfound,,,
2078947125258444,,,,0,notfound,,,
2080116047563578,,,,0,notfound,,,
2080612886294232,,,,0,notfound,,,
2083639689512541,,,,0,notfound,,,
2085870442535805,,,,0,notfound,,,
2086268721392926,,,,0,notfound,,,
2088575757228870,,,,0,notfound,,,
2090037612104803,,,,0,notfound,,,
2092177778581539,,,,0,notfound,,,
2098688316648476,,,,0,notfound,,,
2099346358938874,,,,0,notfound,,,
2099860632614095,,,,0,notfound,,,
2101125358165261,,,,0,notfound,,,
2101630212749769,,,,0,notfound,,,
2101700388164797,,,,0,notfound,,,
2103039610084393,,,,0,notfound,,,
2104724082565538,,,,0,notfound,,,
2106212581814095,,,,0,notfound,,,
2106283677786417,="0200001684",سوپرمینت  15 میلی لیتر قطره خوراکى باریج اسانس,SUPERMINT  15 ML Oral Drop Barij Essence,1,ok,900000,2026-07-14T18:12:28+03:30,
2107059830502935,="0201008670",سیموچیلدرن کلد  120 میلی لیتر شربت سیمرغ داروی عطار,SIMO CHILDREN COLD  120 ML Syrup Simorgh Darou Attar,1,ok,1560000,2026-01-19T12:21:18+03:30,
2107490141004583,,,,0,notfound,,,
2109865123393989,,,,0,notfound,,,
2111015920110058,,,,0,notfound,,,
2111928884061496,="0301006920",سوپرازورب کورکومین  20 عدد قرص جوشان امید بهبود,SUPRASORB CURCUMIN  20 Effervescent Tablet Omid Behboud,1,ok,300000,2026-07-11T13:37:26+03:30,
2113141841850379,,,,0,notfound,,,
2113712849825982,,,,0,notfound,,,
2113797846507967,,,,0,notfound,,,
2114654294703984,="0201007154",سیمواسترس  30 عدد قرص سیمرغ داروی عطار,SIMOSTRESS  30 Tablet Simorgh Darou Attar,1,ok,108300,2026-04-20T17:40:18+03:30,
2114768822897654,="0201005707",کامی کاف  100 میلی لیتر شربت بنیان کسری سرشت سلامت,CAMI COUGH  100 ML Syrup Bonyan Kasra Seresht Salamat,1,ok,1250000,2026-05-12T10:21:49+03:30,
2115196731383198,="0300016325",كربو بلوكر  500 میلی گرم 30 عدد کپسول نچرال ورلد,CARBO BLOCKER  500 MG 30 Capsule Natural World,1,ok,286966,2025-08-25T10:17:11+03:30,
2115251351654356,="0301006945",اسلیپ  150 میلی لیتر شربت پدیا بست,SLEEP  150 ML Syrup Pedia Best,1,ok,4264000,2026-05-11T11:18:31+03:30,
2117820871435128,="0201009387",سیموپین  60 گرم کرم موضعی سیمرغ داروی عطار,SIMOPAIN  60 GR Topical Cream Simorgh Darou Attar,1,ok,2253000,2026-06-27T12:31:28+03:30,
2119146837910505,,,,0,notfound,,,
2119637068412088,,,,0,notfound,,,
2120288266364755,,,,0,notfound,,,
2120714778968162,="0200022747",لاکتوفم  500 میلی گرم 30 عدد کپسول زیست تخمیر,LACTOFEM  500 MG 30 Capsule Zist Takhmir,1,ok,300000,2026-05-23T08:39:43+03:30,
2122401217337844,="0301007263",بروزایم پلاس  30 عدد کپسول تچرا فارمد,BROZYME PLUS  30 Capsule Techra Pharmed,1,ok,90000,2024-09-18T09:21:56+03:30,
2123344464691809,,,,0,notfound,,,
2124215129396282,,,,0,notfound,,,
2126263893221458,,,,0,notfound,,,
2127441286427665,="0201005487",سینوهلث  30 عدد سافت ژل اکسیر گستر اسپادانا,SINUHEALTH  30 Soft Gelatin Capsule Exir Gostar Espadana,1,ok,213333,2026-06-27T10:44:49+03:30,
2129022370452296,="0300017407",فیتوگلوکزامین  30 گرم ژل موضعی گل دارو,PHYTOGLUCOSAMINE  30 GR Topical Gel Gol Darou,1,ok,1800000,2026-05-21T11:13:35+03:30,
2129211562044973,,,,0,notfound,,,
2129785972210370,="0201005549",اهورا اکتی لایف  30 عدد کپسول اهورا دارو,AHURA ACTI LIFE  30 Capsule Ahoura Darou,1,ok,213800,2026-07-22T12:28:56+03:30,
2129988118686368,,,,0,notfound,,,
2130789007609427,="0200003038",گارسین  500 میلی گرم 30 عدد قرص گل دارو,GARCIN  500 MG 30 Tablet Gol Darou,1,ok,110000,2026-06-15T23:09:17+03:30,
2131646159671808,,,,0,notfound,,,
2134826852849070,,,,0,notfound,,,
2134958774531883,,,,0,notfound,,,
2137678982000471,,,,0,notfound,,,
2140110933713205,,,,0,notfound,,,
2140302060831968,,,,0,notfound,,,
2143414921382112,,,,0,notfound,,,
2144324771208984,="0301007320",ویتا تایم روغن گل مغربی  1000 میلی گرم 30 عدد سافت ژل,VITA TIME EVENING PRIMROSE OIL  1000 MG 30 Soft Gelatin Capsule,1,ok,157300,2026-04-25T18:16:57+03:30,
2145841573444276,="0200003031",ملیسان  30 گرم ژل موضعی گل دارو,MELISSAN  30 GR Topical Gel Gol Darou,1,ok,1500000,2026-06-15T23:12:38+03:30,
2145908450971197,,,,0,notfound,,,
2148916757147468,,,,0,notfound,,,
2153173949264869,,,,0,notfound,,,
2155579730583233,,,,0,notfound,,,
2157085943023660,,,,0,notfound,,,
2160039663285087,,,,0,notfound,,,
2161807071166915,,,,0,notfound,,,
2162812836828253,,,,0,notfound,,,
2163373447132843,,,,0,notfound,,,
2163991012336079,,,,0,notfound,,,
2164536541635961,,,,0,notfound,,,
2171861871353769,="0300016966",گاسترولیت  20 میلی گرم 30 عدد سافت ژل باریج اسانس,GASTROLIT  20 MG 30 Soft Gelatin Capsule Barij Essence,1,ok,47000,2026-05-07T15:38:17+03:30,
2171915585226433,,,,0,notfound,,,
2171972031935158,="0200022936",انرژکس  30 عدد قرص روکشدار گلدن لایف,ENERGE-X  30 F.C. Tablet Golden Life,1,ok,400000,2026-06-15T22:27:49+03:30,
2173278753079389,="0201006538",فيكولاكس  7 عدد ساشه ایران داروک,FICOLAX  7 Sache Iran Darouk,1,ok,84285,2024-07-11T11:32:27+03:30,
2173551646022231,,,,0,notfound,,,
2175941891564396,,,,0,notfound,,,
2176770431565677,="0200002575",پياسکلیدین  300 میلی گرم 15 عدد کپسول اکسپنساینس,PIASCLEDINE  300 MG 15 Capsule Expanscience,1,ok,233333,2024-06-15T11:39:51+03:30,
2177108743389023,,,,0,notfound,,,
2177772262624792,="0200023421",ایبروگل  30 میلی لیتر محلول خوراکی گل دارو,IBEROGOL  30 ML Oral Solution Gol Darou,1,ok,2000000,2026-06-15T23:14:45+03:30,
2178375084927280,,,,0,notfound,,,
2179882364305625,="0301006403",ویت ایس  30 عدد کپسول گرین نیچر,VIT ACE  30 Capsule Green Nature,1,ok,360333,2026-06-28T08:55:27+03:30,
2182252253410427,,,,0,notfound,,,
2184062558186316,="0200023846",دایاستاپ  140 میلی لیتر شربت ایران داروک,DIASTOP  140 ML Syrup Iran Darouk,1,ok,340000,2024-07-11T11:16:44+03:30,
2184391030879825,,,,0,notfound,,,
2185437433969953,,,,0,notfound,,,
2186453362344839,="0200023918",ارومکس  30 عدد قرص روکشدار گلدن لایف,UROMAX  30 F.C. Tablet Golden Life,1,ok,270000,2026-07-14T14:16:10+03:30,
2186579282564124,,,,0,notfound,,,
2187596974481894,,,,0,notfound,,,
2188763963769218,,,,0,notfound,,,
2189078998879525,="0201007242",ساپلاس مدز پروپولیس پلاس  120 میلی لیتر شربت,SUPPLUS MEDS PROPOLIS PLUS  120 ML Syrup,1,ok,1400000,2025-09-27T11:54:09+03:30,
2190742286306442,="0301006926",کورجین  30 عدد قرص امید پارسینا دماوند,KOREGIN  30 Tablet OPD Pharma,1,ok,80000,2025-12-04T08:47:22+03:30,
2190905411957448,="0200002338",رها  120 میلی لیتر محلول خوراکی گل دارو,RAHA  120 ML Oral Solution Gol Darou,1,ok,2500000,2026-04-30T12:25:04+03:30,
2192658976870050,,,,0,notfound,,,
2194967562984024,="0200023988",جینک اکتیو  30 عدد کپسول گلدن لایف,GINC ACTIVE  30 Capsule Golden Life,1,ok,150000,2026-07-28T10:09:16+03:30,
2195152469237495,,,,0,notfound,,,
2201370020017996,,,,0,notfound,,,
2202161713025985,,,,0,notfound,,,
2202736980799129,,,,0,notfound,,,
2203090652343257,,,,0,notfound,,,
2203220558914212,="0301006979",پرومینتا پلاس آی بی اس  30 عدد سافت ژل هیلیا فارمد,PROMINTA PLUS IBS  30 Soft Gelatin Capsule Hilia Pharmed,1,ok,150000,2026-05-24T14:44:24+03:30,
2203701462775449,="0201006638",تیموس کامپاند کیم  120 میلی لیتر شربت کیمیاگر,THYMUS COMPOUND KIM  120 ML Syrup Kimiagar,1,ok,1950000,2026-06-20T12:21:17+03:30,
2203898366089496,,,,0,notfound,,,
2207456282812727,,,,0,notfound,,,
2207995849105448,,,,0,notfound,,,
2209309296248011,="0200025304",جنرال تونیک  شکلاتی 20 عدد ساشه دینه,GENERAL TONIC  COCOA 20 Sache Dineh,1,ok,200000,2026-06-09T12:49:20+03:30,
2211083054217969,="0200018393",پروسپیتان  120 میلی لیتر شربت رازک,PRUSPITAN  120 ML Syrup Razak,1,ok,700000,2025-09-13T10:59:50+03:30,
2211298783614354,,,,0,notfound,,,
2212251820049506,="0301008665",ایموسیم  30 عدد قرص مکیدنی سیمرغ داروی عطار,IMMUSIM  30 Lozenge Tablet Simorgh Darou Attar,1,ok,31500,2025-09-03T09:50:54+03:30,
2212276323970839,="0301008709",فارویتام کورجینیا  30 عدد قرص فاخر,FARVITAM CURGINIA  30 Tablet Fakher,1,ok,240000,2026-07-20T14:17:15+03:30,
2213904013672312,,,,0,notfound,,,
2215554270384527,="0200021093",لاکس - اکتیو  22 گرم 10 عدد ساشه سپید طب نیا,LAX - ACTIVE  22 GR 10 Sache Sepid Teb Nia,1,ok,301100,2024-03-18T10:50:45+03:30,
2216673468857717,,,,0,notfound,,,
2217777350860694,,,,0,notfound,,,
2217891576056476,,,,0,notfound,,,
2219002677475415,,,,0,notfound,,,
2219388164200427,="0200020813",فيكولاكس  120 میلی لیتر شربت ایران داروک,FICOLAX  120 ML Syrup Iran Darouk,1,ok,800000,2026-03-30T18:44:53+03:30,
2225877018345618,,,,0,notfound,,,
2226074113726262,,,,0,notfound,,,
2229107297248117,,,,0,notfound,,,
2229673049399777,,,,0,notfound,,,
2230590097121260,="0201009383",سیموواژ  7 عدد شیاف واژینال سیمرغ داروی عطار,SIMOVAG  7 Vaginal Suppository Simorgh Darou Attar,1,ok,599571,2026-07-05T17:47:20+03:30,
2231357160176638,,,,0,notfound,,,
2231675193648976,="0200003041",ایرگل  12 میلی لیتر قطره استریل گوشى گل دارو,EARGOL  12 ML Sterile Otic Drops Gol Darou,1,ok,1750000,2026-05-21T11:05:10+03:30,
2232212051791863,,,,0,notfound,,,
2232714829188072,,,,0,notfound,,,
2233032195953224,,,,0,notfound,,,
2234696427615607,,,,0,notfound,,,
2235631065802234,="0200025374",کاپسیمو  30 گرم کرم موضعی سیمرغ داروی عطار,CAPSIMO  30 GR Topical Cream Simorgh Darou Attar,1,ok,1490000,2026-05-03T15:36:32+03:30,
2239147125289652,="0301007079",گالسینا  60 میلی گرم 20 عدد کپسول سامی ساز,GALLECINA  60 MG 20 Capsule Samisaz,1,ok,75000,2024-09-08T09:14:09+03:30,
2239364410700693,,,,0,notfound,,,
2240278681457375,,,,0,notfound,,,
2242167938003985,,,,0,notfound,,,
2242406856861729,,,,0,notfound,,,
2243511323102786,,,,0,notfound,,,
2246007968733240,,,,0,notfound,,,
2247921384705604,,,,0,notfound,,,
2248967819260979,,,,0,notfound,,,
2250132589788876,="0201006054",دایان هات  60 عدد کپسول دایان فارما,DAYAN HOT  60 Capsule DAYAN PHARMA,1,ok,121483,2026-09-21T12:49:51+03:30,
2256665551426647,,,,0,notfound,,,
2260947513370330,="0301006881",اینفلامید  30 عدد کپسول نوتراکس,INFLAMAID  30 Capsule Nutrax,1,ok,325000,2026-06-07T09:51:07+03:30,
2262000762638671,,,,0,notfound,,,
2262817955319348,,,,0,notfound,,,
2264081320924768,,,,0,notfound,,,
2264683269230933,="0301008982",هیالوساپ بی دی آ  10 عدد شیاف واژینال بهتا دارو,HYALUSUPP BDA  10 Vaginal Suppository Behta Daru,1,ok,300000,2026-05-05T12:55:06+03:30,
2267783221225775,,,,0,notfound,,,
2269985531003696,="0200021329",دایجستیو اید   30 عدد قرص روکشدار گلدن لایف,DIGESTIVE AID  30 F.C. Tablet Golden Life,1,ok,400000,2026-06-15T22:26:59+03:30,
2272285187037560,,,,0,notfound,,,
2273468850249729,,,,0,notfound,,,
2277041163388425,="0201005675",آوسوی  20 عدد کپسول بنیان سلامت کسری,AVOSOY  20 Capsule BSK,1,ok,220000,2026-05-31T13:08:49+03:30,
2277600381652721,,,,0,notfound,,,
2279415242209561,,,,0,notfound,,,
2280439932882796,="0200002260",آفرودیت  30 عدد قرص گل دارو,APHRODIT  30 Tablet Gol Darou,1,ok,140000,2026-05-21T11:01:51+03:30,
2280459180051729,,,,0,notfound,,,
2281935686181904,="0200003993",نروکسین  50 عدد قرص دینه,NERVOXIN  50 Tablet Dineh,1,ok,40000,2026-04-16T09:54:42+03:30,
2282617553750289,,,,0,notfound,,,
2283362547613592,,,,0,notfound,,,
2283606163261890,="0200020190",رکولیک  120 میلی لیتر شربت نو تک فار,RECOLIC  120 ML Syrup Know.Tech.Phar,1,ok,2000000,2026-05-24T14:05:56+03:30,
2284994387588805,,,,0,notfound,,,
2286584649687935,,,,0,notfound,,,
2287561714831122,,,,0,notfound,,,
2288906830481557,,,,0,notfound,,,
2290655835336785,,,,0,notfound,,,
2292582025757640,,,,0,notfound,,,
2297015060612702,="0200022280",تیمکس  140 میلی لیتر شربت ایران داروک,THYMEX  140 ML Syrup Iran Darouk,1,ok,2800000,2026-06-13T22:47:22+03:30,
2297507329725864,,,,0,notfound,,,
2299822521061602,,,,0,notfound,,,
2300099164406182,="0300025141",اسپیرولینا  500 میلی گرم 100 عدد قرص ریحان نقش جهان,SPIRULINA  500 MG 100 Tablet RNJ,1,ok,65000,2026-05-17T10:04:43+03:30,
2301895392133030,,,,0,notfound,,,
2303177074122831,,,,0,notfound,,,
2306481018761444,,,,0,notfound,,,
2310574020771824,,,,0,notfound,,,
2312927114731503,,,,0,notfound,,,
2313434556172480,,,,0,notfound,,,
2313675157544978,,,,0,notfound,,,
2316817765687405,,,,0,notfound,,,
2318176456317236,="0201009400",کوئترول  250 میلی گرم 60 عدد کپسول رها,QUETROL  250 MG 60 Capsule Raha,1,ok,52000,2025-09-08T09:28:53+03:30,
2321690766077420,,,,0,notfound,,,
2322377086310645,,,,0,notfound,,,
2326046535404032,,,,0,notfound,,,
2331395226800105,,,,0,notfound,,,
2331995971393976,,,,0,notfound,,,
2332093170785393,,,,0,notfound,,,
2335448573655074,,,,0,notfound,,,
2336125511851377,,,,0,notfound,,,
2337291823763993,="0300016324",اسلیم می  60 عدد کپسول نچرال ورلد,SLIM ME  60 Capsule Natural World,1,ok,216333,2026-08-02T09:30:39+03:30,
2337318388285578,,,,0,notfound,,,
2339625719427398,,,,0,notfound,,,
2340603647061422,,,,0,notfound,,,
2341362379089006,,,,0,notfound,,,
2342437743183991,,,,0,notfound,,,
2344444652564150,,,,0,notfound,,,
2345234836073997,,,,0,notfound,,,
2345302314627639,,,,0,notfound,,,
2345397661569051,,,,0,notfound,,,
2345561464179998,="0200023580",روغن گل مغربی  1300 میلی گرم 30 عدد کپسول هلث اید,EVENING PRIMROSE OIL  130 MG 30 Capsule Health Aid,1,ok,27333,2021-12-05T11:25:35+03:30,
2348469638724873,,,,0,notfound,,,
2351669970156311,,,,0,notfound,,,
2353904815941821,="0300024852",کالم انرژی  30 عدد کپسول نچرال ورلد,CALM ENERGY  30 Capsule Natural World,1,ok,218633,2026-09-19T10:35:43+03:30,
2355128258933518,,,,0,notfound,,,
2356954140150462,,,,0,notfound,,,
2359051876127496,,,,0,notfound,,,
2359426858376241,,,,0,notfound,,,
2364511408567390,="0201006409",نازومیون  30 میلی لیتر اسپرى بینى گیاهان سبز زندگی,NASO MMUNE  30 ML Nasal Spray Green Plants Of Life,1,ok,3250000,2026-09-21T12:55:18+03:30,
2367276646629764,,,,0,notfound,,,
2367298434143736,,,,0,notfound,,,
2367454531703272,,,,0,notfound,,,
2368412657342689,="0200021093",لاکس - اکتیو  22 گرم 10 عدد ساشه سپید طب نیا,LAX - ACTIVE  22 GR 10 Sache Sepid Teb Nia,1,ok,301100,2024-03-18T10:50:45+03:30,
2369960064775830,,,,0,notfound,,,
2370014119885179,,,,0,notfound,,,
2370480380719897,,,,0,notfound,,,
2371864953349786,,,,0,notfound,,,
2373307320396172,,,,0,notfound,,,
2374462691237099,,,,0,notfound,,,
2374920337713553,,,,0,notfound,,,
2378991611776225,,,,0,notfound,,,
2382116085433197,,,,0,notfound,,,
2385169873844718,,,,0,notfound,,,
2385944122771118,,,,0,notfound,,,
2387400447352619,,,,0,notfound,,,
2388674555940867,,,,0,notfound,,,
2390740551116752,,,,0,notfound,,,
2391349473323142,,,,0,notfound,,,
2392038660305222,,,,0,notfound,,,
2393528654078007,="0201009288",رادسینوس  60 عدد کپسول کاوش,RAD SINUOS  60 Capsule Kavosh,1,ok,36966,2026-05-20T10:11:25+03:30,
2393740946404584,,,,0,notfound,,,
2394437689075649,,,,0,notfound,,,
2394536689389815,="0201005470",آی ویلین  100 میلی لیتر شربت,IVYLIN  100 ML Syrup,1,ok,2200000,2026-04-15T00:29:24+03:30,
2397502668878992,,,,0,notfound,,,
2402134554262304,,,,0,notfound,,,
2403728146883130,,,,0,notfound,,,
2403844745660123,,,,0,notfound,,,
2403878249498523,,,,0,notfound,,,
2405341421530787,,,,0,notfound,,,
2405367421159511,,,,0,notfound,,,
2407067716290501,,,,0,notfound,,,
2407270750178021,,,,0,notfound,,,
2408412300765986,="0200018917",دنتاژل  10 گرم ژل موضعی سبز دارو,DENTAGEL  10 GR Topical Gel Sabzdaru,1,ok,1100000,2026-05-04T09:37:47+03:30,
2410395586516379,="0201007064",آویشن  120 میلی لیتر شربت سلامت گستر آرتیمان,AVISHAN  120 ML Syrup Salamat Gostar Artiman,1,ok,640000,2024-08-29T10:04:48+03:30,
2411194938335416,,,,0,notfound,,,
2412418446045216,,,,0,notfound,,,
2413236889690413,,,,0,notfound,,,
2413485416666447,,,,0,notfound,,,
2415606017528791,="0200020190",رکولیک  120 میلی لیتر شربت نو تک فار,RECOLIC  120 ML Syrup Know.Tech.Phar,1,ok,2000000,2026-05-24T14:05:56+03:30,
2416639359268913,,,,0,notfound,,,
2417944045143933,="0301007080",گالسینا  90 میلی گرم 20 عدد کپسول سامی ساز,GALLECINA  90 MG 20 Capsule Samisaz,1,ok,100000,2024-09-08T09:16:46+03:30,
2418896476091997,,,,0,notfound,,,
2418916195270466,,,,0,notfound,,,
2419632127069714,,,,0,notfound,,,
2419775479248614,,,,0,notfound,,,
2420777952542030,,,,0,notfound,,,
2421155422024155,="0201005625",های سنس  500 میلی گرم 30 عدد قرص روکشدار باریج اسانس,HIGHSENSE  500 MG 30 F.C. Tablet Barij Essence,1,ok,110000,2026-07-14T17:47:22+03:30,
2421803958777528,="0201006480",منوفیکس  30 عدد قرص هرباویوا,MENOFIX  30 Tablet HerbaViva,1,ok,180000,2026-06-15T23:28:01+03:30,
2422545921522747,,,,0,notfound,,,
2423556339411165,,,,0,notfound,,,
2426244129493944,,,,0,notfound,,,
2427769953617876,,,,0,notfound,,,
2429007532581235,="0200024159",ویتالاکت  30 عدد قرص زیست تخمیر,VITALACT  30 Tablet Zist Takhmir,1,ok,180000,2026-05-23T08:18:41+03:30,
2430704898928799,,,,0,notfound,,,
2431230427491237,,,,0,notfound,,,
2433121518826700,="0301005480",ارکتومکس  30 عدد قرص اکسیر طب پرنیان,ERECTO MAX  30 Tablet Xir Teb Parnian,1,ok,665466,2025-10-26T11:43:54+03:30,
2433443245705940,="0201006406",پرومیون  125 میلی لیتر شربت گیاهان سبز زندگی,PRO MMUNE  125 ML Syrup Green Plants Of Life,1,ok,5800000,2026-09-21T12:56:09+03:30,
2436044090095802,,,,0,notfound,,,
2437628124294618,,,,0,notfound,,,
2438033760651907,="0200020746",روتارین  10 عدد ساشه قائم دارو,RUTARIN  10 Sache Ghaem Darou,1,ok,160000,2026-07-21T13:15:29+03:30,
2438130894045457,,,,0,notfound,,,
2438304164846529,,,,0,notfound,,,
2446829420168613,,,,0,notfound,,,
2446973614803516,,,,0,notfound,,,
2448710639928091,,,,0,notfound,,,
2448871567344292,,,,0,notfound,,,
2450261064033873,="0301007367",لیکوپن  15 میلی گرم 30 عدد سافت ژل ویتامور,LYCOPENE  15 MG 30 Soft Gelatin Capsule Vitamore,1,ok,120000,2024-11-30T09:41:58+03:30,
2453976300123181,="0200023178",میگرافار  60 عدد کپسول نو تک فار,MIGRAPHAR  60 Capsule Know.Tech.Phar,1,ok,71933,2026-05-24T14:31:29+03:30,
2455720225016741,,,,0,notfound,,,
2456590860893681,="0200014564",ایموستیم  60 میلی لیتر محلول خوراکی گل دارو,IMMUSTIM  60 ML Oral Solution Gol Darou,1,ok,680000,2023-12-30T10:08:49+03:30,
2456936619701235,,,,0,notfound,,,
2456963570931691,,,,0,notfound,,,
2457916570445693,,,,0,notfound,,,
2459250336565942,,,,0,notfound,,,
2459612388613655,,,,0,notfound,,,
2461412251700548,,,,0,notfound,,,
2465036143561470,="0301005945",بایوکل کیدز سی تی آر  150 میلی لیتر شربت بایوکل,BIOCOL KIDS CTR  150 ML Syrup Biocol,1,ok,3200000,2024-05-12T09:43:33+03:30,
2468056893057139,,,,0,notfound,,,
2469825774892717,,,,0,notfound,,,
2473099238438799,="0201009298",کیمی کالم  60 میلی لیتر شربت کیمیاگر,KIMI CALM  60 ML Syrup Kimiagar,1,ok,950000,2026-07-21T07:38:00+03:30,
2473733656188714,,,,0,notfound,,,
2475927661907041,="0200020656",دنتا باریج  5 گرم خمیر دهانی باریج اسانس,DENTA BARIJ  5 GR Oral Paste Barij Essence,1,ok,650000,2026-05-07T15:48:37+03:30,
2476374770454950,,,,0,notfound,,,
2476851250285952,,,,0,notfound,,,
2476983555661909,,,,0,notfound,,,
2478072688942666,,,,0,notfound,,,
2480111849250529,,,,0,notfound,,,
2483128745090124,,,,0,notfound,,,
2484138571320284,,,,0,notfound,,,
2484748051256735,,,,0,notfound,,,
2485317881333174,,,,0,notfound,,,
2485332376485070,,,,0,notfound,,,
2486005594265227,="0200023575",رژودرم  55 گرم کرم,REJUDERM  55 GR Cream,1,ok,5750000,2026-06-13T23:24:20+03:30,
2488110088826283,,,,0,notfound,,,
2488212210390375,,,,0,notfound,,,
2489410200450055,="0300017055",تروماهرب  50 گرم پماد موضعی گل دارو,TRAUMAHERB  50 GR Topical Ointment Gol Darou,1,ok,740000,2025-01-11T12:12:20+03:30,
2489647209475730,,,,0,notfound,,,
2493070473065838,="0201009331",بنفشه  60 میلی لیتر شربت کیمیاگر,BANAFSHEH  60 ML Syrup Kimiagar,1,ok,1300000,2026-06-28T11:16:42+03:30,
2496544016478039,,,,0,notfound,,,
2498929219254938,="0200023917",اسلیپ کر  30 عدد قرص روکشدار گلدن لایف,SLEEP CARE  30 F.C. Tablet Golden Life,1,ok,49566,2026-08-11T09:11:42+03:30,
2501547316217840,,,,0,notfound,,,
2501762259207072,,,,0,notfound,,,
2503499590919787,="0200019034",گالگا  30 عدد قرص دینه,GALEGA  30 Tablet Dineh,1,ok,30000,2026-06-20T12:48:00+03:30,
2503581242039745,,,,0,notfound,,,
2504019139639003,,,,0,notfound,,,
2506383747233858,,,,0,notfound,,,
2507353517959255,="0200014169",رهامین  30 گرم پماد موضعی رها,RAHAMIN  30 GR Topical Ointment Raha,1,ok,1600000,2026-07-05T18:24:22+03:30,
2512842017483732,,,,0,notfound,,,
2518220124075204,="0301006473",کستوژل  30 عدد سافت ژل ایران داروک,CASTOGEL  30 Soft Gelatin Capsule Iran Darouk,1,ok,16000,2024-06-30T11:59:34+03:30,
2518258456185840,,,,0,notfound,,,
2518510421999050,,,,0,notfound,,,
2518745619355071,,,,0,notfound,,,
2520430655925841,="0301007274",بایوکید  15 عدد ساشه تک ژن,BiokID  15 Sache Takgene,1,ok,300000,2026-05-31T11:51:31+03:30,
2521103130903867,,,,0,notfound,,,
2523581677670878,,,,0,notfound,,,
2523971431993995,,,,0,notfound,,,
2524029615976433,,,,0,notfound,,,
2524912192670826,="0201009384",سیمو رزماری  30 گرم کرم موضعی سیمرغ داروی عطار,SIMO ROSEMARY  30 GR Topical Cream Simorgh Darou Attar,1,ok,1233000,2025-11-10T11:58:38+03:30,
2527548969837587,,,,0,notfound,,,
2529088754799985,="0201006531",آلوویت  140 میلی لیتر شربت ایران داروک,ALOVIT  140 ML Syrup Iran Darouk,1,ok,700000,2024-07-10T11:03:25+03:30,
2536712214746684,,,,0,notfound,,,
2545392265930084,,,,0,notfound,,,
2548187982542344,="0201007175",آی.کاف  بزرگسالان 100 میلی لیتر شربت سینا پیشگام دارو نوین,I.COUGH  ADULT 100 ML Syrup Sina Pishgam Darou Novin,1,ok,1000000,2025-12-04T10:11:56+03:30,
2551314861098523,,,,0,notfound,,,
2551370252503930,,,,0,notfound,,,
2552095876116895,,,,0,notfound,,,
2552150420260151,="0200023572",زینلین  120 میلی لیتر شربت سلامت گستر آرتیمان,ZINLIN  120 ML Syrup Salamat Gostar Artiman,1,ok,2000000,2026-07-01T11:27:23+03:30,
2552263842477989,,,,0,notfound,,,
2554075144033715,,,,0,notfound,,,
2555662354585282,="0201007160",سیموگاستر  30 عدد کپسول سیمرغ داروی عطار,SIMOGASTER  30 Capsule Simorgh Darou Attar,1,ok,79000,2026-05-03T14:51:43+03:30,
2556132534766490,="0300017555",نازوفیت  20 میلی لیتر اسپرى بینى گل دارو,NASOPHYT  20 ML Nasal Spray Gol Darou,1,ok,2200000,2026-06-15T23:16:07+03:30,
2556302228461670,,,,0,notfound,,,
2557420174273068,="0300024290",دایجستیو اید   60 عدد قرص روکشدار گلدن لایف,DIGESTIVE AID  60 F.C. Tablet Golden Life,1,ok,400000,2026-06-15T22:27:31+03:30,
2558289173390021,="0201008938",کالاندولا   30 گرم پماد موضعی دینه,CALENDULA  30 GR Topical Ointment Dineh,1,ok,2400000,2026-06-01T09:12:19+03:30,
2560271436726192,,,,0,notfound,,,
2563302915384068,="0200021225",بیزالن  30 گرم پماد موضعی نو تک فار,BISALEN  30 GR Topical Ointment Know.Tech.Phar,1,ok,1900000,2026-06-20T11:08:18+03:30,
2564223079559125,,,,0,notfound,,,
2565896453494394,,,,0,notfound,,,
2567966140265267,,,,0,notfound,,,
2568843596932104,,,,0,notfound,,,
2569676033766533,="0201009334",بلغم  60 عدد قرص سینا فرآور,BALGHAM  60 Tablet Sina Faravar,1,ok,45833,2026-05-16T09:01:14+03:30,
2571113197310430,="0301005972",کوئیک فایبر پلاس  375 گرم پودر اکسیر طب پرنیان,QUICK FIBRE PLUS  375 GR Powder Xir Teb Parnian,1,ok,3100000,2024-05-26T11:51:28+03:30,
2572348793194155,,,,0,notfound,,,
2574317545712436,="0300016911",فیبروگل  200 گرم پودر گل دارو,FIBROGOL  200 GR Powder Gol Darou,1,ok,2400000,2025-09-17T11:48:11+03:30,
2574967263763367,,,,0,notfound,,,
2575422418911868,,,,0,notfound,,,
2575805188060192,,,,0,notfound,,,
2580515337091282,,,,0,notfound,,,
2582202657244956,,,,0,notfound,,,
2584470967917815,,,,0,notfound,,,
2584629924071552,,,,0,notfound,,,
2585075558641066,,,,0,notfound,,,
2585945994195961,="0301007273",بایوفم واژ  12 عدد کپسول واژینال تک ژن,BioFEM VAGE  12 Vaginal Capsule Takgene,1,ok,300000,2026-05-31T11:40:53+03:30,
2587826798767663,,,,0,notfound,,,
2588892387884489,,,,0,notfound,,,
2592172489140477,,,,0,notfound,,,
2592585086155053,,,,0,notfound,,,
2592686730936080,,,,0,notfound,,,
2592880134472404,,,,0,notfound,,,
2593294705747618,,,,0,notfound,,,
2594951172162352,,,,0,notfound,,,
2595706083735528,,,,0,notfound,,,
2597531264970920,,,,0,notfound,,,
2597608054779240,,,,0,notfound,,,
2598137128643022,="0301006966",سافرومنتال  30 عدد سافت ژل فیتومد,SAFFROMENTAL  30 Soft Gelatin Capsule Phytomed,1,ok,265000,2026-08-24T11:41:58+03:30,
2599597954376396,,,,0,notfound,,,
2603103650929503,,,,0,notfound,,,
2603659060343592,="0200019277",پروواژ  10 عدد کپسول واژینال گسترش میلاد فارمد,PROVAGE  10 Vaginal Capsule Gostaresh Milad Pharmed,1,ok,280000,2026-06-27T10:28:30+03:30,
2605538515713361,,,,0,notfound,,,
2606448601684500,="0200015616",فیتوگریپ  120 میلی لیتر شربت گل دارو,PHYTOGRIP  120 ML Syrup Gol Darou,1,ok,2200000,2026-04-30T12:04:41+03:30,
2606904012432591,,,,0,notfound,,,
2607713779794971,,,,0,notfound,,,
2609441372398528,,,,0,notfound,,,
2609961870144523,,,,0,notfound,,,
2610003031129939,="0200002275",سدامین  30 عدد کپسول گل دارو,SEDAMIN  30 Capsule Gol Darou,1,ok,60000,2025-09-17T11:35:47+03:30,
2612906083847616,,,,0,notfound,,,
2615563225029504,,,,0,notfound,,,
2625932216995032,,,,0,notfound,,,
2626076747308684,,,,0,notfound,,,
2627400286936573,,,,0,notfound,,,
2628311547334567,,,,0,notfound,,,
2629659169451226,,,,0,notfound,,,
2633910454840311,,,,0,notfound,,,
2634994033667724,,,,0,notfound,,,
2635425568432765,,,,0,notfound,,,
2635996084550537,="0201007071",آنادرم  60 عدد قرص سلامت پرمون امین,ANADERM  60 Tablet Salamat Parmon Amin,1,ok,190000,2026-06-27T10:01:31+03:30,
2636747643134790,,,,0,notfound,,,
2637913636543178,,,,0,notfound,,,
2638173052172318,,,,0,notfound,,,
2638658572446535,,,,0,notfound,,,
2639050077009359,="0301009047",دایان فلکس  20 عدد کپسول دایان فارما,DAYAN FLEX  20 Capsule DAYAN PHARMA,1,ok,218625,2026-06-07T10:13:14+03:30,
2640102163941477,,,,0,notfound,,,
2640593076231628,,,,0,notfound,,,
2641307373595361,,,,0,notfound,,,
2642826276863165,="0301006596",کیتوزان  500 میلی گرم 90 عدد قرص کارن,CHITOSAN  500 MG 90 Tablet Karen,1,ok,27000,2025-12-08T11:44:53+03:30,
2650127135402469,,,,0,notfound,,,
2650451089477144,,,,0,notfound,,,
2653076013975893,="0201007075",جینسینگ  25 عدد ساشه سمانیک,GINSENG  25 Sache Samanik,1,ok,550000,2026-07-04T09:39:17+03:30,
2653687894208417,,,,0,notfound,,,
2654939909427592,,,,0,notfound,,,
2656285790635000,,,,0,notfound,,,
2656427558077363,,,,0,notfound,,,
2659066443048547,,,,0,notfound,,,
2660989476002267,,,,0,notfound,,,
2663362929087185,="0201005467",هگزایم  500 میلی گرم 30 عدد کپسول اشبال شیمی,HEXYME  500 MG 30 Capsule Ashbalchemi,1,ok,900000,2026-01-24T11:43:29+03:30,
2665411280118552,,,,0,notfound,,,
2665542721536087,,,,0,notfound,,,
2665898139938012,,,,0,notfound,,,
2666875344423907,="0201005456",گل سرخ الیس  15 میلی لیتر قطره خوراکى ایده دارو پارس,ROSE ELIS  15 ML Oral Drop EadehDaru Pars,1,ok,3800000,2026-02-18T08:37:06+03:30,
2667131915934192,,,,0,notfound,,,
2667843645098772,,,,0,notfound,,,
2668741773242874,="0200009382",مارینتول  30 گرم ژل موضعی رازک,MARYNTHOL  30 GR Topical Gel Razak,1,ok,450000,2025-10-13T12:08:17+03:30,
2672656896904921,,,,0,notfound,,,
2673414137770190,="0200001970",موسیلیوم  بدون طعم 7 عدد ساشه ایران داروک,MUSYLIUM  Without Flavored 7 Sache Iran Darouk,1,ok,400000,2026-07-11T11:47:27+03:30,
2673694476838353,,,,0,notfound,,,
2677751397793576,,,,0,notfound,,,
2677858793883864,="0201009244",بیبی دنت  15 گرم ژل دندانی توسن دارو,BABY DENT  15 GR Dental Gel Tosan Darou,1,ok,1800000,2026-07-11T13:42:25+03:30,
2677901614498618,,,,0,notfound,,,
2678007116910279,="0200003993",نروکسین  50 عدد قرص دینه,NERVOXIN  50 Tablet Dineh,1,ok,40000,2026-04-16T09:54:42+03:30,
2680058298170557,="0201005467",هگزایم  500 میلی گرم 30 عدد کپسول اشبال شیمی,HEXYME  500 MG 30 Capsule Ashbalchemi,1,ok,900000,2026-01-24T11:43:29+03:30,
2681671363993934,,,,0,notfound,,,
2681873850569600,,,,0,notfound,,,
2682543162184395,="0301006969",میگراستوم  30 عدد سافت ژل فیتومد,MIGRACETUM  30 Soft Gelatin Capsule Phytomed,1,ok,71666,2026-05-19T16:36:26+03:30,
2683088967490897,,,,0,notfound,,,
2684315710664843,,,,0,notfound,,,
2685207876942221,,,,0,notfound,,,
2688712443204540,,,,0,notfound,,,
2690908727380028,,,,0,notfound,,,
2691613325838903,,,,0,notfound,,,
2694338273990372,="0200018355",اکالیپتوس باریج  200 میلی گرم 30 عدد سافت ژل باریج اسانس,EUCALYPTUS BARIJ  200 MG 30 Soft Gelatin Capsule Barij Essence,1,ok,15500,2023-12-31T09:11:21+03:30,
2695074620990918,="0200025588",کاف استاپ  60 میلی لیتر شربت باریج اسانس,COUGHSTOP  60 ML Syrup Barij Essence,1,ok,1500000,2026-05-07T15:28:12+03:30,
2695753968701246,,,,0,notfound,,,
2695814052882548,="0200020892",رکتوس  30 گرم پماد مقعدی ایران داروک,RECTUS  30 GR Rectal Ointment Iran Darouk,1,ok,3900000,2026-04-26T15:20:34+03:30,
2699533966935096,="0201005736",کات رفلاکس  30 عدد کپسول بهتا دارو,CUT REFLUX  30 Capsule Behta Daru,1,ok,110000,2026-05-25T12:20:27+03:30,
2700593959911999,,,,0,notfound,,,
2703097750226779,,,,0,notfound,,,
2703477975845426,="0200003541",موسیلیوم موزی  7 عدد ساشه ایران داروک,MUSYLIUM BENANA  7 Sache Iran Darouk,1,ok,450000,2026-06-13T22:46:35+03:30,
2703864579739407,,,,0,notfound,,,
2705001591099403,,,,0,notfound,,,
2706400922479116,,,,0,notfound,,,
2708057868809412,,,,0,notfound,,,
2708103918758055,="0301006896",کوئرس پلاس  30 عدد کپسول نوتراکس,QUERCE PLUS  30 Capsule Nutrax,1,ok,300000,2026-06-20T10:12:55+03:30,
2712254922212297,,,,0,notfound,,,
2712781444099836,,,,0,notfound,,,
2713177894356743,="0301007262",بروزایم اولترا  30 عدد کپسول تچرا فارمد,BROZYME ULTRA  30 Capsule Techra Pharmed,1,ok,240000,2026-06-28T09:32:15+03:30,
2715451332403254,="0200021883",نبید دارو  30 میلی لیتر قطره,NABID DARU  30 ML Drop,1,ok,2000000,2026-08-23T13:40:01+03:30,
2717583574990533,,,,0,notfound,,,
2721702064792107,,,,0,notfound,,,
2722178285852700,,,,0,notfound,,,
2722865674293120,,,,0,notfound,,,
2723898957632636,,,,0,notfound,,,
2724787583983804,,,,0,notfound,,,
2725223373902523,,,,0,notfound,,,
2725784356828828,,,,0,notfound,,,
2727497329656426,="0301006920",سوپرازورب کورکومین  20 عدد قرص جوشان امید بهبود,SUPRASORB CURCUMIN  20 Effervescent Tablet Omid Behboud,1,ok,300000,2026-07-11T13:37:26+03:30,
2727938875090342,,,,0,notfound,,,
2730259846461478,="0201009274",کورکوجین پلاس  6 عدد ساشه نویا ویژن آریان,CURCUGIN PLUS  6 Sache Noya Vision Aryan,1,ok,400000,2026-05-21T12:09:41+03:30,
2730647852372027,,,,0,notfound,,,
2731032543921485,,,,0,notfound,,,
2732198919228767,="0200024449",پروستیکا  30 عدد قرص روکشدار گلدن لایف,PROSTICA  30 F.C. Tablet Golden Life,1,ok,270000,2026-06-16T12:51:03+03:30,
2733938985562329,,,,0,notfound,,,
2734015147618510,,,,0,notfound,,,
2738113726796493,,,,0,notfound,,,
2738421236869730,,,,0,notfound,,,
2738726569433944,,,,0,notfound,,,
2739859035124121,,,,0,notfound,,,
2740061495839633,="0200022936",انرژکس  30 عدد قرص روکشدار گلدن لایف,ENERGE-X  30 F.C. Tablet Golden Life,1,ok,400000,2026-06-15T22:27:49+03:30,
2741094953189854,,,,0,notfound,,,
2741858893353701,,,,0,notfound,,,
2744630914916230,,,,0,notfound,,,
2744636138981818,,,,0,notfound,,,
2745346425785617,="0201005652",کوپرومین  187 میلی گرم 20 عدد کپسول آهسته رهش باریج اسانس,COPROMIN  187 MG 20 Sustained Release Capsule Barij Essence,1,ok,120000,2026-07-14T18:40:00+03:30,
2745394171824004,="0200022746",لاکتوکر  500 میلی گرم 30 عدد کپسول زیست تخمیر,LACTOCARE  500 MG 30 Capsule Zist Takhmir,1,ok,120000,2026-05-23T08:38:24+03:30,
2749218519455308,,,,0,notfound,,,
2752758066900704,,,,0,notfound,,,
2755480750776615,,,,0,notfound,,,
2757671190917531,,,,0,notfound,,,
2758822871750141,,,,0,notfound,,,
2759285762752555,="0201009066",موسیلان  20 عدد ساشه نیاک,MUCILAN  20 Sache Niak,1,ok,280000,2026-06-17T14:26:38+03:30,
2759441276196618,,,,0,notfound,,,
2760830295531518,="0200007890",امی ویتال فیتوون  30 عدد قرص امین,AMIVITAL PHYTOVEN  30 Tablet Amin,1,ok,10000,2023-01-02T08:21:45+03:30,
2763191386581830,,,,0,notfound,,,
2764200415096481,,,,0,notfound,,,
2766248180294842,,,,0,notfound,,,
2769808277348893,="0201009326",کارنی - فایو  200 میلی لیتر شربت رها,CARNI - 5  200 ML Syrup Raha,1,ok,2200000,2026-07-01T14:50:34+03:30,
2771002289850311,,,,0,notfound,,,
2772017597248272,="0301006024",پی اسکلتون پلاس  30 عدد کپسول دارو پژوهان پاسارگاد,PSCLETONE PLUS  30 Capsule Darou Pazhohan Pasargad,1,ok,46666,2024-06-01T11:07:17+03:30,
2775291232127374,,,,0,notfound,,,
2777042595879155,,,,0,notfound,,,
2777715516951275,,,,0,notfound,,,
2778070471672174,="0301007448",لاکت اینفنت  15 میلی لیتر قطره خوراکى ویوا کیدز,LACTINFANT  15 ML Oral Drop Viva Kids,1,ok,800000,2024-09-29T11:45:14+03:30,
2779225271641460,="0200001342",آنتی میگرن  30 میلی لیتر قطره خوراکى گل دارو,ANTIMIGRAINE  30 ML Oral Drop Gol Darou,1,ok,1800000,2026-04-30T12:11:31+03:30,
2781342589281594,="0200019811",پریموژل  1000 میلی گرم 50 عدد سافت ژل دانا,PRIMOGEL  1000 MG 50 Soft Gelatin Capsule Daana,1,ok,117700,2026-05-28T12:11:19+03:30,
2782895917569660,,,,0,notfound,,,
2787634271375692,,,,0,notfound,,,
2790437819918481,,,,0,notfound,,,
2790759542268881,,,,0,notfound,,,
2791970869132152,,,,0,notfound,,,
2792456523450985,,,,0,notfound,,,
2795722722300796,="0201007156",سیمودریم  30 عدد کپسول سیمرغ داروی عطار,SIMODREAM  30 Capsule Simorgh Darou Attar,1,ok,77166,2025-09-02T12:11:26+03:30,
2796118145329423,,,,0,notfound,,,
2797141244266247,,,,0,notfound,,,
2798948333008869,,,,0,notfound,,,
2799656892693455,="0201005547",اهورا کنکر کاور  18 میلی لیتر قطره اهورا دارو,AHURA CANKER COVER  18 ML Drop Ahoura Darou,1,ok,1655000,2026-05-24T09:52:10+03:30,
2800874364859298,,,,0,notfound,,,
2801630665266890,,,,0,notfound,,,
2802357429758596,,,,0,notfound,,,
2806699979820843,,,,0,notfound,,,
2808830453812086,,,,0,notfound,,,
2809331192583217,,,,0,notfound,,,
2812399881263912,,,,0,notfound,,,
2812503976902743,,,,0,notfound,,,
2813510631756321,,,,0,notfound,,,
2814587465015433,,,,0,notfound,,,
2820217641789419,,,,0,notfound,,,
2820803806466627,,,,0,notfound,,,
2821663176717873,="0201005734",لیورکینگ بی دی آ  30 عدد کپسول بهتا دارو,LIVERKING BDA  30 Capsule Behta Daru,1,ok,120000,2026-05-25T12:21:18+03:30,
2825920010729525,,,,0,notfound,,,
2827620568070116,="0201006078",آرترودین  30 عدد قرص دینه,ARTHRODIN  30 Tablet Dineh,1,ok,14466,2025-02-26T12:56:22+03:30,
2828072876885950,="0300016325",كربو بلوكر  500 میلی گرم 30 عدد کپسول نچرال ورلد,CARBO BLOCKER  500 MG 30 Capsule Natural World,1,ok,286966,2025-08-25T10:17:11+03:30,
2838533698746910,,,,0,notfound,,,
2839251356562444,,,,0,notfound,,,
2839691284326432,,,,0,notfound,,,
2840828434032640,,,,0,notfound,,,
2843477788629577,="0201005485",رکتاملیس  2.5 گرم 10 عدد شیاف مقعدی اکسیر گستر اسپادانا,RECTAMELIS  2.5 GR 10 Rectal Suppository Exir Gostar Espadana,1,ok,320000,2026-06-27T10:58:54+03:30,
2844950472356439,="0200020382",برونسبان  120 میلی لیتر شربت سبز دارو,BRONSBAN  120 ML Syrup Sabzdaru,1,ok,2440000,2026-07-01T10:41:35+03:30,
2845030517607105,,,,0,notfound,,,
2846585690349590,,,,0,notfound,,,
2847177326992511,="0201009298",کیمی کالم  60 میلی لیتر شربت کیمیاگر,KIMI CALM  60 ML Syrup Kimiagar,1,ok,950000,2026-07-21T07:38:00+03:30,
2849400642942872,,,,0,notfound,,,
2849459264407727,,,,0,notfound,,,
2849514183361104,,,,0,notfound,,,
2853144247694681,="0201007294",زینوکولیک  120 میلی لیتر شربت اروم,ZINOCOLIC  120 ML Syrup Aurum,1,ok,483000,2025-01-23T11:40:00+03:30,
2856733755511381,="0300024852",کالم انرژی  30 عدد کپسول نچرال ورلد,CALM ENERGY  30 Capsule Natural World,1,ok,218633,2026-09-19T10:35:43+03:30,
2856894422530148,,,,0,notfound,,,
2859260750597562,="0201008578",منتومکس  30 گرم ژل موضعی هرباویوا,MENTOMAX  30 GR Topical Gel HerbaViva,1,ok,1850000,2026-06-15T23:33:41+03:30,
2866458240153061,,,,0,notfound,,,
2867335796646034,,,,0,notfound,,,
2870148486339554,="0200024508",لاکتودین  10 گرم 20 عدد ساشه دینه,LACTODIN  10 GR 20 Sache Dineh,1,ok,27000,2024-10-17T10:23:36+03:30,
2870715089220436,,,,0,notfound,,,
2871961744486355,,,,0,notfound,,,
2874778834136106,="0201009068",آلوئه پلاس  30 عدد قرص نیاک,ALOE PLUS  30 Tablet Niak,1,ok,75000,2026-05-24T14:17:08+03:30,
2874930287474337,,,,0,notfound,,,
2875460449884383,,,,0,notfound,,,
2876886391970664,,,,0,notfound,,,
2880733059543119,,,,0,notfound,,,
2882659864314033,,,,0,notfound,,,
2882741455402121,="0201005453",هانی یاس  120 میلی لیتر شربت آیلار طب یاس,HONEY YAS  120 ML Syrup Aylar Teb Yas,1,ok,400000,2024-01-06T09:46:40+03:30,
2883757757366051,,,,0,notfound,,,
2888572872944653,,,,0,notfound,,,
2889187783371943,="0201006346",کولمیگان  20 عدد کپسول گیاه اسانس,COLMIGAN  20 Capsule Giah Essence,1,ok,160000,2026-06-17T09:39:29+03:30,
2891054970361440,="0301006744",کرنمد  30 عدد قرص نیچرز انلی,CRANMED  30 Tablet Natures Only,1,ok,331251,2026-08-17T11:08:51+03:30,
2891178335594301,,,,0,notfound,,,
2891245920210228,,,,0,notfound,,,
2893765675679089,,,,0,notfound,,,
2896089562933952,,,,0,notfound,,,
2897614518757539,,,,0,notfound,,,
2899470229767575,,,,0,notfound,,,
2899999614188041,,,,0,notfound,,,
2901043822571126,,,,0,notfound,,,
2901196638273006,,,,0,notfound,,,
2901544830857858,,,,0,notfound,,,
2902150597087512,,,,0,notfound,,,
2903048853554993,,,,0,notfound,,,
2903328148955734,,,,0,notfound,,,
2905812988455742,,,,0,notfound,,,
2906944740136797,="0201005647",بی بی کولیک  120 میلی لیتر شربت باریج اسانس,BABY COLIC  120 ML Syrup Barij Essence,1,ok,1650000,2026-08-23T13:05:02+03:30,
2908104044574152,,,,0,notfound,,,
2908420761322721,="0200023495",لاکتوواژ  14 عدد کپسول واژینال زیست تخمیر,LACTOVAG  14 Vaginal Capsule Zist Takhmir,1,ok,160000,2026-05-23T08:43:58+03:30,
2908436119184526,,,,0,notfound,,,
2909995360128145,,,,0,notfound,,,
2910651956246348,,,,0,notfound,,,
2911870322639832,,,,0,notfound,,,
2915109248560660,,,,0,notfound,,,
2915573435019353,,,,0,notfound,,,
2915700451843404,,,,0,notfound,,,
2915734037835568,,,,0,notfound,,,
2915862618773354,,,,0,notfound,,,
2916139572113909,,,,0,notfound,,,
2916182458484548,="0201005732",گارسینوفیت  60 عدد کپسول بهتا دارو,GARCINOFIT  60 Capsule Behta Daru,1,ok,130000,2026-05-26T12:01:27+03:30,
2916309724407505,,,,0,notfound,,,
2918924328141267,,,,0,notfound,,,
2919519657100555,,,,0,notfound,,,
2919630222215856,,,,0,notfound,,,
2920091662173126,,,,0,notfound,,,
2922037751120054,="0301007272",بایوژن  8 عدد ساشه تک ژن,BioGEN  8 Sache Takgene,1,ok,234000,2024-12-14T12:26:25+03:30,
2924211278722589,="0301007008",اکتیوا ولبیینگ وومن  30 عدد کپسول رستا ایمن دارو,ACTIVA WELL BEING WOMAN  30 Capsule Rasta Imen Daroo,1,ok,146666,2024-08-21T10:03:02+03:30,
2926244760962290,,,,0,notfound,,,
2927304036779747,,,,0,notfound,,,
2928077451860013,="0300015842",دایجستیو اید   30 عدد قرص نچرال ورلد,DIGESTIVE AID  30 Tablet Natural World,1,ok,195866,2026-08-02T09:31:14+03:30,
2929708834888249,,,,0,notfound,,,
2930261090395809,,,,0,notfound,,,
2930420973564980,="0201005792",ویگرس  60 عدد کپسول ادیب اکسیر,VIGOROUS  60 Capsule Adib Exir,1,ok,99500,2026-06-09T12:26:02+03:30,
2930498756364371,,,,0,notfound,,,
2931445298238647,,,,0,notfound,,,
2933025457650073,,,,0,notfound,,,
2933743886302334,,,,0,notfound,,,
2935777710258551,,,,0,notfound,,,
2940721140712205,,,,0,notfound,,,
2941722230818575,="0200014194",کربوگل  30 عدد کپسول گل دارو,CARBOGOL  30 Capsule Gol Darou,1,ok,100000,2026-06-15T23:25:22+03:30,
2941986781087283,,,,0,notfound,,,
2942578829576433,,,,0,notfound,,,
2944705021371158,="0200023711",آلوسالین  15 میلی لیتر اسپرى بینى آرشام دارو آريا,ALOSALIN  15 ML Nasal Spray Arsham Darou Aria,1,ok,190000,2021-06-16T09:27:37+03:30,
2945386834316449,,,,0,notfound,,,
2946478158325069,="0301006398",بایوفایت  30 عدد قرص گرین نیچر,BIO-FIGHT  30 Tablet Green Nature,1,ok,482666,2026-06-28T09:04:17+03:30,
2947206677323762,,,,0,notfound,,,
2948923727061358,,,,0,notfound,,,
2951402532922158,="0200023915",سلرکس فورت  30 عدد قرص روکشدار گلدن لایف,CELER-X FORTE  30 F.C. Tablet Golden Life,1,ok,350000,2026-06-16T12:47:29+03:30,
2952527386925149,="0200010791",فیتو آرتریت  30 عدد کپسول گل دارو,PHYTO ARTHRIT  30 Capsule Gol Darou,1,ok,170000,2026-05-21T11:18:13+03:30,
2954237487983462,,,,0,notfound,,,
2954273919132949,,,,0,notfound,,,
2957723632720398,,,,0,notfound,,,
2958660678487438,,,,0,notfound,,,
2959582195230663,,,,0,notfound,,,
2961612827319688,,,,0,notfound,,,
2963035635116815,,,,0,notfound,,,
2963662037964739,,,,0,notfound,,,
2964024544181667,,,,0,notfound,,,
2964100628008402,,,,0,notfound,,,
2964644652047909,,,,0,notfound,,,
2964711179790323,,,,0,notfound,,,
2964779796151918,,,,0,notfound,,,
2966122459526638,,,,0,notfound,,,
2968176549191142,,,,0,notfound,,,
2971952938735670,,,,0,notfound,,,
2972322378680239,,,,0,notfound,,,
2972418573509615,,,,0,notfound,,,
2973817054220888,="0201007074",اتنساف  60 عدد کپسول سمانیک,ATTENSAF  60 Capsule Samanik,1,ok,265000,2026-05-24T17:34:02+03:30,
2973869852925611,="0301007263",بروزایم پلاس  30 عدد کپسول تچرا فارمد,BROZYME PLUS  30 Capsule Techra Pharmed,1,ok,90000,2024-09-18T09:21:56+03:30,
2975118088698549,,,,0,notfound,,,
2975843279749562,,,,0,notfound,,,
2979115032280372,="0201006086",لیوردین کمپلکس  50 عدد قرص دینه,LIVERDIN COMPLEX  50 Tablet Dineh,1,ok,74000,2025-12-04T09:48:01+03:30,
2980757437502864,,,,0,notfound,,,
2981439612756092,,,,0,notfound,,,
2983023227900000,,,,0,notfound,,,
2983771814674349,="0201009253",نوروگین  60 عدد کپسول طب مفید نیکان,NEUROGAIN  60 Capsule Teb Mofid Nikan,1,ok,450000,2026-06-20T10:11:18+03:30,
2985646474235985,,,,0,notfound,,,
2985985739499413,,,,0,notfound,,,
2987286191364631,,,,0,notfound,,,
2992583374176760,,,,0,notfound,,,
2993098381873929,,,,0,notfound,,,
2994977878904441,="0201009243",ماری گلد  15 گرم پماد موضعی توسن دارو,MARIGOLD  15 GR Topical Ointment Tosan Darou,1,ok,1650000,2026-06-07T14:08:17+03:30,
2995890920640230,="0201009291",ژنوول  90 عدد کپسول,GENUWELL  90 Capsule,1,ok,260000,2026-07-15T17:51:29+03:30,
2996389780104568,,,,0,notfound,,,
2997698740512847,="0200014599",روجینسینگ  500 میلی گرم 30 عدد کپسول قائم دارو,RUGINSENG  500 MG 30 Capsule Ghaem Darou,1,ok,90000,2026-06-07T08:26:16+03:30,
2997854796124957,,,,0,notfound,,,
2998604062545256,,,,0,notfound,,,
2998759070629848,="0400014973",دنتوگان  3 گرم ژل موضعی گیاه اسانس,DENTOGAN  3 GR Topical Gel Giah Essence,1,ok,950000,2026-05-13T15:27:41+03:30,
2999958232005392,,,,0,notfound,,,
3000387975983413,="0200001701",والی فلور  30 عدد قرص نیاک,VALIFLORE  30 Tablet Niak,1,ok,120000,2026-07-20T09:50:25+03:30,
3001236549116751,,,,0,notfound,,,
3002560130079972,,,,0,notfound,,,
3002719577153818,="0201005675",آوسوی  20 عدد کپسول بنیان سلامت کسری,AVOSOY  20 Capsule BSK,1,ok,220000,2026-05-31T13:08:49+03:30,
3003122867784003,,,,0,notfound,,,
3004290380024989,,,,0,notfound,,,
3005280742838796,,,,0,notfound,,,
3005930931266088,,,,0,notfound,,,
3007210119401067,,,,0,notfound,,,
3011241849319979,,,,0,notfound,,,
3013436525047091,,,,0,notfound,,,
3013990482506254,="0200020899",میرتوهیل  15 میلی لیتر قطره ایران داروک,MYRTUHEAL  15 ML Drop Iran Darouk,1,ok,267000,2024-07-11T11:36:14+03:30,
3017724984193557,,,,0,notfound,,,
3020377495368101,,,,0,notfound,,,
3023924629084890,,,,0,notfound,,,
3024468870728829,,,,0,notfound,,,
3025341019567682,,,,0,notfound,,,
3027270231557257,,,,0,notfound,,,
3027765050203339,,,,0,notfound,,,
3028632461511809,,,,0,notfound,,,
3028925379941519,="0200012663",امی ویتال آرتروهرب  12 میلی گرم 30 عدد قرص روکشدار امین,AMIVITAL ARTHROHERB  12 MG 30 F.C. Tablet Amin,1,ok,15000,2025-02-09T10:10:53+03:30,
3031777385875670,,,,0,notfound,,,
3032905169695764,,,,0,notfound,,,
3033758374117638,,,,0,notfound,,,
3034890137054631,,,,0,notfound,,,
3036808750141876,,,,0,notfound,,,
3038001356932930,,,,0,notfound,,,
3038339362587115,,,,0,notfound,,,
3038515582700045,,,,0,notfound,,,
3041315424324744,,,,0,notfound,,,
3042014924641911,="0301007266",بایوبوست  30 عدد کپسول تک ژن,BioBOOST  30 Capsule Takgene,1,ok,350000,2026-05-31T12:15:40+03:30,
3044722068792460,,,,0,notfound,,,
3046585266715666,="0200019273",پرودایجست پویا  30 عدد کپسول گسترش میلاد فارمد,PRODIGEST POUYA  30 Capsule Gostaresh Milad Pharmed,1,ok,300000,2026-06-27T10:27:39+03:30,
3048333678555311,,,,0,notfound,,,
3050119455025215,,,,0,notfound,,,
3052418622140259,,,,0,notfound,,,
3052557426759152,="0200023911",کیدز بیمیون  30 میلی لیتر اسپرى دهانی گیاهان سبز زندگی,KIDS BEE MMUNE  30 ML Buccal Spray Green Plants Of Life,1,ok,3500000,2026-09-21T12:56:31+03:30,
3053722319342470,="0201007061",بوستر لیور  30 عدد کپسول سلامت گستر آرتیمان,BOOSTER LIVER  30 Capsule Salamat Gostar Artiman,1,ok,116666,2026-06-13T22:54:39+03:30,
3055139755835491,="0301006977",راتاهیل  30 عدد کپسول پویش دارو,RATAHEAL  30 Capsule Pooyesh Darou,1,ok,173333,2026-06-13T22:50:57+03:30,
3055502619826089,,,,0,notfound,,,
3055705390797815,,,,0,notfound,,,
3058826040128418,,,,0,notfound,,,
3059058391846215,,,,0,notfound,,,
3059263384408362,,,,0,notfound,,,
3061385729936373,="0200002538",دنتول  2 میلی لیتر قطره خرمان,DENTOL  2 ML Drop Khorraman,1,ok,1750000,2026-05-25T10:32:01+03:30,
3061889589628819,,,,0,notfound,,,
3062344454703778,,,,0,notfound,,,
3065038480963595,,,,0,notfound,,,
3065136130243482,="0301006886",ردوکسا  60 عدد کپسول نوتراکس,REDUXA  60 Capsule Nutrax,1,ok,155000,2026-06-07T09:52:39+03:30,
3065230191400077,,,,0,notfound,,,
3066041292064385,,,,0,notfound,,,
3067691182466326,,,,0,notfound,,,
3068501073111624,,,,0,notfound,,,
3069636067273726,,,,0,notfound,,,
3070274316080717,,,,0,notfound,,,
3070839192034844,,,,0,notfound,,,
3074396167779945,,,,0,notfound,,,
3074520564524986,,,,0,notfound,,,
3078136919898717,,,,0,notfound,,,
3080333812755801,,,,0,notfound,,,
3082286928348130,,,,0,notfound,,,
3082746135185385,,,,0,notfound,,,
3082874314581934,="0301007010",پرونوتری ولبیینگ گستریک  30 عدد کپسول رستا ایمن دارو,PRONUTRI WELL BEING GASTRIC  30 Capsule Rasta Imen Daroo,1,ok,126666,2024-08-21T10:09:52+03:30,
3083357824571904,,,,0,notfound,,,
3084926496856264,,,,0,notfound,,,
3089896055014222,,,,0,notfound,,,
3091232398980911,="0201006363",کورکوآکس  30 عدد کپسول گویا فارمد آریا,CORCOAX  30 Capsule Goya Pharmed Arya,1,ok,28333,2024-06-23T12:27:35+03:30,
3091356117035953,,,,0,notfound,,,
3092071130791162,,,,0,notfound,,,
3094281338592289,="0200019761",گل - ایچ  150 میلی لیتر لوسیون موضعی گل دارو,GOL-ITCH  150 ML Topical Lotion Gol Darou,1,ok,600000,2021-06-03T10:41:30+03:30,
3095241784420913,="0200014197",ریپل گل  30 گرم کرم موضعی گل دارو,REPELGOL  30 GR Topical Cream Gol Darou,1,ok,1500000,2026-04-30T12:16:54+03:30,
3095734414584061,,,,0,notfound,,,
3095933040864605,,,,0,notfound,,,
3096554870543924,,,,0,notfound,,,
3097027164943156,,,,0,notfound,,,
3097775110442576,="0301006399",دیپ لانگ ساپورت  30 عدد کپسول گرین نیچر,DEEP LUNG SUPPORT  30 Capsule Green Nature,1,ok,463333,2026-06-28T08:46:23+03:30,
3099851423319330,,,,0,notfound,,,
3100158968360675,,,,0,notfound,,,
3104405424520779,="0200014394",رزماریدین  30 گرم کرم موضعی دینه,ROSEMARIDIN  30 GR Topical Cream Dineh,1,ok,1500000,2026-04-16T09:53:18+03:30,
3107539896745239,,,,0,notfound,,,
3109437045254907,,,,0,notfound,,,
3109646052794873,="0200007887",دروزیل  30 میلی لیتر قطره خوراکى گیاه اسانس,DROSIL  30 ML Oral Drop Giah Essence,1,ok,280000,2024-06-19T10:52:49+03:30,
3110097987817760,,,,0,notfound,,,
3110609347324285,="0201005661",پروستالیو  30 عدد کپسول بهداشت فارمد لوتوس,PROSTALEAVE  30 Capsule Behdasht Pharmed Lotus,1,ok,295000,2026-08-05T17:48:21+03:30,
3115423325826914,="0301007025",ردوکس ریاپت  120 میلی لیتر شربت رضا دارو,REDOX REAPPET  120 ML Syrup Reza Darou,1,ok,980000,2024-08-21T11:40:15+03:30,
3115641345182198,,,,0,notfound,,,
3117984848471004,,,,0,notfound,,,
3119453183139459,="0301006994",های - ویژن  60 عدد قرص رها,HIGH - VISION  60 Tablet Raha,1,ok,17333,2024-08-14T12:33:59+03:30,
3121780997796969,="0301007024",ردوکس ردوفیت  30 عدد کپسول رضا دارو,REDOX REDOFIT  30 Capsule Reza Darou,1,ok,116666,2025-03-01T09:36:53+03:30,
3121875814574928,,,,0,notfound,,,
3123398645902761,="0201007303",ژلومینت آی بی اس  30 عدد سافت ژل وشا دارو پارس,GELOMINT IBS  30 Soft Gelatin Capsule Vasha Darou Pars,1,ok,48333,2024-09-23T09:11:20+03:30,
3128199290918065,,,,0,notfound,,,
3128431874238197,,,,0,notfound,,,
3129958944401478,,,,0,notfound,,,
3132207342401873,,,,0,notfound,,,
3132211523429565,,,,0,notfound,,,
3133273058724514,,,,0,notfound,,,
3133630853532417,="0201006643",کالیک اطفال  120 میلی لیتر شربت نو تک فار,CULIC PEDIATRIC  120 ML Syrup Know.Tech.Phar,1,ok,1638000,2026-05-24T14:24:49+03:30,
3134227123939738,="0200014562",پدی كاف  60 میلی لیتر شربت دینه,PEDICOUGH  60 ML Syrup Dineh,1,ok,1500000,2026-03-12T12:04:35+03:30,
3136840468485014,,,,0,notfound,,,
3139052210298342,,,,0,notfound,,,
3140896146570957,="0200023791",وینیسین باریج  350 میلی گرم 30 عدد کپسول باریج اسانس,VINISCIN BARIJ  350 MG 30 Capsule Barij Essence,1,ok,28333,2022-12-19T11:46:00+03:30,
3141131411387180,,,,0,notfound,,,
3142108942542883,,,,0,notfound,,,
3142308590591563,,,,0,notfound,,,
3142779933436958,,,,0,notfound,,,
3143149276209291,,,,0,notfound,,,
3143496249091607,,,,0,notfound,,,
3144704373351474,,,,0,notfound,,,
3145143772653241,,,,0,notfound,,,
3145211019275901,,,,0,notfound,,,
3145797740215598,,,,0,notfound,,,
3145958755424065,,,,0,notfound,,,
3148412195507349,,,,0,notfound,,,
3153424462878449,="0200025199",داتورین  30 عدد قرص سینا فرآور,DATURINE SINA  30 Tablet Sina Faravar,1,ok,115000,2026-05-16T10:01:31+03:30,
3161524174069968,,,,0,notfound,,,
3161817192899072,,,,0,notfound,,,
3161964567666209,="0200014599",روجینسینگ  500 میلی گرم 30 عدد کپسول قائم دارو,RUGINSENG  500 MG 30 Capsule Ghaem Darou,1,ok,90000,2026-06-07T08:26:16+03:30,
3162339335877714,,,,0,notfound,,,
3163699427122382,,,,0,notfound,,,
3164331083518726,,,,0,notfound,,,
3164766334896905,,,,0,notfound,,,
3165032450642870,,,,0,notfound,,,
3170780995231513,,,,0,notfound,,,
3171436718455550,="0201005739",واژینفکت بی دی آ  6 عدد شیاف واژینال بهتا دارو,VAGINFECT BDA  6 Vaginal Suppository Behta Daru,1,ok,650000,2026-05-05T12:51:24+03:30,
3174011518247491,,,,0,notfound,,,
3174011970972700,,,,0,notfound,,,
3175251477348050,,,,0,notfound,,,
3177779684069835,,,,0,notfound,,,
3180121637784581,,,,0,notfound,,,
3180489742530056,,,,0,notfound,,,
3181106891160548,,,,0,notfound,,,
3181967577827626,,,,0,notfound,,,
3182443428671573,,,,0,notfound,,,
3183480522561521,,,,0,notfound,,,
3184316217560822,,,,0,notfound,,,
3185053872426083,,,,0,notfound,,,
3186046566808852,,,,0,notfound,,,
3186156294020876,,,,0,notfound,,,
3189824567185359,,,,0,notfound,,,
3192458277739092,,,,0,notfound,,,
3193026991695775,="0201006053",رد کولد  120 میلی لیتر شربت دایا دارو,RED COLD  120 ML Syrup Daya Darou,1,ok,680000,2024-06-02T10:19:06+03:30,
3193301196001104,,,,0,notfound,,,
3193910183356489,,,,0,notfound,,,
3195344961840443,,,,0,notfound,,,
3195647180651726,,,,0,notfound,,,
3195999564565095,="0200001726",ویتاگنوس  30 میلی لیتر قطره پورسینا,VITAGNUS  30 ML Drop Pursina,1,ok,850000,2026-06-16T09:13:29+03:30,
3196002472932868,="0201003654",سیلی دیانین  60 عدد کپسول ادیب اکسیر,SILYDIANIN  60 Capsule Adib Exir,1,ok,54000,2026-05-02T10:06:09+03:30,
3198966776798390,,,,0,notfound,,,
3199577115185979,="0200020137",پلارژین  120 میلی لیتر شربت پارس گیتا دارو,PELARGIN  120 ML Syrup Pars Gita Darou,1,ok,4100000,2026-07-25T09:24:48+03:30,
3200385936572233,,,,0,notfound,,,
3201215631973989,,,,0,notfound,,,
3201215883669033,="0200002272",نوراگل  30 عدد قرص گل دارو,NEUROGOL  30 Tablet Gol Darou,1,ok,120000,2026-06-15T23:22:03+03:30,
3202888236617890,,,,0,notfound,,,
3206019555039743,,,,0,notfound,,,
3207675247440827,="0200000735",لاگزاريسين  40 گرم محلول خوراکی دینه,LAXARICIN  40 GR Oral Solution Dineh,1,ok,1000000,2026-04-16T09:50:42+03:30,
3207950025597569,,,,0,notfound,,,
3208866310152710,="0200021342",لیوروفیت  60 عدد قرص ایران داروک,LIVEROFIT  60 Tablet Iran Darouk,1,ok,85000,2026-06-03T11:56:22+03:30,
3210271895280641,,,,0,notfound,,,
3210478641309961,,,,0,notfound,,,
3211491699280991,,,,0,notfound,,,
3211573891756498,,,,0,notfound,,,
3211782504941622,,,,0,notfound,,,
3213242160165893,,,,0,notfound,,,
3215279800873641,,,,0,notfound,,,
3216770685434482,,,,0,notfound,,,
3217477533196119,,,,0,notfound,,,
3218478074516355,,,,0,notfound,,,
3219832265477642,,,,0,notfound,,,
3222566115405145,,,,0,notfound,,,
3228835855641467,="0301007268",بایوفلورا  30 عدد کپسول تک ژن,BioFLORA  30 Capsule Takgene,1,ok,250000,2026-05-31T11:44:08+03:30,
3231070084934423,,,,0,notfound,,,
3231696559786753,,,,0,notfound,,,
3232645261776259,,,,0,notfound,,,
3232897524218582,="0300023418",کاماسوترا  30 عدد کپسول گلدن لایف,KAMASOTRA  30 Capsule Golden Life,1,ok,180000,2026-07-14T14:23:42+03:30,
3235452289501365,,,,0,notfound,,,
3236312448648188,,,,0,notfound,,,
3237246971193119,,,,0,notfound,,,
3237849972916229,,,,0,notfound,,,
3238968552154932,="0200023495",لاکتوواژ  14 عدد کپسول واژینال زیست تخمیر,LACTOVAG  14 Vaginal Capsule Zist Takhmir,1,ok,160000,2026-05-23T08:43:58+03:30,
3239098642231993,,,,0,notfound,,,
3239294984573417,,,,0,notfound,,,
3240113538105386,="0200018758",سیستون  60 عدد قرص هیمالیا,CYSTONE  60 Tablet Himalaya,1,ok,190000,2026-06-13T23:01:44+03:30,
3240160380614802,,,,0,notfound,,,
3244132673632084,,,,0,notfound,,,
3244970797022607,,,,0,notfound,,,
3245629361132133,,,,0,notfound,,,
3250540169865031,,,,0,notfound,,,
3250572155933800,,,,0,notfound,,,
3251293757686011,,,,0,notfound,,,
3252380587023564,,,,0,notfound,,,
3252431723361490,,,,0,notfound,,,
3252735972869306,,,,0,notfound,,,
3253228429950361,,,,0,notfound,,,
3255565872568913,,,,0,notfound,,,
3256851471764270,,,,0,notfound,,,
3256953757828887,,,,0,notfound,,,
3267593722603152,,,,0,notfound,,,
3269677862599252,,,,0,notfound,,,
3270739660911979,,,,0,notfound,,,
3271666035756973,,,,0,notfound,,,
3271869676942999,,,,0,notfound,,,
3272803315919256,,,,0,notfound,,,
3272950692506655,,,,0,notfound,,,
3274443676263813,="0201009012",پلاروسام بزرگسال  120 میلی لیتر شربت رایا,PELAROSAM ADULT  120 ML Syrup Raya,1,ok,2190000,2025-12-06T12:37:26+03:30,
3276790552471259,,,,0,notfound,,,
3276893160195144,,,,0,notfound,,,
3280725634835263,,,,0,notfound,,,
3282077188645375,,,,0,notfound,,,
3284072668005516,,,,0,notfound,,,
3286086468348882,,,,0,notfound,,,
3287459092943453,="0200019784",دیاتوسین  120 میلی لیتر شربت گل دارو,DIATUSSIN  120 ML Syrup Gol Darou,1,ok,910000,2024-12-24T11:25:15+03:30,
3288740090804754,,,,0,notfound,,,
3290730917452382,,,,0,notfound,,,
3294285495160615,="0200018758",سیستون  60 عدد قرص هیمالیا,CYSTONE  60 Tablet Himalaya,1,ok,190000,2026-06-13T23:01:44+03:30,
3294297351929226,,,,0,notfound,,,
3294389556141241,,,,0,notfound,,,
3296014217731558,,,,0,notfound,,,
3298417191378469,="0200025304",جنرال تونیک  شکلاتی 20 عدد ساشه دینه,GENERAL TONIC  COCOA 20 Sache Dineh,1,ok,200000,2026-06-09T12:49:20+03:30,
3298947246267448,,,,0,notfound,,,
3299981840371753,,,,0,notfound,,,
3301593451077394,,,,0,notfound,,,
3305817957699247,,,,0,notfound,,,
3306684653046511,,,,0,notfound,,,
3307451884620342,,,,0,notfound,,,
3308314715933675,,,,0,notfound,,,
3308822219751286,,,,0,notfound,,,
3309531918200209,,,,0,notfound,,,
3309769948878217,,,,0,notfound,,,
3309884469270922,,,,0,notfound,,,
3310003598406543,,,,0,notfound,,,
3310746433631517,,,,0,notfound,,,
3310825035212073,,,,0,notfound,,,
3312098045386886,,,,0,notfound,,,
3316369295722724,,,,0,notfound,,,
3317814426560109,,,,0,notfound,,,
3318452150716109,,,,0,notfound,,,
3320111782151324,="0201007146",سیم لیور  140 میلی گرم 30 عدد قرص سیمرغ داروی عطار,SIM LIVER  140 MG 30 Tablet Simorgh Darou Attar,1,ok,85500,2026-04-20T16:13:12+03:30,
3323518140187197,,,,0,notfound,,,
3325616451407730,="0201006480",منوفیکس  30 عدد قرص هرباویوا,MENOFIX  30 Tablet HerbaViva,1,ok,180000,2026-06-15T23:28:01+03:30,
3327423871649772,,,,0,notfound,,,
3329329086160641,,,,0,notfound,,,
3333550829022943,,,,0,notfound,,,
3334468181014613,,,,0,notfound,,,
3334991158620982,,,,0,notfound,,,
3335504017355224,,,,0,notfound,,,
3336746198287342,,,,0,notfound,,,
3337233860594866,="0201005926",تریبولوس ترستریس  60 عدد کپسول برسام فارمد,TRIBULUS TERRESTRIS  60 Capsule Barsam Pharmed,1,ok,133333,2026-07-21T12:43:45+03:30,
3338781427494147,,,,0,notfound,,,
3339772529372988,,,,0,notfound,,,
3340110165687823,="0200015628",جینکوویتون  200 میلی لیتر شربت رها,GINKGOVITON  200 ML Syrup Raha,1,ok,2750000,2026-08-31T10:42:34+03:30,
3342031457879512,,,,0,notfound,,,
3342475046356011,,,,0,notfound,,,
3343208460131111,,,,0,notfound,,,
3344974914050752,,,,0,notfound,,,
3345982569982295,="0200024959",موسیلیوم فورت  پرتقالی 7 عدد ساشه ایران داروک,MUSYLIUM FORTE  ORANGE 7 Sache Iran Darouk,1,ok,550000,2026-06-16T08:47:28+03:30,
3346186486594055,,,,0,notfound,,,
3347616257040896,,,,0,notfound,,,
3347813532107527,,,,0,notfound,,,
3348928010778390,,,,0,notfound,,,
3349777928244966,,,,0,notfound,,,
3351510072004830,,,,0,notfound,,,
3356586236800329,="0200010792",ممورال  30 عدد کپسول گل دارو,MEMORAL  30 Capsule Gol Darou,1,ok,120000,2026-04-30T12:01:39+03:30,
3359854419974330,,,,0,notfound,,,
3360451028116023,,,,0,notfound,,,
3360653131721523,,,,0,notfound,,,
3364615658835241,,,,0,notfound,,,
3364975246551112,,,,0,notfound,,,
3365418148520406,,,,0,notfound,,,
3367668776915672,,,,0,notfound,,,
3369037098686567,,,,0,notfound,,,
3369804192363399,="0301005799",گابیس آلژینات سدیم  200 میلی لیتر سوسپانسیون البرز دارو,GABYS SODIUM ALGINATE  200 ML Suspension Alborz Darou,1,ok,3000000,2026-05-04T11:16:09+03:30,
3370554355511565,,,,0,notfound,,,
3372035859496009,,,,0,notfound,,,
3376018882685736,,,,0,notfound,,,
3380620236416473,="0201006059",دایان فیت  60 عدد کپسول دایان فارما,DAYAN FIT  60 Capsule DAYAN PHARMA,1,ok,94495,2026-08-02T10:04:03+03:30,
3382000119603711,,,,0,notfound,,,
3382198616770317,="0201006534",منسوفیت  30 عدد قرص ایران داروک,MENSOPHYT  30 Tablet Iran Darouk,1,ok,20000,2024-07-10T12:00:59+03:30,
3384237180050470,,,,0,notfound,,,
3387198382286578,="0301007233",ترادامیکس  30 عدد قرص,TRADAMIX  30 Tablet,1,ok,200000,2026-08-31T10:07:02+03:30,
3388820825275040,,,,0,notfound,,,
3389646298484518,,,,0,notfound,,,
3389825174876676,,,,0,notfound,,,
3389906017843903,,,,0,notfound,,,
3390619346099973,,,,0,notfound,,,
3395522212341228,="0200018998",هراکلس  30 عدد قرص روکشدار ایران داروک,HERACLES  30 F.C. Tablet Iran Darouk,1,ok,18000,2024-07-11T11:37:17+03:30,
3395559721345681,="0200002267",گاسترولیت  15 میلی لیتر قطره خوراکى باریج اسانس,GASTROLIT  15 ML Oral Drop Barij Essence,1,ok,130000,2021-04-18T12:19:30+03:30,
3395975627406276,,,,0,notfound,,,
3399675349129913,,,,0,notfound,,,
3401077779079616,="0301009017",سینامون سون پلاس  30 عدد قرص بنیان سلامت کسری,Cinnamon 7 Plus  30 Tablet BSK,1,ok,85000,2026-04-30T13:58:50+03:30,
3405158473848754,="0200023561",پلارژین کیدز  120 میلی لیتر شربت پارس گیتا دارو,PELARGIN KIDS  120 ML Syrup Pars Gita Darou,1,ok,4100000,2026-07-25T09:22:24+03:30,
3406282625901486,,,,0,notfound,,,
3407377855456670,,,,0,notfound,,,
3416728081874469,,,,0,notfound,,,
3416754786922627,,,,0,notfound,,,
3416855744222308,,,,0,notfound,,,
3419276733604988,,,,0,notfound,,,
3423162429982860,,,,0,notfound,,,
3423462814639763,="0201007304",نرووریلکس  30 عدد قرص وشا دارو پارس,NERVORELAX  30 Tablet Vasha Darou Pars,1,ok,160000,2026-07-28T09:16:04+03:30,
3424588891166314,,,,0,notfound,,,
3426465591292509,,,,0,notfound,,,
3426820736119608,,,,0,notfound,,,
3428724949794580,,,,0,notfound,,,
3428856071288571,,,,0,notfound,,,
3432444399770771,,,,0,notfound,,,
3433462627208046,="0201006299",پلاروکا پلاس  30 عدد کپسول فاران شیمی,PELAROKA PLUS  30 Capsule Faran Shimi,1,ok,26666,2024-06-16T10:40:00+03:30,
3434518014160158,,,,0,notfound,,,
3436791986300661,,,,0,notfound,,,
3438153499737158,,,,0,notfound,,,
3438723397902209,,,,0,notfound,,,
3440362963913260,,,,0,notfound,,,
3440640051197959,,,,0,notfound,,,
3441375647363027,,,,0,notfound,,,
3442054794717532,,,,0,notfound,,,
3442652051575358,="0200024161",اورتیکا زد بی  250 میلی لیتر محلول زردبند,URTICA ZB  250 ML Solution Zard Band,1,ok,8900000,2026-08-24T11:12:22+03:30,
3443743176893568,,,,0,notfound,,,
3444645165156970,="0301007348",فارمونیس  60 عدد کپسول ویتامدیک,PHARMONIS  60 Capsule Vitamediq,1,ok,53333,2024-09-24T11:22:46+03:30,
3445583245668506,,,,0,notfound,,,
3446585248066298,,,,0,notfound,,,
3447511958225525,,,,0,notfound,,,
3450031742131483,="0200023862",بیمیون  30 میلی لیتر اسپرى دهانی گیاهان سبز زندگی,BEE MMUNE  30 ML Buccal Spray Green Plants Of Life,1,ok,3500000,2026-09-21T12:55:44+03:30,
3453736814350766,,,,0,notfound,,,
3454055948396461,,,,0,notfound,,,
3454774540639283,,,,0,notfound,,,
3455278018181396,,,,0,notfound,,,
3455744085277328,,,,0,notfound,,,
3457779582218357,,,,0,notfound,,,
3459406475061111,,,,0,notfound,,,
3460833439445318,,,,0,notfound,,,
3461484540728018,,,,0,notfound,,,
3461814813814482,,,,0,notfound,,,
3461855588850168,="0200018922",اسلیم فول  60 عدد کپسول سبز دارو,SLIM FULL  60 Capsule Sabzdaru,1,ok,65500,2026-07-01T10:44:50+03:30,
3464668890531865,,,,0,notfound,,,
3465956726709310,,,,0,notfound,,,
3467035649540944,,,,0,notfound,,,
3468017537937152,,,,0,notfound,,,
3468075170426516,,,,0,notfound,,,
3469084145614971,,,,0,notfound,,,
3469407947018206,,,,0,notfound,,,
3470562870786659,,,,0,notfound,,,
3471167793585410,="0201005644",برونکی کات  120 میلی لیتر شربت باریج اسانس,BRONCHICUT  120 ML Syrup Barij Essence,1,ok,700000,2024-02-29T10:05:56+03:30,
3471756982281883,,,,0,notfound,,,
3473019528680638,="0201005625",های سنس  500 میلی گرم 30 عدد قرص روکشدار باریج اسانس,HIGHSENSE  500 MG 30 F.C. Tablet Barij Essence,1,ok,110000,2026-07-14T17:47:22+03:30,
3473575380703092,="0200001466",دیلسان  15 میلی لیتر قطره خوراکى باریج اسانس,DILLSUN  15 ML Oral Drop Barij Essence,1,ok,170000,2021-04-17T11:07:40+03:30,
3477286618236613,="0301007356",رد جینسینگ و مولتی ویتامین و مینرال  30 عدد قرص ویتامین لایف,RED GINSENG AND MULTIVITAMIN AND MINERAL  30 Tablet Vitamin Life,1,ok,180000,2026-06-15T22:38:21+03:30,
3477366194787368,,,,0,notfound,,,
3479337254912059,,,,0,notfound,,,
3479781621897571,="0200024872",تاناستوم زد بی  30 میلی لیتر قطره خوراکى زردبند,TANACETUM ZB  30 ML Oral Drop Zard Band,1,ok,1150000,2024-10-01T10:10:19+03:30,
3481909354779433,="0201005744",ماسل هرب  60 عدد کپسول بهتا دارو,MUSCLE HERB  60 Capsule Behta Daru,1,ok,175000,2026-05-05T12:49:20+03:30,
3485972813627919,="0200013628",ونوویتال  30 عدد قرص روکشدار دینه,VENOVITAL  30 F.C. Tablet Dineh,1,ok,95000,2026-08-02T09:12:12+03:30,
3486045299606485,,,,0,notfound,,,
3486091693652629,,,,0,notfound,,,
3490541157686451,,,,0,notfound,,,
3490931690075128,,,,0,notfound,,,
3491600690231526,="0201006605",فلکسیبان  30 عدد کپسول کارنیک دارو,FLEXIBAN  30 Capsule Karnic Darou,1,ok,66666,2024-07-20T09:24:01+03:30,
3492438675627228,,,,0,notfound,,,
3497558162580493,,,,0,notfound,,,
3497621067991628,="0201005538",اهورا نی نی  120 میلی لیتر شربت اهورا دارو,AHURA NINI  120 ML Syrup Ahoura Darou,1,ok,2070000,2026-09-03T09:55:44+03:30,
3498635741002239,,,,0,notfound,,,
3498813773250972,,,,0,notfound,,,
3499687234243209,,,,0,notfound,,,
3501516817922147,,,,0,notfound,,,
3501729287117657,,,,0,notfound,,,
3503872446947337,,,,0,notfound,,,
3507112540854981,,,,0,notfound,,,
3509970919062449,,,,0,notfound,,,
3511991289099601,,,,0,notfound,,,
3515112254327316,,,,0,notfound,,,
3516166933689692,,,,0,notfound,,,
3517151734550542,,,,0,notfound,,,
3517558452710773,,,,0,notfound,,,
3519238573465592,,,,0,notfound,,,
3519354252571616,,,,0,notfound,,,
3519558890619054,,,,0,notfound,,,
3521331751776894,="0200005551",منستروگل  30 عدد کپسول گل دارو,MENSTRUGOL  30 Capsule Gol Darou,1,ok,70000,2025-10-27T11:08:02+03:30,
3521448781300682,,,,0,notfound,,,
3524061980913202,,,,0,notfound,,,
3524937829538275,,,,0,notfound,,,
3526845878600538,,,,0,notfound,,,
3529177553142007,,,,0,notfound,,,
3530973781461139,,,,0,notfound,,,
3532348239835523,,,,0,notfound,,,
3532507474106301,,,,0,notfound,,,
3533509672877770,,,,0,notfound,,,
3534761456107007,="0200023915",سلرکس فورت  30 عدد قرص روکشدار گلدن لایف,CELER-X FORTE  30 F.C. Tablet Golden Life,1,ok,350000,2026-06-16T12:47:29+03:30,
3535396229917557,="0301006400",سورناندین  30 عدد کپسول گرین نیچر,SORENANDIN  30 Capsule Green Nature,1,ok,590000,2026-06-28T08:44:59+03:30,
3535460416060908,,,,0,notfound,,,
3535854867175553,,,,0,notfound,,,
3538525392441023,,,,0,notfound,,,
3540042943710384,,,,0,notfound,,,
3541331817922881,="0300023418",کاماسوترا  30 عدد کپسول گلدن لایف,KAMASOTRA  30 Capsule Golden Life,1,ok,180000,2026-07-14T14:23:42+03:30,
3547113887726339,,,,0,notfound,,,
3552248062600751,,,,0,notfound,,,
3552966331938017,,,,0,notfound,,,
3553771395345892,="0201005631",باری اسلیم  610 میلی گرم 60 عدد کپسول باریج اسانس,BARI SLIM  610 MG 60 Capsule Barij Essence,1,ok,90000,2026-07-16T15:42:29+03:30,
3553961726164452,,,,0,notfound,,,
3555260627314120,,,,0,notfound,,,
3555352275144689,,,,0,notfound,,,
3556997798343433,,,,0,notfound,,,
3557012339445799,,,,0,notfound,,,
3558280743206638,,,,0,notfound,,,
3565320829019220,,,,0,notfound,,,
3565827262810026,,,,0,notfound,,,
3566684587607471,,,,0,notfound,,,
3568838393748388,,,,0,notfound,,,
3568903610306503,,,,0,notfound,,,
3570960047390207,="0200014259",توسیان اطفال  60 میلی لیتر شربت گل دارو,CHILDRENS TUSSIAN  60 ML Syrup Gol Darou,1,ok,1800000,2026-04-30T12:03:05+03:30,
3573205884373324,,,,0,notfound,,,
3574216554641222,,,,0,notfound,,,
3574253670369171,="0301007194",اپتایزر  200 میلی لیتر شربت استار ویت,APPETIZER  200 ML Syrup Star Vit,1,ok,6000000,2026-06-22T09:54:28+03:30,
3577255011772029,,,,0,notfound,,,
3579158124780293,,,,0,notfound,,,
3579222932721299,,,,0,notfound,,,
3579504255900932,,,,0,notfound,,,
3580120790465284,,,,0,notfound,,,
3581798893880740,="0301007155",سیموپروستات  30 عدد کپسول سیمرغ داروی عطار,SIMOPROSTAT  30 Capsule Simorgh Darou Attar,1,ok,159000,2026-05-03T15:42:34+03:30,
3582846887147749,,,,0,notfound,,,
3583782999448572,="0201009067",زنیان پلاس  100 عدد کپسول نیاک,ZENIAN PLUS  100 Capsule Niak,1,ok,75000,2026-06-29T14:02:50+03:30,
3587208299165046,="0301006645",ایبسیوم  30 عدد کپسول کوشان فارمد,IBSIUM  30 Capsule Koushan Pharmed,1,ok,150000,2026-03-12T12:15:57+03:30,
3587653040026696,,,,0,notfound,,,
3587860984728731,="0301007140",بیوپد + ویتامین د  15 میلی لیتر قطره خوراکى سیمرغ داروی عطار,BIOPED + VIT D  15 ML Oral Drop Simorgh Darou Attar,1,ok,750000,2024-09-10T11:45:22+03:30,
3587867121039319,,,,0,notfound,,,
3588322363363523,="0200010342",اسلیم کوئیک  30 عدد قرص گل دارو,SLIM QUICK  30 Tablet Gol Darou,1,ok,120000,2026-04-30T11:33:29+03:30,
3589360436295978,,,,0,notfound,,,
3590944170838849,,,,0,notfound,,,
3592883788196597,,,,0,notfound,,,
3592972060978450,,,,0,notfound,,,
3594061519280181,,,,0,notfound,,,
3595740250597229,,,,0,notfound,,,
3597065546601547,,,,0,notfound,,,
3598481152614195,,,,0,notfound,,,
3602735177601861,,,,0,notfound,,,
3603944554602561,,,,0,notfound,,,
3604897182920296,,,,0,notfound,,,
3607572146767099,,,,0,notfound,,,
3607870241294401,,,,0,notfound,,,
3608877757930652,,,,0,notfound,,,
3609355178461701,,,,0,notfound,,,
3609864399896155,="0200019010",اکالیپتوس باریج  15 میلی لیتر محلول استنشاقی باریج اسانس,EUCALYPTUS BARIJ  15 ML Solution Inhalation Barij Essence,1,ok,900000,2026-08-23T13:11:55+03:30,
3610742774582929,,,,0,notfound,,,
3612598984242348,,,,0,notfound,,,
3616838948008634,,,,0,notfound,,,
3617772565292088,="0301007007",اکتیوا ولبیینگ من  30 عدد کپسول رستا ایمن دارو,ACTIVA WELL BEING MAN  30 Capsule Rasta Imen Daroo,1,ok,150000,2024-08-21T10:01:29+03:30,
3621737672518810,,,,0,notfound,,,
3622069469465634,,,,0,notfound,,,
3622876817533082,,,,0,notfound,,,
3623092432383250,,,,0,notfound,,,
3623195335829458,,,,0,notfound,,,
3628093637115486,,,,0,notfound,,,
3628510218486779,,,,0,notfound,,,
3629103061877382,,,,0,notfound,,,
3631165156304192,="0301006023",پی اسکلتون  300 میلی گرم 20 عدد کپسول دارو پژوهان پاسارگاد,PSCLETONE  300 MG 20 Capsule Darou Pazhohan Pasargad,1,ok,100000,2026-09-06T11:38:49+03:30,
3631449048815872,,,,0,notfound,,,
3631597967059006,="0200014194",کربوگل  30 عدد کپسول گل دارو,CARBOGOL  30 Capsule Gol Darou,1,ok,100000,2026-06-15T23:25:22+03:30,
3632117611975597,,,,0,notfound,,,
3632193287046808,,,,0,notfound,,,
3632746834237918,="0301007012",سل اینتگریتی برین  28 عدد قرص بازشونده دهانی رستا ایمن دارو,CELL INTEGRITY BRAIN  28 Oral Disintegrating Tablet Rasta Imen Daroo,1,ok,260214,2026-02-21T12:33:48+03:30,
3633145092659413,,,,0,notfound,,,
3633750577281240,,,,0,notfound,,,
3635300966692806,,,,0,notfound,,,
3636201089271060,,,,0,notfound,,,
3639417530693218,,,,0,notfound,,,
3639767048432427,="0200003015",سینامول  30 میلی لیتر قطره گل دارو,CINNAMOL  30 ML Drop Gol Darou,1,ok,900000,2025-04-30T09:43:02+03:30,
3642559388916079,="0200021793",هانی توس  120 میلی لیتر شربت امین,HONEY TUSS  120 ML Syrup Amin,1,ok,460000,2026-03-30T09:34:39+03:30,
3645915346923145,,,,0,notfound,,,
3646313294558246,,,,0,notfound,,,
3646890788383949,,,,0,notfound,,,
3647671990357180,,,,0,notfound,,,
3648479280760767,="0200023085",دپروهرب  50 میلی گرم 30 عدد سافت ژل باریج اسانس,DEPROHERB  50 MG 30 Soft Gelatin Capsule Barij Essence,1,ok,57000,2026-05-07T15:55:17+03:30,
3649548449221700,="0200005550",رها  30 عدد کپسول گل دارو,RAHA  30 Capsule Gol Darou,1,ok,100000,2026-04-30T11:55:28+03:30,
3650685939641444,="0201009202",پیاسودکس  15 عدد کپسول اکسیر,PIASODOX  15 Capsule Exir,1,ok,70000,2026-04-30T15:12:55+03:30,
3651783711840755,,,,0,notfound,,,
3652555325650193,,,,0,notfound,,,
3652898888166427,,,,0,notfound,,,
3653366947540310,,,,0,notfound,,,
3653592468293206,="0301007429",پیاسکومین  30 عدد کپسول ویتاول,PIASCOMIN  30 Capsule Vitawell,1,ok,110000,2026-06-21T19:42:37+03:30,
3667328625484642,,,,0,notfound,,,
3667820576087282,,,,0,notfound,,,
3677035234585482,="0201005589",آنتی ای جینگ سوپر میکس  60 عدد سافت ژل آدونیس کیش,ANTIAGING SUPER MIX  60 Soft Gelatin Capsule Adonis Kish,1,ok,130000,2026-05-24T09:04:29+03:30,
3677385181137418,,,,0,notfound,,,
3679331933557160,,,,0,notfound,,,
3680753053163136,="0200003540",موسیلیوم پرتقالی  7 عدد ساشه ایران داروک,MUSYLIUM ORANGE  7 Sache Iran Darouk,1,ok,450000,2026-06-13T22:45:53+03:30,
3683053538507339,,,,0,notfound,,,
3683323710515165,,,,0,notfound,,,
3683518667599505,,,,0,notfound,,,
3683553248621560,="0200021732",آکدین  15 گرم ژل موضعی دینه,ACDIN  15 GR Topical Gel Dineh,1,ok,210000,2024-06-08T12:18:00+03:30,
3684366347365938,,,,0,notfound,,,
3685270451262988,="0200002266",گاسترودین  50 عدد قرص دینه,GASTRODIN  50 Tablet Dineh,1,ok,19000,2025-07-30T09:47:01+03:30,
3687264348588182,,,,0,notfound,,,
3688103328563754,="0201005621",فلاوانون 4  30 عدد قرص آیریا نیک,FLAVANON 4  30 Tablet IRENIC,1,ok,56666,2024-02-27T11:49:38+03:30,
3694977488285767,,,,0,notfound,,,
3697926767484122,="0200021348",کالیک  120 میلی لیتر شربت نو تک فار,CULIC  120 ML Syrup Know.Tech.Phar,1,ok,2400000,2026-07-11T17:01:12+03:30,
3701375180603283,="0201005642",منوهلپ  550 میلی گرم 30 عدد کپسول باریج اسانس,MENOHELP  550 MG 30 Capsule Barij Essence,1,ok,42000,2024-02-29T09:49:01+03:30,
3703636044573330,,,,0,notfound,,,
3706157094665446,="0201008952",رودیلاکس  60 عدد کپسول ادیب اکسیر,RHODILAX  60 Capsule Adib Exir,1,ok,58000,2026-05-17T14:52:39+03:30,
3706615124066632,,,,0,notfound,,,
3707325845788542,,,,0,notfound,,,
3710174980478004,,,,0,notfound,,,
3710900370586590,,,,0,notfound,,,
3713151757490541,,,,0,notfound,,,
3713275318785815,="0200024449",پروستیکا  30 عدد قرص روکشدار گلدن لایف,PROSTICA  30 F.C. Tablet Golden Life,1,ok,270000,2026-06-16T12:51:03+03:30,
3713538357275270,,,,0,notfound,,,
3714444238476565,="0201005545",اهورا بی بی اسکین  60 گرم پماد موضعی اهورا دارو,AHURA BABY SKIN  60 GR Topical Ointment Ahoura Darou,1,ok,2061000,2026-09-03T10:22:07+03:30,
3714693554333530,,,,0,notfound,,,
3715478989317616,,,,0,notfound,,,
3723155749850058,="0200012637",ریکاو  25 گرم پماد توسن دارو,RECOVE  25 GR Ointment Tosan Darou,1,ok,2500000,2026-05-18T12:27:03+03:30,
3724737372529264,,,,0,notfound,,,
3729776540909568,,,,0,notfound,,,
3729870233082663,="0201009296",برسول  60 عدد قرص هیمالیا,BRESOL  60 Tablet Himalaya,1,ok,35000,2026-05-17T14:53:52+03:30,
3729881911824082,,,,0,notfound,,,
3730047123974429,,,,0,notfound,,,
3732210665524082,,,,0,notfound,,,
3732705379943390,,,,0,notfound,,,
3733351154201093,,,,0,notfound,,,
3734928571225865,,,,0,notfound,,,
3737412613309083,,,,0,notfound,,,
3738676261521185,,,,0,notfound,,,
3739092914908071,,,,0,notfound,,,
3739712861271974,,,,0,notfound,,,
3740924981670756,,,,0,notfound,,,
3741668817185494,="0301006724",ایمیون لاینزمین  60 عدد کپسول برنا سلامت,IMMUNE LIONS MANE  60 Capsule Borna Salamat,1,ok,50000,2024-07-28T09:16:58+03:30,
3741781591552515,,,,0,notfound,,,
3742199238815003,,,,0,notfound,,,
3744338736284696,,,,0,notfound,,,
3744404052735611,,,,0,notfound,,,
3745128987221656,,,,0,notfound,,,
3746319661839606,="0201005550",اهورا لف  30 عدد کپسول اهورا دارو,AHURA LAUGH  30 Capsule Ahoura Darou,1,ok,246000,2026-09-03T10:18:23+03:30,
3746683501678183,,,,0,notfound,,,
3747372071773507,,,,0,notfound,,,
3755454743006737,,,,0,notfound,,,
3756127727857590,,,,0,notfound,,,
3757767038710450,="0201003657",بلودپرکسیر  60 عدد کپسول ادیب اکسیر,BLOODPREXIR  60 Capsule Adib Exir,1,ok,45500,2026-05-24T13:52:03+03:30,
3758960685733317,,,,0,notfound,,,
3760265398926573,,,,0,notfound,,,
3762074752478728,,,,0,notfound,,,
3763404457520027,,,,0,notfound,,,
3764054916787805,,,,0,notfound,,,
3764612613300623,,,,0,notfound,,,
3764962559578658,,,,0,notfound,,,
3765263839250953,="0200023988",جینک اکتیو  30 عدد کپسول گلدن لایف,GINC ACTIVE  30 Capsule Golden Life,1,ok,150000,2026-07-28T10:09:16+03:30,
3766728637952281,,,,0,notfound,,,
3767836038249168,,,,0,notfound,,,
3771241437267745,,,,0,notfound,,,
3772722075317630,="0301009266",اینترولاکت  10 عدد ویال خوراکی زیست تخمیر,ENTEROLACT  10 Oral Vial Zist Takhmir,1,ok,240000,2025-07-23T12:13:17+03:30,
3773306643313456,="0301006399",دیپ لانگ ساپورت  30 عدد کپسول گرین نیچر,DEEP LUNG SUPPORT  30 Capsule Green Nature,1,ok,463333,2026-06-28T08:46:23+03:30,
3776981217209306,,,,0,notfound,,,
3777998098613635,="0200005547",ب. ب .کلد  28 گرم پماد موضعی گل دارو,BE. BE. COLD  28 GR Topical Ointment Gol Darou,1,ok,1750000,2026-05-21T11:11:11+03:30,
3778359430792811,="0201006643",کالیک اطفال  120 میلی لیتر شربت نو تک فار,CULIC PEDIATRIC  120 ML Syrup Know.Tech.Phar,1,ok,1638000,2026-05-24T14:24:49+03:30,
3780612179585436,,,,0,notfound,,,
3783311257655754,,,,0,notfound,,,
3788624032472582,="0301006468",آووجوینت پلاس  30 عدد کپسول ایران داروک,AVOGOINT PLUS  30 Capsule Iran Darouk,1,ok,199200,2026-07-06T09:28:02+03:30,
3789081859645438,,,,0,notfound,,,
3790678789156690,,,,0,notfound,,,
3791334968171716,,,,0,notfound,,,
3792263331467633,="0301006984",سزانوز  100 % 15 میلی لیتر اسپرى بینى رها,SESANOSE  100 % 15 ML Nasal Spray Raha,1,ok,1000000,2026-05-25T12:29:52+03:30,
3794559099528487,,,,0,notfound,,,
3794985046647310,,,,0,notfound,,,
3798446261443968,,,,0,notfound,,,
3799751888316509,,,,0,notfound,,,
3803949664179822,,,,0,notfound,,,
3805444334902514,,,,0,notfound,,,
3808079760746838,,,,0,notfound,,,
3808887861512772,,,,0,notfound,,,
3810279554464131,,,,0,notfound,,,
3811734202362178,,,,0,notfound,,,
3813618475301809,,,,0,notfound,,,
3814916221423071,,,,0,notfound,,,
3817151768663030,="0201009297",دیلی کیم  10 عدد کپسول کیمیاگر,DELAY KIM  10 Capsule Kimiagar,1,ok,275000,2026-06-20T12:39:48+03:30,
3818719044999311,,,,0,notfound,,,
3822568326866818,,,,0,notfound,,,
3826532881198532,,,,0,notfound,,,
3827762072505878,,,,0,notfound,,,
3829071113930268,,,,0,notfound,,,
3829357430028277,,,,0,notfound,,,
3830631536170979,,,,0,notfound,,,
3833332203816496,,,,0,notfound,,,
3833399059311948,,,,0,notfound,,,
3834069918115400,,,,0,notfound,,,
3837175926098661,,,,0,notfound,,,
3837275771164978,,,,0,notfound,,,
3838602979885088,,,,0,notfound,,,
3838616334286014,,,,0,notfound,,,
3839216879901136,,,,0,notfound,,,
3841215891124596,,,,0,notfound,,,
3842940042009663,,,,0,notfound,,,
3843777710623002,="0301007263",بروزایم پلاس  30 عدد کپسول تچرا فارمد,BROZYME PLUS  30 Capsule Techra Pharmed,1,ok,90000,2024-09-18T09:21:56+03:30,
3843932860312248,,,,0,notfound,,,
3845118117788140,,,,0,notfound,,,
3845242791324589,,,,0,notfound,,,
3846609772767930,,,,0,notfound,,,
3850554796098056,="0201006051",کالمکس  100 میلی لیتر شربت دی دارو,CALMEX  100 ML Syrup Day Darou,1,ok,650000,2024-06-02T10:01:17+03:30,
3852085045335653,,,,0,notfound,,,
3852491424553104,,,,0,notfound,,,
3853566645572162,="0301007024",ردوکس ردوفیت  30 عدد کپسول رضا دارو,REDOX REDOFIT  30 Capsule Reza Darou,1,ok,116666,2025-03-01T09:36:53+03:30,
3855725430635717,,,,0,notfound,,,
3856922357311601,,,,0,notfound,,,
3859105398754658,="0201005540",اهورا آیورامی  60 میلی لیتر شربت اهورا دارو,AHURA AIVORAMY  60 ML Syrup Ahoura Darou,1,ok,2175000,2026-09-03T10:20:09+03:30,
3860610635271553,,,,0,notfound,,,
3861648780429867,,,,0,notfound,,,
3863585523916272,,,,0,notfound,,,
3867204287135544,="0201005542",اهورا اسلیپ  60 میلی لیتر شربت اهورا دارو,AHURA SLEEP  60 ML Syrup Ahoura Darou,1,ok,2053000,2026-04-22T20:23:14+03:30,
3869961934779190,,,,0,notfound,,,
3870950219250286,="0200021329",دایجستیو اید   30 عدد قرص روکشدار گلدن لایف,DIGESTIVE AID  30 F.C. Tablet Golden Life,1,ok,400000,2026-06-15T22:26:59+03:30,
3873726228753081,,,,0,notfound,,,
3873946593977916,,,,0,notfound,,,
3876158764732116,="0301008613",بب وینک دیفنس  150 میلی لیتر شربت عبیدی,BEBEWINK DEFENSE  150 ML Syrup Abidi,1,ok,3400000,2026-06-29T08:22:32+03:30,
3878723770447557,,,,0,notfound,,,
3880887930180058,,,,0,notfound,,,
3883653438528667,="0201008722",کاموژین  25 گرم ژل دندانی سیمرغ داروی عطار,COMOGIN  25 GR Dental Gel Simorgh Darou Attar,1,ok,1500000,2026-05-03T15:46:40+03:30,
3883878848768716,,,,0,notfound,,,
3884327420455056,="0200003031",ملیسان  30 گرم ژل موضعی گل دارو,MELISSAN  30 GR Topical Gel Gol Darou,1,ok,1500000,2026-06-15T23:12:38+03:30,
3885031399855529,,,,0,notfound,,,
3885495597813087,,,,0,notfound,,,
3886668885154735,="0201007065",رسا سینکس  30 میلی لیتر اسپرى بینى سلامت گستر آرتیمان,RASA SINEX  30 ML Nasal Spray Salamat Gostar Artiman,1,ok,2150000,2026-06-21T20:03:47+03:30,
3889710319796752,,,,0,notfound,,,
3892520864327682,,,,0,notfound,,,
3896474460302690,,,,0,notfound,,,
3898102079027103,,,,0,notfound,,,
3899281872862918,="0200010354",اهورا جینکورا  30 عدد قرص روکشدار اهورا دارو,AHURA GINCORA  30 F.C. Tablet Ahoura Darou,1,ok,92300,2026-09-03T10:16:29+03:30,
3902720565318565,="0200022326",زینگاویش  120 میلی لیتر شربت سلامت گستر آرتیمان,ZINGAVISH  120 ML Syrup Salamat Gostar Artiman,1,ok,2300000,2026-06-09T10:00:27+03:30,
3905405962121925,,,,0,notfound,,,
3907242211078415,,,,0,notfound,,,
3910674887241990,,,,0,notfound,,,
3913514392311657,,,,0,notfound,,,
3915549355906952,="0201005470",آی ویلین  100 میلی لیتر شربت,IVYLIN  100 ML Syrup,1,ok,2200000,2026-04-15T00:29:24+03:30,
3915812444432225,="0201005508",رسپیژن  گیلاس 150 میلی لیتر شربت دایونیکس فارما,RESPIGEN  CHERRY 150 ML Syrup Dayonix Pharma,1,ok,7665000,2026-05-19T18:56:34+03:30,
3915845915381521,,,,0,notfound,,,
3919932371433260,="0200019411",کالاندنیکس  15 گرم پماد موضعی سبز دارو,CALANDUNIX  15 GR Topical Ointment Sabzdaru,1,ok,300000,2024-08-29T10:52:26+03:30,
3919972691074772,,,,0,notfound,,,
3920615036024013,,,,0,notfound,,,
3921343080713810,,,,0,notfound,,,
3923394069523475,,,,0,notfound,,,
3926128123185778,,,,0,notfound,,,
3928154527456681,,,,0,notfound,,,
3929188617210121,="0200023916",پین لیز  30 عدد قرص روکشدار گلدن لایف,PAINLYS  30 F.C. Tablet Golden Life,1,ok,257200,2026-05-26T10:50:45+03:30,
3933075527619204,,,,0,notfound,,,
3933390532728667,,,,0,notfound,,,
3933857782151306,="0200013619",لینودرم باریج  50 گرم کرم موضعی باریج اسانس,LINODERM BARIJ  50 GR Topical Cream Barij Essence,1,ok,270000,2021-05-10T11:54:07+03:30,
3935578167268435,,,,0,notfound,,,
3936052184771316,="0200021021",اکوگان  30 عدد کپسول گیاه اسانس,ECOGAN  30 Capsule Giah Essence,1,ok,110000,2026-07-07T13:03:45+03:30,
3936976535980147,,,,0,notfound,,,
3938607593721260,,,,0,notfound,,,
3939005466221464,,,,0,notfound,,,
3939576879191328,="0201006088",پسیلیوم ملین  10 عدد ساشه دینه,PSYLLIUM LAXATIVE  10 Sache Dineh,1,ok,240000,2026-03-12T12:01:40+03:30,
3940240088250109,,,,0,notfound,,,
3941095932516036,,,,0,notfound,,,
3941709106434721,,,,0,notfound,,,
3945186755351345,,,,0,notfound,,,
3945750969164300,="0201008669",سیموریلکس  30 عدد قرص سیمرغ داروی عطار,SIMORELAX  30 Tablet Simorgh Darou Attar,1,ok,209700,2026-03-05T20:08:34+03:30,
3945980897554268,,,,0,notfound,,,
3946878976844617,,,,0,notfound,,,
3948643097917110,="0201007302",پومگا 5  60 عدد سافت ژل وشا دارو پارس,POMEGA 5  60 Soft Gelatin Capsule Vasha Darou Pars,1,ok,180000,2026-09-19T10:37:45+03:30,
3951227281348159,,,,0,notfound,,,
3951626341923039,,,,0,notfound,,,
3954027730930445,,,,0,notfound,,,
3955247442884728,,,,0,notfound,,,
3955525820461343,,,,0,notfound,,,
3955901792878484,,,,0,notfound,,,
3955924659808832,,,,0,notfound,,,
3958645047331139,,,,0,notfound,,,
3959396784965004,,,,0,notfound,,,
3962590628393277,,,,0,notfound,,,
3963209314301340,,,,0,notfound,,,
3964305782172668,,,,0,notfound,,,
3967414250912937,,,,0,notfound,,,
3968040538480156,,,,0,notfound,,,
3970761044000310,,,,0,notfound,,,
3971101642988668,,,,0,notfound,,,
3971352087401763,,,,0,notfound,,,
3971872800029336,="0301007018",الارتریت  30 عدد کپسول ریحانه,ELARTRIT  30 Capsule Reyhaneh,1,ok,60000,2025-12-28T11:10:31+03:30,
3974295983441395,,,,0,notfound,,,
3974617717986761,="0200023627",لیورگارد  50 عدد قرص سینا فرآور,LIVER GUARD  50 Tablet Sina Faravar,1,ok,77400,2026-05-16T09:19:59+03:30,
3976329254556520,,,,0,notfound,,,
3976852476786794,="0200021883",نبید دارو  30 میلی لیتر قطره,NABID DARU  30 ML Drop,1,ok,2000000,2026-08-23T13:40:01+03:30,
3976866643866858,,,,0,notfound,,,
3977299067523881,,,,0,notfound,,,
3977922694006874,,,,0,notfound,,,
3979872993924850,,,,0,notfound,,,
3981429097782231,,,,0,notfound,,,
3982305365251815,="0201005489",اکسیر لیور  30 عدد کپسول اکسیر گستر اسپادانا,EXIR LIVER  30 Capsule Exir Gostar Espadana,1,ok,163333,2026-06-27T10:47:32+03:30,
3983947893633555,="0201005715",پلیوم پلاس  120 میلی لیتر شربت بهشاد دارو,PELIOM PLUS  120 ML Syrup Behshad Darou,1,ok,3950000,2026-08-23T11:26:48+03:30,
3985013528695391,,,,0,notfound,,,
3986678521313831,,,,0,notfound,,,
3987633394340633,="0201007067",برومونکس  30 عدد کپسول سبز دارو,BROMONEX  30 Capsule Sabzdaru,1,ok,275000,2026-06-28T10:07:06+03:30,
3991682354173580,="0300023418",کاماسوترا  30 عدد کپسول گلدن لایف,KAMASOTRA  30 Capsule Golden Life,1,ok,180000,2026-07-14T14:23:42+03:30,
3992435179807015,,,,0,notfound,,,
3994168790291773,,,,0,notfound,,,
3995429863333473,,,,0,notfound,,,
3998523355411714,,,,0,notfound,,,
3998754591713764,,,,0,notfound,,,
3999544679190954,,,,0,notfound,,,
4002202267372691,,,,0,notfound,,,
4006347060254628,,,,0,notfound,,,
4011769905672124,,,,0,notfound,,,
4012271729552324,,,,0,notfound,,,
4014237159989225,,,,0,notfound,,,
4015149516683326,,,,0,notfound,,,
4015519433174143,,,,0,notfound,,,
4017768367350170,="0201006479",ملاتومکس  30 عدد کپسول هرباویوا,MELATOMAX  30 Capsule HerbaViva,1,ok,105000,2026-06-15T23:28:46+03:30,
4022154733233643,,,,0,notfound,,,
4022612393684223,,,,0,notfound,,,
4023279899963274,,,,0,notfound,,,
4023421285655359,="0301007159",سیموسلیپ  30 عدد قرص سیمرغ داروی عطار,SIMOSLEEP  30 Tablet Simorgh Darou Attar,1,ok,126333,2026-07-05T17:05:44+03:30,
4023848768852685,,,,0,notfound,,,
4024290996249880,,,,0,notfound,,,
4026044710633259,,,,0,notfound,,,
4026401695114485,="0301006935",پروبیوتیک + فیبر  20 عدد ساشه پارسی لاکت,PROBIOTIC + FIBER  20 Sache Parsi Lact,1,ok,200000,2026-07-05T12:07:48+03:30,
4026990212632722,,,,0,notfound,,,
4028142213207054,,,,0,notfound,,,
4028195637684938,="0201005491",لیبو - لیدی  30 عدد ساشه الحاوی,LIBO - LADY  30 Sache Alhavi,1,ok,223400,2026-03-29T20:18:26+03:30,
4029163124398620,,,,0,notfound,,,
4037466553880441,,,,0,notfound,,,
4038533620899666,,,,0,notfound,,,
4039080132485428,="0201005583",انرژکس  60 عدد قرص گلدن لایف,ENERGE-X  60 Tablet Golden Life,1,ok,400000,2026-06-15T22:28:34+03:30,
4039862762606306,,,,0,notfound,,,
4042976295340653,="0200018759",لیو.52 دی اس  90 عدد قرص هیمالیا,LIV.52 DS  90 Tablet Himalaya,1,ok,120000,2026-06-13T23:02:13+03:30,
4043740799841780,,,,0,notfound,,,
4044151651114363,="0201005509",کیدزی کولیک  توت فرنگی 30 میلی لیتر قطره خوراکى دایونیکس فارما,KIDSSI COLIC  STRAWBERRY 30 ML Oral Drop Dayonix Pharma,1,ok,4510000,2026-09-19T10:02:48+03:30,
4046540211449787,="0301008937",اولترا پلنت استرولز  30 عدد قرص ویتابیوتیکس,ULTRA PLANT STEROLS  30 Tablet Vitabiotics,1,ok,150000,2025-04-16T10:55:51+03:30,
4047867642838943,,,,0,notfound,,,
4049568028239698,,,,0,notfound,,,
4050275681672089,,,,0,notfound,,,
4050990865125415,,,,0,notfound,,,
4052189641903040,="0200024905",آرترو ایز  30 عدد کپسول نچرال ورلد,ARTHRO EAZE  30 Capsule Natural World,1,ok,266666,2025-10-13T12:08:43+03:30,
4053028838747387,,,,0,notfound,,,
4054294565763705,,,,0,notfound,,,
4055977615222766,,,,0,notfound,,,
4056544196918383,,,,0,notfound,,,
4058818784549288,,,,0,notfound,,,
4059133264478043,,,,0,notfound,,,
4060715093071508,,,,0,notfound,,,
4064851525908978,="0200015830",دویلتفین  20 عدد قرص روکشدار آیریا نیک,DEVILTEFIN  20 F.C. Tablet IRENIC,1,ok,180000,2026-07-11T08:58:27+03:30,
4068496599644582,,,,0,notfound,,,
4069542652519631,="0301007008",اکتیوا ولبیینگ وومن  30 عدد کپسول رستا ایمن دارو,ACTIVA WELL BEING WOMAN  30 Capsule Rasta Imen Daroo,1,ok,146666,2024-08-21T10:03:02+03:30,
4071135374805645,="0200014376",برناگل  30 گرم پماد موضعی گل دارو,BURNAGOL  30 GR Topical Ointment Gol Darou,1,ok,331000,2021-05-11T10:50:50+03:30,
4075745666864451,,,,0,notfound,,,
4076129243720136,,,,0,notfound,,,
4079206890155454,="0201007180",پروستینا  30 عدد قرص سینا فرآور,PROSTINA  30 Tablet Sina Faravar,1,ok,91000,2026-04-22T10:26:22+03:30,
4083749357680339,,,,0,notfound,,,
4083984782328400,,,,0,notfound,,,
4084217594408446,,,,0,notfound,,,
4088899046535498,="0201005660",سیکا فارما پلاس  10 عدد قرص بهداشت فارمد لوتوس,CYCA PHARMA PLUS  10 Tablet Behdasht Pharmed Lotus,1,ok,639300,2026-08-05T17:47:52+03:30,
4089301935442895,="0301008612",بب وینک اپتایت  150 میلی لیتر شربت عبیدی,BEBEWINK APPETITE  150 ML Syrup Abidi,1,ok,1800000,2025-02-11T10:15:39+03:30,
4091738175375774,="0301007128",سیم فمالیب  30 عدد قرص سیمرغ داروی عطار,SIM FEMALIB  30 Tablet Simorgh Darou Attar,1,ok,147966,2026-01-19T12:20:25+03:30,
4092316556414978,,,,0,notfound,,,
4092544433600978,,,,0,notfound,,,
4093349538161067,,,,0,notfound,,,
4093452865829807,,,,0,notfound,,,
4094844876480990,,,,0,notfound,,,
4097674979800197,,,,0,notfound,,,
4097786889923257,,,,0,notfound,,,
4101059830849935,,,,0,notfound,,,
4101134233720533,,,,0,notfound,,,
4101680859792754,,,,0,notfound,,,
4106933222644050,="0200025427",کورکومین کارن  500 میلی گرم 60 عدد کپسول کارن,CURCUMIN KAREN  500 MG 60 Capsule Karen,1,ok,101666,2026-05-24T12:58:41+03:30,
4107193688917822,="0201005658",لاکسافول  650 میلی گرم 30 عدد کپسول باریج اسانس,LAXAFULL  650 MG 30 Capsule Barij Essence,1,ok,64000,2026-05-07T15:53:19+03:30,
4108337381344354,,,,0,notfound,,,
4109554073370067,="0200020292",کام گرین  450 میلی گرم 100 عدد کپسول گیاه اسانس,CAMGREEN  450 MG 100 Capsule Giah Essence,1,ok,30000,2026-06-17T09:35:21+03:30,
4109636144460447,,,,0,notfound,,,
4111546430549783,,,,0,notfound,,,
4111637310691601,="0301005476",کیدز کالم بی هیویر  75 گرم پودر اکسیر طب پرنیان,KIDS CALM AND BEHAVIOUR  75 GR Powder Xir Teb Parnian,1,ok,5500000,2024-01-07T13:09:39+03:30,
4113843886356618,="0301006351",دپیگماگلوکال  30 عدد کپسول گلوکال,DEPIGMAGLOCAL  30 Capsule Glocal,1,ok,435000,2026-01-25T09:14:47+03:30,
4114171166260883,,,,0,notfound,,,
4115313742271257,,,,0,notfound,,,
4116490458280557,,,,0,notfound,,,
4117663119317484,,,,0,notfound,,,
4122677138608635,,,,0,notfound,,,
4123860966599302,,,,0,notfound,,,
4125445996141321,,,,0,notfound,,,
4125495653412833,,,,0,notfound,,,
4126443559761641,,,,0,notfound,,,
4127008667453648,="0200019411",کالاندنیکس  15 گرم پماد موضعی سبز دارو,CALANDUNIX  15 GR Topical Ointment Sabzdaru,1,ok,300000,2024-08-29T10:52:26+03:30,
4127292133299789,="0301006386",پرو اسپور پویا  30 عدد کپسول گسترش میلاد فارمد,PROSPORE POUYA  30 Capsule Gostaresh Milad Pharmed,1,ok,20000,2024-06-24T10:46:25+03:30,
4128974456574663,,,,0,notfound,,,
4129076460631406,,,,0,notfound,,,
4129152519357526,,,,0,notfound,,,
4131958075422944,,,,0,notfound,,,
4132574521871720,="0301007125",بیوفنت  15 میلی لیتر قطره خوراکى سیمرغ داروی عطار,BIOFANT  15 ML Oral Drop Simorgh Darou Attar,1,ok,853000,2025-09-02T11:52:59+03:30,
4132901299748034,="0200014974",کولیتیک  30 میلی لیتر قطره خوراکى گیاه اسانس,KOLITIC  30 ML Oral Drop Giah Essence,1,ok,1500000,2026-06-17T09:43:16+03:30,
4134281224132038,,,,0,notfound,,,
4134649262925845,="0200023681",سافرودیت  60 عدد کپسول گیاهان سبز زندگی,SAFFRODIT  60 Capsule Green Plants Of Life,1,ok,280000,2026-06-21T20:04:36+03:30,
4135662279982710,,,,0,notfound,,,
4135744865957157,,,,0,notfound,,,
4136678128815696,,,,0,notfound,,,
4137398354093231,,,,0,notfound,,,
4138653086131655,,,,0,notfound,,,
4139240575877550,,,,0,notfound,,,
4139902555715373,,,,0,notfound,,,
4140513618033128,="0301006284",سیموکارنیتین  500 میلی گرم 100 عدد قرص سیمرغ داروی عطار,SIMOCARNITINE  500 MG 100 Tablet Simorgh Darou Attar,2,multi,48440,2025-09-15T09:28:26+03:30,0301006284;0201009417
4142142357784220,,,,0,notfound,,,
4144125921627890,="0301006876",نوتراسن رویال ژلی  400 میلی گرم 30 عدد کپسول فارمد النا,NUTRASEN ROYAL JELLY  400 MG 30 Capsule ELENA PHARMED,1,ok,566666,2026-09-21T12:58:48+03:30,
4146167882849185,,,,0,notfound,,,
4146766959715354,,,,0,notfound,,,
4146806755622002,,,,0,notfound,,,
4147845345513951,="0201006830",اسکوفیت  100 عدد کپسول نیاک,SCOPHYT  100 Capsule Niak,1,ok,60000,2026-06-29T14:01:52+03:30,
4148188950059372,,,,0,notfound,,,
4148459255083820,,,,0,notfound,,,
4152393445654862,,,,0,notfound,,,
4152913051105391,,,,0,notfound,,,
4153452081697363,,,,0,notfound,,,
4159082322181631,,,,0,notfound,,,
4159469922282522,,,,0,notfound,,,
4161723471044046,,,,0,notfound,,,
4162519882557103,,,,0,notfound,,,
4163998624608091,,,,0,notfound,,,
4169450505745104,,,,0,notfound,,,
4170158180189657,="0301006402",لیبیدو بوستر  30 عدد قرص گرین نیچر,LIBIDO BOOSTER  30 Tablet Green Nature,1,ok,424666,2026-06-28T08:53:49+03:30,
4171450914307476,,,,0,notfound,,,
4176175472733615,,,,0,notfound,,,
4180627036529572,,,,0,notfound,,,
4182146220799362,="0201009234",دکتر ییست مخمر پروبیوتیک  20 عدد ساشه پارسی لاکت,DR.YEAST ACTI PROBIOTIC  20 Sache Parsi Lact,1,ok,170000,2026-07-16T15:48:22+03:30,
4182300152133759,,,,0,notfound,,,
4182474159280967,,,,0,notfound,,,
4183400316484243,="0200024427",پایلکس  60 عدد قرص هیمالیا,PILEX  60 Tablet Himalaya,1,ok,26000,2024-10-17T10:22:25+03:30,
4183540525855479,,,,0,notfound,,,
4185368270751790,,,,0,notfound,,,
4187515066475284,,,,0,notfound,,,
4187530763994955,,,,0,notfound,,,
4188338450707700,,,,0,notfound,,,
4188965728937153,,,,0,notfound,,,
4189939469971956,,,,0,notfound,,,
4190813025054241,,,,0,notfound,,,
4191519565898811,,,,0,notfound,,,
4192303344690235,,,,0,notfound,,,
4193360076357466,,,,0,notfound,,,
4193362439730448,,,,0,notfound,,,
4195051361717167,="0301006388",پرو بیبی پویا  15 میلی لیتر قطره خوراکى گسترش میلاد فارمد,PROBABY POUYA  15 ML Oral Drop Gostaresh Milad Pharmed,1,ok,2150000,2026-07-06T09:46:03+03:30,
4196698349576456,,,,0,notfound,,,
4203223674948129,="0301006388",پرو بیبی پویا  15 میلی لیتر قطره خوراکى گسترش میلاد فارمد,PROBABY POUYA  15 ML Oral Drop Gostaresh Milad Pharmed,1,ok,2150000,2026-07-06T09:46:03+03:30,
4204514611891059,,,,0,notfound,,,
4206174272005637,="0200021124",پی - برن  ساده 20 عدد ساشه دینه,P-BRAN  20 Sache Dineh,1,ok,160000,2026-03-12T12:25:45+03:30,
4207439284636808,="0201007294",زینوکولیک  120 میلی لیتر شربت اروم,ZINOCOLIC  120 ML Syrup Aurum,1,ok,483000,2025-01-23T11:40:00+03:30,
4207659168900160,="0201009068",آلوئه پلاس  30 عدد قرص نیاک,ALOE PLUS  30 Tablet Niak,1,ok,75000,2026-05-24T14:17:08+03:30,
4208678628071785,,,,0,notfound,,,
4209159041733125,,,,0,notfound,,,
4211084291086782,,,,0,notfound,,,
4211470074780945,,,,0,notfound,,,
4212055378709946,="0200022743",کیدی لاکت  15 عدد ساشه زیست تخمیر,KIDILACT  15 Sache Zist Takhmir,1,ok,300000,2026-05-23T08:58:36+03:30,
4212776855412835,,,,0,notfound,,,
4213753776515673,,,,0,notfound,,,
4214132487206275,,,,0,notfound,,,
4214397950328506,="0200019219",فیتولاکس  30 عدد کپسول گل دارو,PHYTHOLAX  30 Capsule Gol Darou,1,ok,75000,2026-04-30T11:58:12+03:30,
4214403714153082,="0201008698",انرژ آپ  60 عدد کپسول زیست اروند فارمد,ENERG UP  60 Capsule Zist Arvand Pharmed,1,ok,140000,2026-07-13T14:42:24+03:30,
4214474597386861,,,,0,notfound,,,
4215647538992988,,,,0,notfound,,,
4220555246055159,,,,0,notfound,,,
4223098522546571,,,,0,notfound,,,
4224930665630254,,,,0,notfound,,,
4226055883214060,,,,0,notfound,,,
4226898657110360,,,,0,notfound,,,
4227256732722207,,,,0,notfound,,,
4227469012463496,,,,0,notfound,,,
4227872680820552,="0201003659",رزاکسیر  60 عدد کپسول ادیب اکسیر,ROSEXIR  60 Capsule Adib Exir,1,ok,82166,2026-06-09T12:21:51+03:30,
4230487865675745,="0301007263",بروزایم پلاس  30 عدد کپسول تچرا فارمد,BROZYME PLUS  30 Capsule Techra Pharmed,1,ok,90000,2024-09-18T09:21:56+03:30,
4230938936555956,,,,0,notfound,,,
4231827240468467,,,,0,notfound,,,
4234435589241029,="0200019167",ابسی لس  400 میلی گرم 30 عدد کپسول گیاه اسانس,OBESILESS  400 MG 30 Capsule Giah Essence,1,ok,58333,2026-05-13T15:08:02+03:30,
4235532483061638,,,,0,notfound,,,
4236399359282570,="0201007507",پپونن زد بی  30 میلی لیتر قطره خوراکى زردبند,PEPONEN ZB  30 ML Oral Drop Zard Band,1,ok,4000000,2026-08-24T11:08:51+03:30,
4238603543222990,,,,0,notfound,,,
4240201931688343,="0201009385",آرنیکاور  30 گرم کرم موضعی سیمرغ داروی عطار,ARNICOVER  30 GR Topical Cream Simorgh Darou Attar,1,ok,950000,2025-09-04T09:14:01+03:30,
4242297599525471,="0301007262",بروزایم اولترا  30 عدد کپسول تچرا فارمد,BROZYME ULTRA  30 Capsule Techra Pharmed,1,ok,240000,2026-06-28T09:32:15+03:30,
4242483210935158,="0201007509",موسیلکس زد بی  24 عدد ساشه زردبند,MUCILEX ZB  24 Sache Zard Band,1,ok,170000,2026-08-24T11:31:27+03:30,
4242556738904033,,,,0,notfound,,,
4245422519199609,,,,0,notfound,,,
4247992423192265,,,,0,notfound,,,
4249164050798726,="0200024809",سی ام باریج  30 میلی لیتر اسپری موضعی باریج اسانس,CM BARIJ  30 ML Topical Spray Barij Essence,1,ok,2000000,2026-05-07T15:17:40+03:30,
4251307118609593,,,,0,notfound,,,
4251516481909626,,,,0,notfound,,,
4254249995114831,,,,0,notfound,,,
4256832374172129,,,,0,notfound,,,
4257218556006397,,,,0,notfound,,,
4258121515985088,,,,0,notfound,,,
4258457420087825,="0200014564",ایموستیم  60 میلی لیتر محلول خوراکی گل دارو,IMMUSTIM  60 ML Oral Solution Gol Darou,1,ok,680000,2023-12-30T10:08:49+03:30,
4260154163109242,,,,0,notfound,,,
4260525314075021,,,,0,notfound,,,
4266138925175135,,,,0,notfound,,,
4267777034674086,="0200019273",پرودایجست پویا  30 عدد کپسول گسترش میلاد فارمد,PRODIGEST POUYA  30 Capsule Gostaresh Milad Pharmed,1,ok,300000,2026-06-27T10:27:39+03:30,
4269652990835730,,,,0,notfound,,,
4270398653250407,,,,0,notfound,,,
4271307935807726,,,,0,notfound,,,
4272491749526721,="0200006298",کلپرمین  187 میلی گرم 20 عدد کپسول تیلوتس,COLPERMIN  187 MG 20 Capsule Tillotts,1,ok,600000,2026-08-31T11:48:15+03:30,
4272826171144681,="0200001839",سناگل  60 میلی لیتر شربت گل دارو,SENAGOL  60 ML Syrup Gol Darou,1,ok,1650000,2026-06-15T23:18:15+03:30,
4274783613111248,,,,0,notfound,,,
4275017252310159,,,,0,notfound,,,
4276320142006768,,,,0,notfound,,,
4276375798677900,,,,0,notfound,,,
4276465133793821,,,,0,notfound,,,
4276703127545656,,,,0,notfound,,,
4277584363037410,,,,0,notfound,,,
4278097512825187,,,,0,notfound,,,
4278217559107259,,,,0,notfound,,,
4280081634885647,="0200022937",ایکس اید  60 عدد قرص روکشدار گلدن لایف,X-ADE  60 F.C. Tablet Golden Life,1,ok,500000,2026-09-21T08:35:50+03:30,
4282109068570775,,,,0,notfound,,,
4282713017295212,="0201005674",کولیف  30 میلی لیتر سوسپانسیون خوراکی بنیان سلامت کسری,COLIEF  30 ML Oral Suspension BSK,1,ok,2000000,2026-06-01T19:46:07+03:30,
4284973655754743,,,,0,notfound,,,
4286480630350804,="0301006866",مییل سی  20 عدد قرص جوشان,MIELE C  20 Effervescent Tablet,1,ok,37700,2025-02-03T09:27:23+03:30,
4288033329036515,,,,0,notfound,,,
4288727555205993,,,,0,notfound,,,
4291123096597502,,,,0,notfound,,,
4291136692942447,,,,0,notfound,,,
4291292954937273,,,,0,notfound,,,
4293643833365753,,,,0,notfound,,,
4293767676796762,,,,0,notfound,,,
4294517582501467,="0201005508",رسپیژن  گیلاس 150 میلی لیتر شربت دایونیکس فارما,RESPIGEN  CHERRY 150 ML Syrup Dayonix Pharma,1,ok,7665000,2026-05-19T18:56:34+03:30,
4295343390060269,,,,0,notfound,,,
4297484742131028,,,,0,notfound,,,
4298986623319849,,,,0,notfound,,,
4301218887441432,="0201006532",تیمورکس  120 میلی لیتر شربت ایران داروک,THYMOREX  120 ML Syrup Iran Darouk,1,ok,710000,2024-07-10T11:18:59+03:30,
4301912242939962,,,,0,notfound,,,
4303961890139634,,,,0,notfound,,,
4305201586189050,="0201005734",لیورکینگ بی دی آ  30 عدد کپسول بهتا دارو,LIVERKING BDA  30 Capsule Behta Daru,1,ok,120000,2026-05-25T12:21:18+03:30,
4306266283339965,,,,0,notfound,,,
4308263710313945,,,,0,notfound,,,
4308429830325931,,,,0,notfound,,,
4309590446195034,,,,0,notfound,,,
4311470671959058,,,,0,notfound,,,
4311665540084481,="0201008947",میگرا - دین  30 عدد قرص دینه,MIGRA - DIN  30 Tablet Dineh,1,ok,45000,2026-03-12T12:03:04+03:30,
4311782992388956,,,,0,notfound,,,
4313564571787636,="0201005675",آوسوی  20 عدد کپسول بنیان سلامت کسری,AVOSOY  20 Capsule BSK,1,ok,220000,2026-05-31T13:08:49+03:30,
4314395098766084,="0201005561",کرنویت  30 عدد کپسول ایران دارو,CRANVIT  30 Capsule Iran Darou,1,ok,25000,2024-01-20T11:41:36+03:30,
4316458382347868,="0201005734",لیورکینگ بی دی آ  30 عدد کپسول بهتا دارو,LIVERKING BDA  30 Capsule Behta Daru,1,ok,120000,2026-05-25T12:21:18+03:30,
4316672561008063,,,,0,notfound,,,
4320186570726737,,,,0,notfound,,,
4320326670954259,,,,0,notfound,,,
4320700137544168,,,,0,notfound,,,
4320888131078024,,,,0,notfound,,,
4321865448022128,="0301007282",پرازوکپ  12 عدد کپسول تهران دارو,PRAZOCAP  12 Capsule Tehran Darou,1,ok,31666,2024-09-18T11:35:42+03:30,
4322266179393849,,,,0,notfound,,,
4322470428400789,,,,0,notfound,,,
4322656048420253,="0201007147",سیم لیور  240 میلی گرم 30 عدد قرص سیمرغ داروی عطار,SIM LIVER  240 MG 30 Tablet Simorgh Darou Attar,1,ok,124333,2026-03-05T20:09:58+03:30,
4325562137253803,,,,0,notfound,,,
4326180228539937,="0201005583",انرژکس  60 عدد قرص گلدن لایف,ENERGE-X  60 Tablet Golden Life,1,ok,400000,2026-06-15T22:28:34+03:30,
4328713195639794,,,,0,notfound,,,
4331744455068546,,,,0,notfound,,,
4331814097811318,,,,0,notfound,,,
4332009878732365,,,,0,notfound,,,
4333593339636407,="0201007071",آنادرم  60 عدد قرص سلامت پرمون امین,ANADERM  60 Tablet Salamat Parmon Amin,1,ok,190000,2026-06-27T10:01:31+03:30,
4335315680870144,="0301007269",بایوفم  30 عدد کپسول تک ژن,BioFEM  30 Capsule Takgene,1,ok,250000,2026-05-31T12:06:13+03:30,
4335672781270758,,,,0,notfound,,,
4336247524137643,,,,0,notfound,,,
4336801227972373,,,,0,notfound,,,
4337312116232563,,,,0,notfound,,,
4340403566033006,,,,0,notfound,,,
4342275715430601,,,,0,notfound,,,
4342690357342934,,,,0,notfound,,,
4342798972468279,,,,0,notfound,,,
4347332194608865,,,,0,notfound,,,
4348447528357370,,,,0,notfound,,,
4350190346062577,,,,0,notfound,,,
4350267761019692,,,,0,notfound,,,
4350369733864034,,,,0,notfound,,,
4350572463058569,,,,0,notfound,,,
4357095664838854,,,,0,notfound,,,
4357789749927457,,,,0,notfound,,,
4358824411409370,="0201005583",انرژکس  60 عدد قرص گلدن لایف,ENERGE-X  60 Tablet Golden Life,1,ok,400000,2026-06-15T22:28:34+03:30,
4359964057189363,,,,0,notfound,,,
4360467120745099,="0201005512",امونیکس  30 عدد کپسول دایونیکس فارما,EMONIX  30 Capsule Dayonix Pharma,1,ok,323400,2026-05-19T18:18:23+03:30,
4360644323801040,,,,0,notfound,,,
4361818781362794,,,,0,notfound,,,
4363402331834284,,,,0,notfound,,,
4364068377801507,="0200023789",لینوفم آرایکس   قرص سونا طب پارسه,LEANOFEM RX   Tablet STP Pharma,1,ok,13266,2021-06-17T09:39:01+03:30,
4364620372787931,,,,0,notfound,,,
4365458246312439,,,,0,notfound,,,
4366767258328760,,,,0,notfound,,,
4367958851681814,,,,0,notfound,,,
4369201957469747,,,,0,notfound,,,
4369438635294980,,,,0,notfound,,,
4372666797214386,,,,0,notfound,,,
4374040315459345,="0201009420",میلکازیم  10 عدد ساشه فرابیوتیک,MILKAZYME  10 Sache Farabiotic,1,ok,550000,2026-09-19T10:27:14+03:30,
4378004932018354,,,,0,notfound,,,
4378781869941083,,,,0,notfound,,,
4379520788316521,,,,0,notfound,,,
4380762121294705,,,,0,notfound,,,
4383998490151874,="0301007004",اکتیوا ولبینگ الیمینیشن  30 عدد کپسول آهسته رهش رستا ایمن دارو,ACTIVA WELL BEING ELIMINATION  30 Sustained Release Capsule Rasta Imen Daroo,1,ok,128333,2024-08-21T09:55:44+03:30,
4384192646269274,,,,0,notfound,,,
4384393242157424,,,,0,notfound,,,
4389240097765678,,,,0,notfound,,,
4389545355878519,,,,0,notfound,,,
4390572291861099,,,,0,notfound,,,
4390882885557171,="0201007072",آناهیل پلاس  30 عدد کپسول سلامت پرمون امین,ANAHEAL PLUS  30 Capsule Salamat Parmon Amin,1,ok,320000,2026-06-27T10:00:35+03:30,
4392953532850070,,,,0,notfound,,,
4393396433131823,,,,0,notfound,,,
4397272520918317,,,,0,notfound,,,
4398357781999724,,,,0,notfound,,,
4399394161838396,="0200023681",سافرودیت  60 عدد کپسول گیاهان سبز زندگی,SAFFRODIT  60 Capsule Green Plants Of Life,1,ok,280000,2026-06-21T20:04:36+03:30,
4399737287265188,,,,0,notfound,,,
4401686028884871,,,,0,notfound,,,
4403020551902311,,,,0,notfound,,,
4403914591998161,,,,0,notfound,,,
4404028261646245,,,,0,notfound,,,
4405492747937577,="0200021074",سوی منوپوز  30 عدد کپسول سبز دارو,SOY MENOPAUSE  30 Capsule Sabzdaru,1,ok,40000,2025-02-13T11:59:47+03:30,
4405651753167308,,,,0,notfound,,,
4406399639945916,,,,0,notfound,,,
4406619092753511,,,,0,notfound,,,
4406669963385090,="0201005637",جالینوس باریج  120 میلی لیتر شربت جالینوس,JALINUS BARIJ  120 ML Syrup Jalinous,1,ok,3000000,2026-07-16T15:46:36+03:30,
4407125029012487,="0200019784",دیاتوسین  120 میلی لیتر شربت گل دارو,DIATUSSIN  120 ML Syrup Gol Darou,1,ok,910000,2024-12-24T11:25:15+03:30,
4410569337562930,,,,0,notfound,,,
4411982633275435,,,,0,notfound,,,
4414703874987251,="0301006597",کیتوزان  500 میلی گرم 30 عدد قرص کارن,CHITOSAN  500 MG 30 Tablet Karen,1,ok,34833,2024-07-18T11:50:43+03:30,
4417049649367533,="0200002322",کالندیت - ای  30 گرم کرم موضعی گل دارو,CALENDIT- E  30 GR Topical Cream Gol Darou,1,ok,1700000,2026-04-30T12:18:02+03:30,
4419975016689212,,,,0,notfound,,,
4421062216663182,="0200023626",ساتیوا  90 عدد قرص سینا فرآور,SATIVA  90 Tablet Sina Faravar,1,ok,31888,2026-05-16T09:23:53+03:30,
4422111241037081,,,,0,notfound,,,
4422767966694987,="0301007010",پرونوتری ولبیینگ گستریک  30 عدد کپسول رستا ایمن دارو,PRONUTRI WELL BEING GASTRIC  30 Capsule Rasta Imen Daroo,1,ok,126666,2024-08-21T10:09:52+03:30,
4427640984841526,,,,0,notfound,,,
4428368146708290,,,,0,notfound,,,
4430040430341967,,,,0,notfound,,,
4430724453409935,,,,0,notfound,,,
4430802950069114,,,,0,notfound,,,
4432808141716963,,,,0,notfound,,,
4433212024661337,,,,0,notfound,,,
4437243825147494,,,,0,notfound,,,
4437427389444749,,,,0,notfound,,,
4437725716188563,,,,0,notfound,,,
4438982263675731,,,,0,notfound,,,
4440374831495264,="0201005510",کیدزی اپتایت  سیب 150 میلی لیتر شربت دایونیکس فارما,KIDSSI APPETITE  APPLE 150 ML Syrup Dayonix Pharma,1,ok,6312000,2026-05-19T19:01:39+03:30,
4440905481961832,,,,0,notfound,,,
4444320472802395,,,,0,notfound,,,
4445445916144044,="0200001729",برونکوتیدی  120 میلی لیتر شربت تولید دارو,BRONCHO T.D.  120 ML Syrup Tolid Darou,1,ok,2350000,2026-06-16T12:41:51+03:30,
4446939487661555,,,,0,notfound,,,
4448271299751085,,,,0,notfound,,,
4449477527648206,,,,0,notfound,,,
4450369854890871,,,,0,notfound,,,
4452583138540056,="0301006431",برون کلد  200 میلی لیتر شربت هلث اید,BRONCOLD  200 ML Syrup Health Aid,2,multi,3200000,2026-06-16T08:23:48+03:30,0301006431;0300017403
4453033819952977,="0301006881",اینفلامید  30 عدد کپسول نوتراکس,INFLAMAID  30 Capsule Nutrax,1,ok,325000,2026-06-07T09:51:07+03:30,
4453873379423832,,,,0,notfound,,,
4454192091467054,,,,0,notfound,,,
4457478719587913,,,,0,notfound,,,
4459566121120859,,,,0,notfound,,,
4463309454512248,="0201008946",لیوردین کمپلکس  60 عدد قرص دینه,LIVERDIN COMPLEX  60 Tablet Dineh,1,ok,70000,2025-12-04T09:48:45+03:30,
4465132854660997,,,,0,notfound,,,
4467043221054210,,,,0,notfound,,,
4469319979447571,,,,0,notfound,,,
4471103539058872,,,,0,notfound,,,
4473824474513803,="0300024245",میکسودین  32 عدد کپسول هولیستیکا,MIXODIN  32 Capsule Holistica,1,ok,260000,2026-07-06T10:26:43+03:30,
4476498710379989,="0201005616",مولتی وگان  40 عدد قرص هولیستیکا,MULTI VEGAN  40 Tablet Holistica,1,ok,63750,2024-02-26T10:58:40+03:30,
4477642824816730,="0200003038",گارسین  500 میلی گرم 30 عدد قرص گل دارو,GARCIN  500 MG 30 Tablet Gol Darou,1,ok,110000,2026-06-15T23:09:17+03:30,
4481610974697349,,,,0,notfound,,,
4482711370537404,,,,0,notfound,,,
4483102534333119,="0200023570",برنینگ فت  30 عدد قرص روکشدار گلدن لایف,BURNING FAT  30 F.C. Tablet Golden Life,1,ok,330000,2026-06-16T12:48:52+03:30,
4486586581446681,,,,0,notfound,,,
4486833408236809,,,,0,notfound,,,
4487319191214156,,,,0,notfound,,,
4488168158892636,,,,0,notfound,,,
4490034617845348,,,,0,notfound,,,
4490638256053480,,,,0,notfound,,,
4491343316779486,,,,0,notfound,,,
4491391288622141,,,,0,notfound,,,
4491833884340340,="0200025554",نازوفار  240 میلی گرم 60 عدد کپسول نو تک فار,NAUSOPHAR  240 MG 60 Capsule Know.Tech.Phar,1,ok,18000,2026-06-21T11:12:44+03:30,
4492449468991885,="0201006087",نوکلد  30 عدد قرص دینه,NO COLD  30 Tablet Dineh,1,ok,30000,2024-06-08T11:37:49+03:30,
4493798252225475,="0201005935",آوویدا پلاس  15 عدد کپسول افق تولید پارس,AVOVIDA PLUS  15 Capsule Ofogh Tolid Pars,1,ok,192666,2026-04-22T20:29:21+03:30,
4496693310034860,,,,0,notfound,,,
4497057765101413,,,,0,notfound,,,
4497989962114854,="0201006057",دایان ایمیون  150 میلی لیتر شربت دایان فارما,DAYAN IMMUNE  150 ML Syrup DAYAN PHARMA,1,ok,825000,2026-04-11T17:31:56+03:30,
4498216510651986,,,,0,notfound,,,
4500243878163756,,,,0,notfound,,,
4502970511265176,,,,0,notfound,,,
4503619441013809,,,,0,notfound,,,
4505200353059007,,,,0,notfound,,,
4507954466357169,,,,0,notfound,,,
4509365294314158,="0301006392",پروکید پویا  10 عدد ساشه گسترش میلاد فارمد,PROKID POUYA  10 Sache Gostaresh Milad Pharmed,1,ok,320000,2026-07-06T09:47:16+03:30,
4510830173029366,="0200001840",گل گریپ  120 میلی لیتر محلول خوراکی گل دارو,GOLGRIPE  120 ML Oral Solution Gol Darou,1,ok,1800000,2026-06-15T23:13:39+03:30,
4511996368181370,="0200024427",پایلکس  60 عدد قرص هیمالیا,PILEX  60 Tablet Himalaya,1,ok,26000,2024-10-17T10:22:25+03:30,
4513323691084342,="0200007890",امی ویتال فیتوون  30 عدد قرص امین,AMIVITAL PHYTOVEN  30 Tablet Amin,1,ok,10000,2023-01-02T08:21:45+03:30,
4514045790423833,,,,0,notfound,,,
4516595242379991,,,,0,notfound,,,
4516660849620371,="0201006058",دایان پین  20 عدد کپسول دایان فارما,DAYAN PAIN  20 Capsule DAYAN PHARMA,1,ok,204950,2026-06-07T10:16:09+03:30,
4517268614204551,,,,0,notfound,,,
4517397320098420,,,,0,notfound,,,
4519478023543912,,,,0,notfound,,,
4521693555561995,,,,0,notfound,,,
4523871255804255,,,,0,notfound,,,
4525731140725344,,,,0,notfound,,,
4525753763287554,,,,0,notfound,,,
4527904432868204,,,,0,notfound,,,
4527934318703113,,,,0,notfound,,,
4529640289811765,,,,0,notfound,,,
4530396887710921,,,,0,notfound,,,
4531207566206611,,,,0,notfound,,,
4531214282675076,="0200021093",لاکس - اکتیو  22 گرم 10 عدد ساشه سپید طب نیا,LAX - ACTIVE  22 GR 10 Sache Sepid Teb Nia,1,ok,301100,2024-03-18T10:50:45+03:30,
4532150542268444,,,,0,notfound,,,
4535508526561579,,,,0,notfound,,,
4535604228001769,,,,0,notfound,,,
4535849041480398,,,,0,notfound,,,
4537394724155769,,,,0,notfound,,,
4537444114321433,,,,0,notfound,,,
4538054751180185,,,,0,notfound,,,
4539270711361257,="0301006713",ایمونو کلستروم  14 عدد ساشه ام سی ای فارما,IMMUNO COLOSTRUM  14 Sache MCE PHARMA,1,ok,460000,2025-12-31T11:18:49+03:30,
4539431942803896,,,,0,notfound,,,
4541938545017331,,,,0,notfound,,,
4545786123631599,,,,0,notfound,,,
4545861744199382,,,,0,notfound,,,
4546437996839256,,,,0,notfound,,,
4547895938224159,,,,0,notfound,,,
4548069683255957,,,,0,notfound,,,
4552326417419146,="0201006481",کرن فیکس  30 عدد کپسول هرباویوا,CRANFIX  30 Capsule HerbaViva,1,ok,150000,2026-06-15T23:33:04+03:30,
4552387861636841,,,,0,notfound,,,
4552528421722497,,,,0,notfound,,,
4554461505309797,,,,0,notfound,,,
4556142177036218,,,,0,notfound,,,
4557801022567765,,,,0,notfound,,,
4557975926525473,,,,0,notfound,,,
4558075358852853,,,,0,notfound,,,
4559942644086785,,,,0,notfound,,,
4560454024837971,="0301006398",بایوفایت  30 عدد قرص گرین نیچر,BIO-FIGHT  30 Tablet Green Nature,1,ok,482666,2026-06-28T09:04:17+03:30,
4562756058202039,="0200019034",گالگا  30 عدد قرص دینه,GALEGA  30 Tablet Dineh,1,ok,30000,2026-06-20T12:48:00+03:30,
4563886019168473,,,,0,notfound,,,
4565005934594279,,,,0,notfound,,,
4566888327372040,,,,0,notfound,,,
4568481671068801,,,,0,notfound,,,
4568723090194251,,,,0,notfound,,,
4570192171387290,,,,0,notfound,,,
4571290819896160,,,,0,notfound,,,
4572085644183167,,,,0,notfound,,,
4573292478864738,,,,0,notfound,,,
4574804686834653,,,,0,notfound,,,
4575758289057286,,,,0,notfound,,,
4578167894608826,,,,0,notfound,,,
4579291575895781,,,,0,notfound,,,
4579507449193189,,,,0,notfound,,,
4580025296231220,,,,0,notfound,,,
4580384682305268,="0200001019",پلانتاژل گرانول  10 عدد ساشه دینه,PLANTAGEL GRANULE  10 Sache Dineh,1,ok,220000,2026-06-20T12:46:40+03:30,
4581260928135859,="0201005617",آرترولیستیکا  32 عدد کپسول هولیستیکا,ARTROLISTICA  32 Capsule Holistica,1,ok,200000,2026-06-27T09:30:51+03:30,
4583919122840342,="0200020292",کام گرین  450 میلی گرم 100 عدد کپسول گیاه اسانس,CAMGREEN  450 MG 100 Capsule Giah Essence,1,ok,30000,2026-06-17T09:35:21+03:30,
4585135949590734,,,,0,notfound,,,
4586213924237523,="0200010346",مایکوگل (میکوزین)  50 گرم کرم واژینال گل دارو,MYCOGOL (MYCOZIN)  50 GR Vaginal Cream Gol Darou,1,ok,3300000,2026-06-15T23:20:11+03:30,
4586552799392683,,,,0,notfound,,,
4587755551706205,,,,0,notfound,,,
4588698658176298,="0200021124",پی - برن  ساده 20 عدد ساشه دینه,P-BRAN  20 Sache Dineh,1,ok,160000,2026-03-12T12:25:45+03:30,
4589012010337101,,,,0,notfound,,,
4589225643230999,,,,0,notfound,,,
4591369958460382,,,,0,notfound,,,
4591394080876488,,,,0,notfound,,,
4594089585915774,,,,0,notfound,,,
4594663685864978,,,,0,notfound,,,
4596130973852606,,,,0,notfound,,,
4596476362831342,,,,0,notfound,,,
4597098563242781,,,,0,notfound,,,
4597145090343148,,,,0,notfound,,,
4601181533012009,,,,0,notfound,,,
4602564121120402,,,,0,notfound,,,
4602809221989446,,,,0,notfound,,,
4603817175873581,,,,0,notfound,,,
4604632669726514,,,,0,notfound,,,
4604819445871501,,,,0,notfound,,,
4605911190912576,,,,0,notfound,,,
4607722821944648,,,,0,notfound,,,
4608372042217426,,,,0,notfound,,,
4611481731042162,,,,0,notfound,,,
4611608126769100,="0201009320",پوم ویتا  60 عدد سافت ژل وشا دارو پارس,POME VITA  60 Soft Gelatin Capsule Vasha Darou Pars,1,ok,230000,2026-07-21T13:18:26+03:30,
4613370159175576,,,,0,notfound,,,
4613778231890882,,,,0,notfound,,,
4614680285174563,,,,0,notfound,,,
4615868499955825,,,,0,notfound,,,
4616346478941294,,,,0,notfound,,,
4618286826268608,="0201005453",هانی یاس  120 میلی لیتر شربت آیلار طب یاس,HONEY YAS  120 ML Syrup Aylar Teb Yas,1,ok,400000,2024-01-06T09:46:40+03:30,
4621551039755204,,,,0,notfound,,,
4621695069268239,,,,0,notfound,,,
4624396699295870,,,,0,notfound,,,
4624741809394066,,,,0,notfound,,,
4625422285450340,,,,0,notfound,,,
4625438997746058,="0200010792",ممورال  30 عدد کپسول گل دارو,MEMORAL  30 Capsule Gol Darou,1,ok,120000,2026-04-30T12:01:39+03:30,
4626612889955142,,,,0,notfound,,,
4629005149779545,="0301007011",پرونوتری ولبیینگ کلسترول  30 عدد کپسول رستا ایمن دارو,PRONUTRI WELL BEING CHOLESTEROL  30 Capsule Rasta Imen Daroo,1,ok,126666,2024-08-21T10:11:44+03:30,
4629532269771854,,,,0,notfound,,,
4630479566998648,="0201006833",زبیب  120 میلی لیتر شربت نیاک,ZABIB  120 ML Syrup Niak,1,ok,8000000,2026-06-17T14:20:49+03:30,
4631565277746430,,,,0,notfound,,,
4633320202302183,="0200002273",فیتوکلد  30 عدد قرص گل دارو,PHYTOCOLD  30 Tablet Gol Darou,1,ok,55000,2026-04-30T11:37:43+03:30,
4633502397128453,,,,0,notfound,,,
4633681388422623,,,,0,notfound,,,
4635616184587211,,,,0,notfound,,,
4636590551331341,,,,0,notfound,,,
4636624740202950,="0301007271",بایودایجست  15 عدد ساشه تک ژن,BioDIGEST  15 Sache Takgene,1,ok,400000,2026-05-31T12:09:06+03:30,
4636858076019776,,,,0,notfound,,,
4638412130270129,="0200023988",جینک اکتیو  30 عدد کپسول گلدن لایف,GINC ACTIVE  30 Capsule Golden Life,1,ok,150000,2026-07-28T10:09:16+03:30,
4638737562131529,,,,0,notfound,,,
4639051725265079,="0201007506",سیلیمارین زد بی  30 میلی لیتر قطره خوراکى زردبند,SILYMARIN  ZB  30 ML Oral Drop Zard Band,1,ok,3800000,2026-08-24T11:10:13+03:30,
4641659783417484,,,,0,notfound,,,
4642805397717900,="0301007178",آشیلا - سینا  30 میلی لیتر قطره خوراکى سینا فرآور,ACHILLA - SINA  30 ML Oral Drop Sina Faravar,1,ok,1630000,2026-05-16T08:59:58+03:30,
4645505328817986,,,,0,notfound,,,
4645861239584638,,,,0,notfound,,,
4646558938041318,,,,0,notfound,,,
4646808482862987,="0201005621",فلاوانون 4  30 عدد قرص آیریا نیک,FLAVANON 4  30 Tablet IRENIC,1,ok,56666,2024-02-27T11:49:38+03:30,
4648316913670822,="0200014965",ومیگان  30 عدد قرص روکشدار دینه,VOMIGONE  30 F.C. Tablet Dineh,1,ok,33600,2026-03-12T12:03:55+03:30,
4651149427625267,,,,0,notfound,,,
4653155862946509,,,,0,notfound,,,
4653228988951640,="0200020655",نوروتک  60 عدد کپسول زیست اروند فارمد,NEUROTEC  60 Capsule Zist Arvand Pharmed,1,ok,80000,2026-07-13T14:41:05+03:30,
4653726642977946,="0200014094",وازوگل  30 عدد قرص روکشدار گل دارو,VASOGOL  30 F.C. Tablet Gol Darou,1,ok,29333,2023-12-30T11:28:20+03:30,
4655123751225755,,,,0,notfound,,,
4656523145233132,,,,0,notfound,,,
4658436254541174,,,,0,notfound,,,
4658567139612787,,,,0,notfound,,,
4659410809962964,,,,0,notfound,,,
4659755066597426,,,,0,notfound,,,
4661278530003036,,,,0,notfound,,,
4661490360181391,,,,0,notfound,,,
4661552381565535,,,,0,notfound,,,
4662048213190335,,,,0,notfound,,,
4664407797574489,,,,0,notfound,,,
4666492013163419,="0200023570",برنینگ فت  30 عدد قرص روکشدار گلدن لایف,BURNING FAT  30 F.C. Tablet Golden Life,1,ok,330000,2026-06-16T12:48:52+03:30,
4670703768349805,,,,0,notfound,,,
4671304223437116,,,,0,notfound,,,
4676537926859019,,,,0,notfound,,,
4676966073881204,,,,0,notfound,,,
4678305468660181,,,,0,notfound,,,
4678504372821159,,,,0,notfound,,,
4678972495690011,,,,0,notfound,,,
4680916882247015,,,,0,notfound,,,
4683822088381524,,,,0,notfound,,,
4686572729072038,,,,0,notfound,,,
4686821271642238,,,,0,notfound,,,
4687610687758459,,,,0,notfound,,,
4689283321110660,="0301006350",تریکوگلوکال  30 عدد کپسول گلوکال,TRICHOGLOCAL  30 Capsule Glocal,1,ok,290000,2026-01-25T09:14:16+03:30,
4689601625474206,,,,0,notfound,,,
4690817394893513,,,,0,notfound,,,
4691449854670546,="0301008966",جینسینگ  10 عدد ویال خوراکی چو آ فارم,GINSENG  10 Oral Vial ChoA Pharm,1,ok,300000,2025-04-20T11:50:08+03:30,
4691579772157642,,,,0,notfound,,,
4694384882817884,,,,0,notfound,,,
4695649136624333,,,,0,notfound,,,
4695760794971065,,,,0,notfound,,,
4695884677210230,,,,0,notfound,,,
4696862074992886,="0301006725",ایمیون کوردیسپس  60 عدد کپسول برنا سلامت,IMMUNE CORDYCEPS  60 Capsule Borna Salamat,1,ok,31333,2024-07-28T09:19:31+03:30,
4698196454984214,="0201008576",رهامین  50 گرم پماد موضعی رها,RAHAMIN  50 GR Topical Ointment Raha,1,ok,2000000,2026-09-03T11:11:50+03:30,
4699872348044316,="0201007020",زوفا عسلی  120 میلی لیتر شربت رازک,HONEY ZOUFA  120 ML Syrup Razak,1,ok,2100000,2026-04-29T12:19:15+03:30,
4700136437255634,,,,0,notfound,,,
4700818816762433,,,,0,notfound,,,
4701138565702279,,,,0,notfound,,,
4702151616650827,="0201005712",تاش وی  120 میلی لیتر شربت بنیان کسری سرشت سلامت,TASH VEY  120 ML Syrup Bonyan Kasra Seresht Salamat,1,ok,450000,2024-03-06T10:15:12+03:30,
4702198232197430,,,,0,notfound,,,
4702825666664676,,,,0,notfound,,,
4704248474256642,="0200020939",اوپیوکاف  120 میلی لیتر شربت سپیداج,OPIUCOUGH  120 ML Syrup Sepidaj,1,ok,483000,2024-12-14T12:22:44+03:30,
4705180224755604,,,,0,notfound,,,
4705212068859437,,,,0,notfound,,,
4705631795886422,,,,0,notfound,,,
4706099334583646,,,,0,notfound,,,
4707359667090659,,,,0,notfound,,,
4707779726830972,="0201005582",انرژیفیکس  60 عدد کپسول هرباویوا,ENERGIFIX  60 Capsule HerbaViva,1,ok,70000,2026-04-30T12:26:46+03:30,
4710882174438271,,,,0,notfound,,,
4712133076263553,,,,0,notfound,,,
4712623169676406,,,,0,notfound,,,
4713343192767624,,,,0,notfound,,,
4716211239512342,,,,0,notfound,,,
4717344051650207,,,,0,notfound,,,
4717802654571316,,,,0,notfound,,,
4719708360484464,="0200022936",انرژکس  30 عدد قرص روکشدار گلدن لایف,ENERGE-X  30 F.C. Tablet Golden Life,1,ok,400000,2026-06-15T22:27:49+03:30,
4722761162236238,,,,0,notfound,,,
4723583458690189,="0200001346",شیرافزا  30  میلی لیتر قطره خوراکى گل دارو,SHIRAFZA  30 ML Oral Drop Gol Darou,1,ok,3000000,2026-04-30T12:14:26+03:30,
4724117626973151,,,,0,notfound,,,
4725241993200878,,,,0,notfound,,,
4725348229459141,,,,0,notfound,,,
4725487056142919,,,,0,notfound,,,
4730596417901258,,,,0,notfound,,,
4731267990062651,,,,0,notfound,,,
4731506650833502,,,,0,notfound,,,
4731815489944345,,,,0,notfound,,,
4735571086906369,,,,0,notfound,,,
4737546447699478,,,,0,notfound,,,
4738397150242284,,,,0,notfound,,,
4739284321421724,,,,0,notfound,,,
4739433885082337,="0301007265",بایو آی بی اس  30 عدد کپسول تک ژن,BioIBS  30 Capsule Takgene,1,ok,320000,2026-05-31T12:07:29+03:30,
4741549037014258,,,,0,notfound,,,
4742026645660682,,,,0,notfound,,,
4745497142925108,,,,0,notfound,,,
4747588131334147,,,,0,notfound,,,
4750956176234914,="0200010430",د - رگلیس  100 عدد قرص ایران داروک,D-REGLIS  100 Tablet Iran Darouk,1,ok,39000,2026-06-16T09:45:37+03:30,
4751699123068267,,,,0,notfound,,,
4753726018291157,,,,0,notfound,,,
4754723008364365,="0200022937",ایکس اید  60 عدد قرص روکشدار گلدن لایف,X-ADE  60 F.C. Tablet Golden Life,1,ok,500000,2026-09-21T08:35:50+03:30,
4756663994584921,,,,0,notfound,,,
4757402063592855,="0201005731",پی ام اس پوز  30 عدد کپسول بهتا دارو,PMS PAUSE  30 Capsule Behta Daru,1,ok,120000,2026-05-05T12:44:54+03:30,
4758502720431221,,,,0,notfound,,,
4759236199334825,,,,0,notfound,,,
4762789597320793,="0201005716",افرسان جینسنگ  20 عدد ساشه بهشاد دارو,EFFERSUN GINSENG  20 Sache Behshad Darou,1,ok,57000,2024-03-06T10:38:24+03:30,
4764316359552767,,,,0,notfound,,,
4764453137975303,,,,0,notfound,,,
4764870023699514,,,,0,notfound,,,
4768241478907397,,,,0,notfound,,,
4769116892184669,,,,0,notfound,,,
4771022830724395,,,,0,notfound,,,
4771834796694431,="0301006472",هربوهایپ  30 عدد سافت ژل ایران داروک,HERBOHYP  30 Soft Gelatin Capsule Iran Darouk,1,ok,15466,2024-06-30T11:57:40+03:30,
4774496291553941,,,,0,notfound,,,
4774781977494419,,,,0,notfound,,,
4775850257723732,,,,0,notfound,,,
4777157430998135,="0301007411",مهبافیت  30 عدد قرص ویتاول,MAHBAFIT  30 Tablet Vitawell,1,ok,150000,2026-06-28T08:32:10+03:30,
4777441467378437,,,,0,notfound,,,
4778015562237098,,,,0,notfound,,,
4778443694409571,,,,0,notfound,,,
4779222423645571,="0200018758",سیستون  60 عدد قرص هیمالیا,CYSTONE  60 Tablet Himalaya,1,ok,190000,2026-06-13T23:01:44+03:30,
4779878283205186,,,,0,notfound,,,
4782974731700460,,,,0,notfound,,,
4787011641414396,,,,0,notfound,,,
4787552051746778,="0301008664",ایموسیم  120 میلی لیتر شربت سیمرغ داروی عطار,IMMUSIM  120 ML Syrup Simorgh Darou Attar,1,ok,1970000,2025-11-10T12:05:03+03:30,
4788334823208435,="0201009296",برسول  60 عدد قرص هیمالیا,BRESOL  60 Tablet Himalaya,1,ok,35000,2026-05-17T14:53:52+03:30,
4788358832804384,,,,0,notfound,,,
4790257522668775,,,,0,notfound,,,
4793053252528998,,,,0,notfound,,,
4794915118501761,="0301009052",ابورنز روغن گل مغربی  1000 میلی گرم 50 عدد سافت ژل آنوشا,ABORNS EVENING PRIMROSE OIL  1000 MG 50 Soft Gelatin Capsule Anosha,1,ok,60000,2025-06-01T12:16:46+03:30,
4794937994250642,,,,0,notfound,,,
4795020384263402,,,,0,notfound,,,
4796617251026101,,,,0,notfound,,,
4796777120842491,,,,0,notfound,,,
4797880629432511,,,,0,notfound,,,
4798052377849378,="0201006642",پپتولیک  120 میلی لیتر شربت نو تک فار,PEPTULIC  120 ML Syrup Know.Tech.Phar,1,ok,1804000,2026-05-24T14:29:28+03:30,
4798461029099302,,,,0,notfound,,,
4799648679716148,,,,0,notfound,,,
4800474776518185,,,,0,notfound,,,
4802186016205865,,,,0,notfound,,,
4802778695854619,="0300015254",لاکتول  30 عدد قرص نیچرز انلی,LACTOL  30 Tablet Natures Only,1,ok,353666,2026-04-15T01:49:01+03:30,
4803130970816691,="0201009226",آرتابایوتیک بی بی  30 عدد ساشه بهیان طب آرتا,ARTABIOTIC BABY  30 Sache Behyan Teb Arta,1,ok,72000,2025-07-14T10:18:12+03:30,
4805686479279235,,,,0,notfound,,,
4807794299293970,,,,0,notfound,,,
4809663452009232,="0200023293",زینگامان  120 میلی لیتر شربت سلامت گستر آرتیمان,ZINGAMAN  120 ML Syrup Salamat Gostar Artiman,1,ok,3000000,2026-06-09T10:02:45+03:30,
4812489573029167,="0200017406",ایمونستیم طلایی  30 عدد کپسول گل دارو,GOLDEN IMMUNSTIM  30 Capsule Gol Darou,1,ok,26000,2025-02-06T11:47:05+03:30,
4813666773501659,,,,0,notfound,,,
4813932126236940,,,,0,notfound,,,
4815754765427382,,,,0,notfound,,,
4820333648900856,,,,0,notfound,,,
4822182433487898,,,,0,notfound,,,
4824369313861080,,,,0,notfound,,,
4826317640667904,,,,0,notfound,,,
4831250983169846,,,,0,notfound,,,
4833875680191541,,,,0,notfound,,,
4835072596470460,,,,0,notfound,,,
4835947633931576,,,,0,notfound,,,
4837385629002038,,,,0,notfound,,,
4840471988617445,="0301007006",اکتیوا ولبیینگ رسپیریشن  30 عدد کپسول رستا ایمن دارو,ACTIVA WELL BEING RESPIRATION  30 Capsule Rasta Imen Daroo,1,ok,126666,2024-08-21T09:59:47+03:30,
4844138480180212,,,,0,notfound,,,
4844334064631054,,,,0,notfound,,,
4844873341029678,,,,0,notfound,,,
4845001317772538,,,,0,notfound,,,
4845675610325838,,,,0,notfound,,,
4848124668999994,,,,0,notfound,,,
4850323218500362,,,,0,notfound,,,
4851821860844199,,,,0,notfound,,,
4853469173221251,="0301008756",کربوفایت  120 عدد کپسول کارن,CARBO FIGHT  120 Capsule Karen,1,ok,60000,2026-03-05T20:17:02+03:30,
4853603434031320,,,,0,notfound,,,
4853646983148796,,,,0,notfound,,,
4856557390997524,,,,0,notfound,,,
4857556427443777,="0201005660",سیکا فارما پلاس  10 عدد قرص بهداشت فارمد لوتوس,CYCA PHARMA PLUS  10 Tablet Behdasht Pharmed Lotus,1,ok,639300,2026-08-05T17:47:52+03:30,
4857739566005401,,,,0,notfound,,,
4858239338642522,,,,0,notfound,,,
4861855736099332,="0200001325",تیمیان  120 میلی لیتر شربت مینا,THYMIAN  120 ML Syrup Mina,1,ok,1900000,2026-07-14T13:39:01+03:30,
4863610282996301,,,,0,notfound,,,
4864218946297667,,,,0,notfound,,,
4866054342040383,,,,0,notfound,,,
4869061813213979,="0200007889",فیتوسین  15 میلی لیتر سوسپانسیون استنشاقی گیاه اسانس,PHYTOCIN  15 ML Respiratory Suspension Giah Essence,1,ok,750000,2026-05-13T15:17:23+03:30,
4870210831993160,="0301006399",دیپ لانگ ساپورت  30 عدد کپسول گرین نیچر,DEEP LUNG SUPPORT  30 Capsule Green Nature,1,ok,463333,2026-06-28T08:46:23+03:30,
4872796958019197,,,,0,notfound,,,
4875392650459115,,,,0,notfound,,,
4876295997128091,,,,0,notfound,,,
4876319382885895,,,,0,notfound,,,
4878658598782695,="0201005543",اهورا تین  50 عدد کپسول اهورا دارو,AHURA THIN  50 Capsule Ahoura Darou,1,ok,29160,2026-03-30T14:16:18+03:30,
4879322056932875,,,,0,notfound,,,
4880023563535004,,,,0,notfound,,,
4882026072647535,,,,0,notfound,,,
4885087923317890,,,,0,notfound,,,
4887030815990892,,,,0,notfound,,,
4887431662571655,,,,0,notfound,,,
4892278791728175,,,,0,notfound,,,
4892954462951537,,,,0,notfound,,,
4893632691416971,,,,0,notfound,,,
4898458121658523,,,,0,notfound,,,
4898641655096898,,,,0,notfound,,,
4899027166664264,,,,0,notfound,,,
4900120665865257,="0201006643",کالیک اطفال  120 میلی لیتر شربت نو تک فار,CULIC PEDIATRIC  120 ML Syrup Know.Tech.Phar,1,ok,1638000,2026-05-24T14:24:49+03:30,
4902363657851075,,,,0,notfound,,,
4902915350020762,,,,0,notfound,,,
4904665973456287,,,,0,notfound,,,
4906631558370140,="0201006056",دایان مکث  20 عدد کپسول دایان فارما,DAYAN MAX  20 Capsule DAYAN PHARMA,1,ok,205000,2026-06-07T10:19:02+03:30,
4907466266062025,,,,0,notfound,,,
4907999332484489,,,,0,notfound,,,
4908774864634327,,,,0,notfound,,,
4910657454784311,,,,0,notfound,,,
4911479643522923,,,,0,notfound,,,
4912149212585453,="0201006516",رومالایا فورت  60 عدد قرص هیمالیا,RUMALAYA FORT  60 Tablet Himalaya,1,ok,50000,2026-08-31T11:51:52+03:30,
4912222295759550,="0200018393",پروسپیتان  120 میلی لیتر شربت رازک,PRUSPITAN  120 ML Syrup Razak,1,ok,700000,2025-09-13T10:59:50+03:30,
4915785497616473,,,,0,notfound,,,
4917694271270238,="0301008979",برین بریکس  30 عدد کپسول گرین نیچر,BRAIN BRIX  30 Capsule Green Nature,1,ok,424666,2026-06-28T08:52:43+03:30,
4920522841154334,,,,0,notfound,,,
4921684451979251,,,,0,notfound,,,
4922664174419702,,,,0,notfound,,,
4923501497765893,="0301006867",برنیسکون  240 میلی لیتر سوسپانسیون خوراکی نویا ویژن آریان,BURNISCON  240 ML Oral Suspension Noya Vision Aryan,1,ok,5000000,2026-06-03T14:19:18+03:30,
4924817770348120,,,,0,notfound,,,
4926270454860234,="0200023988",جینک اکتیو  30 عدد کپسول گلدن لایف,GINC ACTIVE  30 Capsule Golden Life,1,ok,150000,2026-07-28T10:09:16+03:30,
4927019988904754,,,,0,notfound,,,
4927577252183318,,,,0,notfound,,,
4928560178307559,,,,0,notfound,,,
4930135451611966,,,,0,notfound,,,
4930357674964993,,,,0,notfound,,,
4931126633130423,,,,0,notfound,,,
4931396439548645,,,,0,notfound,,,
4933240972537946,="0201003653",پونیکا  60 عدد کپسول ادیب اکسیر,PUNICA  60 Capsule Adib Exir,1,ok,82500,2026-05-02T10:09:37+03:30,
4934087014225585,,,,0,notfound,,,
4934407371016721,,,,0,notfound,,,
4934743813765618,,,,0,notfound,,,
4935857149933295,,,,0,notfound,,,
4935982544765546,,,,0,notfound,,,
4937683454036679,,,,0,notfound,,,
4945281043819616,,,,0,notfound,,,
4945469481492558,,,,0,notfound,,,
4946812095839684,,,,0,notfound,,,
4947447225630715,,,,0,notfound,,,
4947919830794453,="0201006642",پپتولیک  120 میلی لیتر شربت نو تک فار,PEPTULIC  120 ML Syrup Know.Tech.Phar,1,ok,1804000,2026-05-24T14:29:28+03:30,
4947962994752468,,,,0,notfound,,,
4952435538424591,="0200023570",برنینگ فت  30 عدد قرص روکشدار گلدن لایف,BURNING FAT  30 F.C. Tablet Golden Life,1,ok,330000,2026-06-16T12:48:52+03:30,
4952941996155679,,,,0,notfound,,,
4954487121160118,,,,0,notfound,,,
4956108842092834,,,,0,notfound,,,
4956175739167592,,,,0,notfound,,,
4957605125326766,,,,0,notfound,,,
4963978244983134,,,,0,notfound,,,
4964244513623417,,,,0,notfound,,,
4965611483998154,,,,0,notfound,,,
4965651134802654,="0201006642",پپتولیک  120 میلی لیتر شربت نو تک فار,PEPTULIC  120 ML Syrup Know.Tech.Phar,1,ok,1804000,2026-05-24T14:29:28+03:30,
4966232556709312,,,,0,notfound,,,
4967268965457278,="0301006392",پروکید پویا  10 عدد ساشه گسترش میلاد فارمد,PROKID POUYA  10 Sache Gostaresh Milad Pharmed,1,ok,320000,2026-07-06T09:47:16+03:30,
4967282994601030,,,,0,notfound,,,
4971566151657774,,,,0,notfound,,,
4972252242257946,,,,0,notfound,,,
4972307375442949,="0300017296",سافروتين  60 عدد کپسول گیاهان سبز زندگی,SAFFROTIN  60 Capsule Green Plants Of Life,1,ok,280000,2026-06-21T19:47:38+03:30,
4973738939397607,,,,0,notfound,,,
4977522076578995,="0301007262",بروزایم اولترا  30 عدد کپسول تچرا فارمد,BROZYME ULTRA  30 Capsule Techra Pharmed,1,ok,240000,2026-06-28T09:32:15+03:30,
4980120269247657,,,,0,notfound,,,
4980505518466430,,,,0,notfound,,,
4984612375057112,,,,0,notfound,,,
4990298110112907,,,,0,notfound,,,
4990522739530162,="0201005583",انرژکس  60 عدد قرص گلدن لایف,ENERGE-X  60 Tablet Golden Life,1,ok,400000,2026-06-15T22:28:34+03:30,
4991344612534496,,,,0,notfound,,,
4992076598975159,="0200022744",فمی لاکت  500 میلی گرم 30 عدد کپسول زیست تخمیر,FAMILACT  500 MG 30 Capsule Zist Takhmir,1,ok,95000,2026-05-23T08:26:54+03:30,
4994666874582999,,,,0,notfound,,,
5001787632164548,,,,0,notfound,,,
5003934476562096,,,,0,notfound,,,
5006503320576387,,,,0,notfound,,,
5008004466376578,,,,0,notfound,,,
5011831121158159,,,,0,notfound,,,
5012429481771716,="0301009209",ترمواسلیم  60 عدد کپسول آمیتیس نیک دارو,THERMOSLIM  60 Capsule Amitis Nik Darou,1,ok,200000,2026-05-04T09:48:31+03:30,
5014107343755896,,,,0,notfound,,,
5016303669704176,,,,0,notfound,,,
5018821146733612,,,,0,notfound,,,
5020070398719175,,,,0,notfound,,,
5020457012015840,,,,0,notfound,,,
5021166337147200,="0200014395",میگراگل  30 عدد قرص روکشدار گل دارو,MIGRAGOL  30 F.C. Tablet Gol Darou,1,ok,57000,2025-09-17T11:31:18+03:30,
5021743410910517,="0201005736",کات رفلاکس  30 عدد کپسول بهتا دارو,CUT REFLUX  30 Capsule Behta Daru,1,ok,110000,2026-05-25T12:20:27+03:30,
5025451275882506,,,,0,notfound,,,
5026638428397653,,,,0,notfound,,,
5026772360552593,="0201006342",روهمورین  30 عدد کپسول قائم دارو,RUHEMORRIN  30 Capsule Ghaem Darou,1,ok,65000,2026-06-07T08:24:10+03:30,
5028349981849255,,,,0,notfound,,,
5029904077146592,,,,0,notfound,,,
5031061560007008,,,,0,notfound,,,
5031984815445264,="0200010653",پسیلیوم گرانول  7 گرم 10 عدد ساشه دینه,PSYLLIUM GRANULE  7 GR 10 Sache Dineh,1,ok,220000,2026-03-12T12:02:20+03:30,
5032707386532732,="0201006069",بلغم  100 عدد قرص دیموند,BALGHAM  100 Tablet Daymond,1,ok,34900,2026-07-11T17:54:28+03:30,
5033483149795781,="0201009413",رامنوفلور  10 عدد ساشه فرابیوتیک,RAMNOFLOR  10 Sache Farabiotic,1,ok,95000,2025-09-09T08:37:05+03:30,
5034682784116441,,,,0,notfound,,,
5036981665922614,,,,0,notfound,,,
5037303812792369,,,,0,notfound,,,
5038369147692182,,,,0,notfound,,,
5039401359246628,,,,0,notfound,,,
5040306445062219,,,,0,notfound,,,
5040441975750594,,,,0,notfound,,,
5044592628028122,,,,0,notfound,,,
5045519185827372,="0201009296",برسول  60 عدد قرص هیمالیا,BRESOL  60 Tablet Himalaya,1,ok,35000,2026-05-17T14:53:52+03:30,
5047372030817100,,,,0,notfound,,,
5048425183346793,,,,0,notfound,,,
5051545140474412,,,,0,notfound,,,
5051787328139441,,,,0,notfound,,,
5053135734761254,="0201005884",نئوناستر  15 میلی لیتر قطره خوراکى ارس,NEO NEASTER  15 ML Oral Drop Aras,1,ok,3900000,2026-07-06T09:56:05+03:30,
5055725500595134,="0200002764",شیکوریدین  50 عدد قرص روکشدار دینه,CHICORIDIN  50 F.C. Tablet Dineh,1,ok,67000,2026-06-20T12:49:05+03:30,
5056309094104267,="0301007425",لیوربان  70 میلی گرم 30 عدد قرص ویتاول,LIVERBAN  70 MG 30 Tablet Vitawell,1,ok,100000,2026-08-31T11:55:45+03:30,
5057891448608782,,,,0,notfound,,,
5059238945425474,,,,0,notfound,,,
5059727821790147,="0301007011",پرونوتری ولبیینگ کلسترول  30 عدد کپسول رستا ایمن دارو,PRONUTRI WELL BEING CHOLESTEROL  30 Capsule Rasta Imen Daroo,1,ok,126666,2024-08-21T10:11:44+03:30,
5060813324706079,,,,0,notfound,,,
5060970098596383,="0301006283",مگنیملت  300 میلی گرم 20 عدد ساشه فرابیوتیک,MAGNIMELT  300 MG 20 Sache Farabiotic,2,multi,40000,2025-09-09T08:48:28+03:30,0301006283;0201009415
5062251867313384,="0301007455",ایموکپ  30 عدد سافت ژل ویوا تیون,IMUCAP  30 Soft Gelatin Capsule VivaTune,1,ok,80000,2024-09-30T08:35:58+03:30,
5063257817360534,,,,0,notfound,,,
5064229613061285,,,,0,notfound,,,
5066528351400732,,,,0,notfound,,,
5067004824056028,,,,0,notfound,,,
5069049661913647,,,,0,notfound,,,
5070201814215030,,,,0,notfound,,,
5071069838824341,,,,0,notfound,,,
5072134883345412,,,,0,notfound,,,
5072266128964215,,,,0,notfound,,,
5076276465570826,,,,0,notfound,,,
5077156493486435,="0201006345",نیجلا سیاه دانه  650 میلی گرم 30 عدد کپسول گیاه اسانس,NIGELLA OIL  650 MG 30 Capsule Giah Essence,1,ok,100000,2026-06-17T09:41:25+03:30,
5077947799540846,="0200023561",پلارژین کیدز  120 میلی لیتر شربت پارس گیتا دارو,PELARGIN KIDS  120 ML Syrup Pars Gita Darou,1,ok,4100000,2026-07-25T09:22:24+03:30,
5080212847837090,,,,0,notfound,,,
5081333930211743,,,,0,notfound,,,
5082158445980077,,,,0,notfound,,,
5082472445647209,,,,0,notfound,,,
5085913260346800,,,,0,notfound,,,
5086991913693231,,,,0,notfound,,,
5087367919740259,,,,0,notfound,,,
5088241165144542,,,,0,notfound,,,
5090416274068739,,,,0,notfound,,,
5093192831142876,,,,0,notfound,,,
5098855930795005,="0201006643",کالیک اطفال  120 میلی لیتر شربت نو تک فار,CULIC PEDIATRIC  120 ML Syrup Know.Tech.Phar,1,ok,1638000,2026-05-24T14:24:49+03:30,
5099131771294667,,,,0,notfound,,,
5102648118867007,="0100006139",دافلون (ادرز فارما امرژنسی سنترز) 500 میلی گرم 30 عدد قرص سرویر,DAFLON (_OTHERS PHARMA EMERGENCY CENTERS) 500 MG 30 Tablet Servier,1,ok,150000,2025-06-26T11:12:08+03:30,
5102922025304760,,,,0,notfound,,,
5104582581253438,,,,0,notfound,,,
5105601461546088,,,,0,notfound,,,
5105884254085805,,,,0,notfound,,,
5106696771261678,,,,0,notfound,,,
5109934911449738,,,,0,notfound,,,
5110095834436227,,,,0,notfound,,,
5113530599245548,,,,0,notfound,,,
5113633527242694,,,,0,notfound,,,
5115015531672649,,,,0,notfound,,,
5117977644908029,="0201005626",پروستا باریج  390 میلی گرم 60 عدد کپسول باریج اسانس,PROSTA BARIJ  390 MG 60 Capsule Barij Essence,1,ok,70000,2026-08-24T12:09:32+03:30,
5118040617577468,,,,0,notfound,,,
5121376584664676,,,,0,notfound,,,
5123285318552085,="0301007145",سیم فت لیور  30 عدد قرص سیمرغ داروی عطار,SIM FAT LIVER  30 Tablet Simorgh Darou Attar,1,ok,35966,2025-09-03T09:06:34+03:30,
5123723318614014,,,,0,notfound,,,
5123724035288426,="0200015829",یوموگی  20 عدد کپسول آیریا نیک,YOMOGI  20 Capsule IRENIC,1,ok,140000,2025-10-09T12:28:12+03:30,
5126107574837525,="0200020174",آناهیل  500 میلی گرم 30 عدد کپسول سلامت پرمون امین,ANAHEAL  500 MG 30 Capsule Salamat Parmon Amin,1,ok,220000,2026-06-27T09:59:26+03:30,
5129070457624957,,,,0,notfound,,,
5131934711158073,,,,0,notfound,,,
5132374932128481,="0301006921",جینکوویتال  30 عدد قرص امید پارسینا دماوند,GINKOVITAL  30 Tablet OPD Pharma,1,ok,68766,2026-05-25T12:02:06+03:30,
5132959565475123,="0200024905",آرترو ایز  30 عدد کپسول نچرال ورلد,ARTHRO EAZE  30 Capsule Natural World,1,ok,266666,2025-10-13T12:08:43+03:30,
5134043388596226,,,,0,notfound,,,
5134277880659729,="0200001701",والی فلور  30 عدد قرص نیاک,VALIFLORE  30 Tablet Niak,1,ok,120000,2026-07-20T09:50:25+03:30,
5135044561355777,,,,0,notfound,,,
5135609778551927,,,,0,notfound,,,
5135866185790965,,,,0,notfound,,,
5136342389490443,="0200014197",ریپل گل  30 گرم کرم موضعی گل دارو,REPELGOL  30 GR Topical Cream Gol Darou,1,ok,1500000,2026-04-30T12:16:54+03:30,
5138835337795265,="0201007182",سداسر  120 میلی لیتر شربت سینا فرآور,SEDASOR  120 ML Syrup Sina Faravar,1,ok,1570000,2026-05-16T09:58:12+03:30,
5141370571589708,,,,0,notfound,,,
5142781711735431,="0201006479",ملاتومکس  30 عدد کپسول هرباویوا,MELATOMAX  30 Capsule HerbaViva,1,ok,105000,2026-06-15T23:28:46+03:30,
5143246960595704,,,,0,notfound,,,
5144180218699418,,,,0,notfound,,,
5148985195624772,,,,0,notfound,,,
5150323141644530,,,,0,notfound,,,
5150733313381931,,,,0,notfound,,,
5151376827682797,="0301007448",لاکت اینفنت  15 میلی لیتر قطره خوراکى ویوا کیدز,LACTINFANT  15 ML Oral Drop Viva Kids,1,ok,800000,2024-09-29T11:45:14+03:30,
5151577664034255,,,,0,notfound,,,
5156973020934916,="0200022185",رودیورتیک  30 عدد کپسول قائم دارو,RUDIORETIC  30 Capsule Ghaem Darou,1,ok,10666,2024-06-19T10:00:08+03:30,
5157669124565467,="0201005482",نازاتکس  30 میلی لیتر اسپرى بینى اکسیر گستر اسپادانا,NASATEX  30 ML Nasal Spray Exir Gostar Espadana,1,ok,2500000,2026-06-27T11:01:10+03:30,
5162550890297867,,,,0,notfound,,,
5163663561264152,="0201006515",کانفیدو  120 عدد قرص هیمالیا,CONFIDO  120 Tablet Himalaya,1,ok,26091,2025-01-26T09:44:57+03:30,
5164911152948875,,,,0,notfound,,,
5166202238209331,,,,0,notfound,,,
5167319280011503,,,,0,notfound,,,
5172356385932124,,,,0,notfound,,,
5173339784875519,,,,0,notfound,,,
5173487058867545,,,,0,notfound,,,
5173672419183396,,,,0,notfound,,,
5173933790588103,,,,0,notfound,,,
5175727950875567,,,,0,notfound,,,
5176092148853221,,,,0,notfound,,,
5178691415292040,,,,0,notfound,,,
5179324991052578,,,,0,notfound,,,
5179527238469799,,,,0,notfound,,,
5180147299440684,,,,0,notfound,,,
5180176490333534,="0200024843",زیره باریج  75 میلی گرم 60 عدد سافت ژل باریج اسانس,ZIREH BARIJ  75 MG 60 Soft Gelatin Capsule Barij Essence,1,ok,60000,2026-08-24T12:10:35+03:30,
5182941984598547,,,,0,notfound,,,
5183507356586870,,,,0,notfound,,,
5184235242410241,,,,0,notfound,,,
5185791542524909,,,,0,notfound,,,
5188459021972156,,,,0,notfound,,,
5188582443153538,="0301005477",کرامپز اوی  30 عدد قرص اکسیر طب پرنیان,CRAMPS AWAY  30 Tablet Xir Teb Parnian,1,ok,398900,2025-07-19T12:16:46+03:30,
5188634152582498,="0201008610",فیبروگل  7 عدد ساشه گل دارو,FIBROGOL  7 Sache Gol Darou,1,ok,350000,2026-06-15T23:11:14+03:30,
5190452277180801,="0301008993",پام پروست روغن دانه کدو  60 عدد سافت ژل تهران دارو,PUM PROST PUMPKIN SEED OIL  60 Soft Gelatin Capsule Tehran Darou,1,ok,42000,2026-04-20T11:56:51+03:30,
5190546448239353,="0201006515",کانفیدو  120 عدد قرص هیمالیا,CONFIDO  120 Tablet Himalaya,1,ok,26091,2025-01-26T09:44:57+03:30,
5193001335665823,,,,0,notfound,,,
5193058979108393,,,,0,notfound,,,
5193398891322687,,,,0,notfound,,,
5197530578275412,="0201005632",رزالاکس (معجون گلقند)  100 گرم پودر باریج اسانس,ROSALAX  100 GR Powder Barij Essence,1,ok,600000,2024-02-28T11:53:13+03:30,
5199532725055292,="0201005455",اسطوخودوس الیس  15 میلی لیتر قطره خوراکى ایده دارو پارس,LAVENDER ELIS  15 ML Oral Drop EadehDaru Pars,1,ok,1860000,2026-07-04T09:12:46+03:30,
5200813531449823,,,,0,notfound,,,
5201749987420475,,,,0,notfound,,,
5203180512828369,,,,0,notfound,,,
5203430866280363,,,,0,notfound,,,
5205255436061162,,,,0,notfound,,,
5205407843832391,,,,0,notfound,,,
5207054831448843,="0200002322",کالندیت - ای  30 گرم کرم موضعی گل دارو,CALENDIT- E  30 GR Topical Cream Gol Darou,1,ok,1700000,2026-04-30T12:18:02+03:30,
5207064533328159,="0201005651",لیورهیل  306 میلی گرم 30 عدد کپسول باریج اسانس,LIVERHEAL  306 MG 30 Capsule Barij Essence,1,ok,53333,2025-08-12T09:40:22+03:30,
5207535086961080,="0201009409",روتفلور  5 میلی لیتر قطره خوراکى فرابیوتیک,REUTEFLOR  5 ML Oral Drop Farabiotic,1,ok,950000,2026-07-28T09:31:39+03:30,
5207776347610829,,,,0,notfound,,,
5208582712737318,,,,0,notfound,,,
5208667276677261,,,,0,notfound,,,
5212819923520877,,,,0,notfound,,,
5213038664945944,,,,0,notfound,,,
5213109166401816,,,,0,notfound,,,
5213543067214578,,,,0,notfound,,,
5214159771686476,="0200024586",تیموس زد بی  120 میلی لیتر محلول خوراکی زردبند,THYMUS ZB  120 ML Oral Solution Zard Band,1,ok,4000000,2026-08-24T11:13:26+03:30,
5219455553491697,,,,0,notfound,,,
5220684037670826,,,,0,notfound,,,
5221669218617073,,,,0,notfound,,,
5222754085130671,="0200023627",لیورگارد  50 عدد قرص سینا فرآور,LIVER GUARD  50 Tablet Sina Faravar,1,ok,77400,2026-05-16T09:19:59+03:30,
5222863726360291,,,,0,notfound,,,
5223253075857547,="0200020575",باریج ای پی ا  1000 میلی گرم 30 عدد سافت ژل باریج اسانس,BARIJ EPO  1000 MG 30 Soft Gelatin Capsule Barij Essence,1,ok,130000,2026-08-24T12:08:55+03:30,
5223809003905744,,,,0,notfound,,,
5224696787148440,="0201007162",سیموویرال  120 میلی لیتر شربت سیمرغ داروی عطار,SIMOVIRAL  120 ML Syrup Simorgh Darou Attar,1,ok,2013000,2025-09-02T11:46:28+03:30,
5225072026068106,,,,0,notfound,,,
5225582678214982,,,,0,notfound,,,
5226028850601980,,,,0,notfound,,,
5226365471807359,,,,0,notfound,,,
5229744059886379,,,,0,notfound,,,
5230566433098521,,,,0,notfound,,,
5231872561162767,,,,0,notfound,,,
5232245552296091,,,,0,notfound,,,
5233050353152565,,,,0,notfound,,,
5233398431688966,,,,0,notfound,,,
5234345558996261,,,,0,notfound,,,
5236504556487182,,,,0,notfound,,,
5237343588790673,,,,0,notfound,,,
5238831281771450,,,,0,notfound,,,
5239290819098059,,,,0,notfound,,,
5240919110815933,,,,0,notfound,,,
5242780250144071,="0200010789",سیمی فوگل  30 عدد قرص روکشدار گل دارو,CIMIFUGOL  30 F.C. Tablet Gol Darou,1,ok,16500,2024-12-24T11:16:43+03:30,
5243355113859616,,,,0,notfound,,,
5244360867519722,="0201003658",اکسینارین  60 عدد کپسول ادیب اکسیر,EXINARIN  60 Capsule Adib Exir,1,ok,66000,2026-05-02T10:04:32+03:30,
5245639877557074,,,,0,notfound,,,
5246097788167662,,,,0,notfound,,,
5246872698815785,,,,0,notfound,,,
5247121742897160,="0301006920",سوپرازورب کورکومین  20 عدد قرص جوشان امید بهبود,SUPRASORB CURCUMIN  20 Effervescent Tablet Omid Behboud,1,ok,300000,2026-07-11T13:37:26+03:30,
5247632587864367,="0201005638",گرین کارمین  600 میلی گرم 30 عدد کپسول باریج اسانس,GREEN CARMIN  600 MG 30 Capsule Barij Essence,1,ok,37000,2026-05-07T15:55:59+03:30,
5248157963834562,,,,0,notfound,,,
5249081967202314,="0200023572",زینلین  120 میلی لیتر شربت سلامت گستر آرتیمان,ZINLIN  120 ML Syrup Salamat Gostar Artiman,1,ok,2000000,2026-07-01T11:27:23+03:30,
5250266279896346,="0200001379",آلیکوم  30 عدد قرص روکشدار نیاک,ALICOM  30 F.C. Tablet Niak,1,ok,80000,2026-05-24T14:15:16+03:30,
5250797195883294,,,,0,notfound,,,
5251705583873846,,,,0,notfound,,,
5253328086719815,,,,0,notfound,,,
5253416572376640,,,,0,notfound,,,
5253979141020606,,,,0,notfound,,,
5259438734102672,="0200022261",پروستکس  60 عدد کپسول سبز دارو,PROSTEX  60 Capsule Sabzdaru,1,ok,82000,2026-05-04T09:43:25+03:30,
5260204191264592,,,,0,notfound,,,
5262183043647633,,,,0,notfound,,,
5263997015077080,,,,0,notfound,,,
5265206588498046,,,,0,notfound,,,
5266156471030249,="0200019761",گل - ایچ  150 میلی لیتر لوسیون موضعی گل دارو,GOL-ITCH  150 ML Topical Lotion Gol Darou,1,ok,600000,2021-06-03T10:41:30+03:30,
5268650547388083,="0201007176",آی.کاف  کودکان 60 میلی لیتر شربت سینا پیشگام دارو نوین,I.COUGH  CHILDEREN 60 ML Syrup Sina Pishgam Darou Novin,1,ok,800000,2026-07-02T16:50:05+03:30,
5268918236147745,,,,0,notfound,,,
5269025396217788,,,,0,notfound,,,
5269482816019395,,,,0,notfound,,,
5271079686499466,,,,0,notfound,,,
5271264930910298,="0301007417",دتوکسیبان  30 عدد قرص ویتاول,DETOXIBAN  30 Tablet Vitawell,1,ok,43333,2024-09-29T08:54:29+03:30,
5271336241721210,,,,0,notfound,,,
5274432857775478,,,,0,notfound,,,
5274916997453875,,,,0,notfound,,,
5278427154412267,="0301006868",تیموسیپ  6 عدد ساشه نویا ویژن آریان,THYMOSIP  6 Sache Noya Vision Aryan,1,ok,370000,2026-05-23T12:05:13+03:30,
5278728735609766,,,,0,notfound,,,
5280663723567417,="0201006344",سینول ام  30 میلی لیتر اسپرى بینى گیاه اسانس,CINOL M  30 ML Nasal Spray Giah Essence,1,ok,2300000,2026-06-17T09:30:39+03:30,
5280840013398806,,,,0,notfound,,,
5280974578311453,="0301006595",کربوفایت  30 عدد کپسول کارن,CARBO FIGHT  30 Capsule Karen,1,ok,61000,2026-03-05T20:17:33+03:30,
5281952284939551,,,,0,notfound,,,
5282407466725011,,,,0,notfound,,,
5283153024765108,,,,0,notfound,,,
5284935372429814,,,,0,notfound,,,
5287906381192075,,,,0,notfound,,,
5288687312091155,,,,0,notfound,,,
5292810153484423,="0301006725",ایمیون کوردیسپس  60 عدد کپسول برنا سلامت,IMMUNE CORDYCEPS  60 Capsule Borna Salamat,1,ok,31333,2024-07-28T09:19:31+03:30,
5297167535486945,,,,0,notfound,,,
5299398045382901,="0301007517",فمی لاکت توپلاس  30 عدد کپسول زیست تخمیر,FAMILACT 2PLUS  30 Capsule Zist Takhmir,1,ok,200000,2026-05-23T08:27:58+03:30,
5302841035181092,,,,0,notfound,,,
5303478986598172,,,,0,notfound,,,
5303635756896845,,,,0,notfound,,,
5305644668657329,,,,0,notfound,,,
5306452564536727,,,,0,notfound,,,
5308677187541863,="0301006866",مییل سی  20 عدد قرص جوشان,MIELE C  20 Effervescent Tablet,1,ok,37700,2025-02-03T09:27:23+03:30,
5308721168410161,,,,0,notfound,,,
5308923066225105,,,,0,notfound,,,
5310704521052381,,,,0,notfound,,,
5311103218902040,="0201006537",دیامد  100 میلی لیتر قطره خوراکى ایران داروک,DIAMED  100 ML Oral Drop Iran Darouk,1,ok,780000,2024-07-11T11:22:23+03:30,
5311235992091941,,,,0,notfound,,,
5311856062748972,,,,0,notfound,,,
5311911635143265,,,,0,notfound,,,
5315728171350127,="0201009274",کورکوجین پلاس  6 عدد ساشه نویا ویژن آریان,CURCUGIN PLUS  6 Sache Noya Vision Aryan,1,ok,400000,2026-05-21T12:09:41+03:30,
5316163911751476,,,,0,notfound,,,
5316492876450380,,,,0,notfound,,,
5316559048576244,="0200020655",نوروتک  60 عدد کپسول زیست اروند فارمد,NEUROTEC  60 Capsule Zist Arvand Pharmed,1,ok,80000,2026-07-13T14:41:05+03:30,
5317358631803173,,,,0,notfound,,,
5320575318518758,,,,0,notfound,,,
5320984993299264,,,,0,notfound,,,
5322638787050979,,,,0,notfound,,,
5322930712688448,,,,0,notfound,,,
5324408110116617,,,,0,notfound,,,
5325319989148545,,,,0,notfound,,,
5327628379535178,,,,0,notfound,,,
5329151682456635,,,,0,notfound,,,
5331334245743169,="0200001325",تیمیان  120 میلی لیتر شربت مینا,THYMIAN  120 ML Syrup Mina,1,ok,1900000,2026-07-14T13:39:01+03:30,
5332900927469856,,,,0,notfound,,,
5333717889862036,,,,0,notfound,,,
5337287830866463,,,,0,notfound,,,
5337720658401513,,,,0,notfound,,,
5338109123062048,,,,0,notfound,,,
5341941698906464,,,,0,notfound,,,
5343159679765911,,,,0,notfound,,,
5345521449848356,,,,0,notfound,,,
5345711844621316,,,,0,notfound,,,
5347384323022126,,,,0,notfound,,,
5349198988879219,,,,0,notfound,,,
5349222078587044,,,,0,notfound,,,
5351012250693548,,,,0,notfound,,,
5351091689524893,,,,0,notfound,,,
5353198159017275,,,,0,notfound,,,
5353484299397896,,,,0,notfound,,,
5354078859109768,,,,0,notfound,,,
5354309521250610,,,,0,notfound,,,
5357040380262771,,,,0,notfound,,,
5357676791720704,,,,0,notfound,,,
5358776783471486,="0201009320",پوم ویتا  60 عدد سافت ژل وشا دارو پارس,POME VITA  60 Soft Gelatin Capsule Vasha Darou Pars,1,ok,230000,2026-07-21T13:18:26+03:30,
5359045711433036,,,,0,notfound,,,
5359466486304108,,,,0,notfound,,,
5361154375030259,,,,0,notfound,,,
5363596575810653,,,,0,notfound,,,
5364656121575479,,,,0,notfound,,,
5365074120918910,,,,0,notfound,,,
5366397171747527,,,,0,notfound,,,
5366790762666547,,,,0,notfound,,,
5367801226739991,,,,0,notfound,,,
5368314625572831,,,,0,notfound,,,
5368553345073345,,,,0,notfound,,,
5368757330893206,,,,0,notfound,,,
5368942121475737,="0200020137",پلارژین  120 میلی لیتر شربت پارس گیتا دارو,PELARGIN  120 ML Syrup Pars Gita Darou,1,ok,4100000,2026-07-25T09:24:48+03:30,
5369086048307045,,,,0,notfound,,,
5372058032822513,,,,0,notfound,,,
5372322143463820,,,,0,notfound,,,
5377206229447235,,,,0,notfound,,,
5379538451784639,,,,0,notfound,,,
5380427620251401,,,,0,notfound,,,
5381755191843589,,,,0,notfound,,,
5382300322122297,,,,0,notfound,,,
5384381415784209,,,,0,notfound,,,
5385445551390085,,,,0,notfound,,,
5385539121095580,="0201005641",لاکسی هرب  120 میلی لیتر شربت باریج اسانس,LAXI HERB  120 ML Syrup Barij Essence,1,ok,1800000,2026-07-14T18:27:34+03:30,
5387664632625503,,,,0,notfound,,,
5388283244540099,,,,0,notfound,,,
5388525228343566,="0201009060",موسیلیوم فورت  آناناس 7 عدد ساشه ایران داروک,MUSYLIUM FORTE  PINAPPLE 7 Sache Iran Darouk,1,ok,550000,2026-06-16T08:53:11+03:30,
5389859710439072,,,,0,notfound,,,
5393720547557526,="0301006742",بایونا شیپ  30 عدد قرص نیچرز انلی,BIONA SHAPE  30 Tablet Natures Only,1,ok,406333,2026-04-15T09:25:54+03:30,
5393774679562087,="0200024449",پروستیکا  30 عدد قرص روکشدار گلدن لایف,PROSTICA  30 F.C. Tablet Golden Life,1,ok,270000,2026-06-16T12:51:03+03:30,
5394251072202681,,,,0,notfound,,,
5394472938402592,,,,0,notfound,,,
5397901166577874,,,,0,notfound,,,
5398551724560518,,,,0,notfound,,,
5399594450097062,,,,0,notfound,,,
5399972592477044,,,,0,notfound,,,
5401261468413645,,,,0,notfound,,,
5402258226460691,,,,0,notfound,,,
5402482974443548,,,,0,notfound,,,
5404528539276237,,,,0,notfound,,,
5406057970583115,,,,0,notfound,,,
5411102829238890,,,,0,notfound,,,
5411602328480886,,,,0,notfound,,,
5411679519014566,,,,0,notfound,,,
5412089421388968,,,,0,notfound,,,
5414246146947745,,,,0,notfound,,,
5415397268613191,,,,0,notfound,,,
5417042183332742,="0200001783",لیکوفار  30 عدد قرص مکیدنی گل دارو,LICOPHAR  30 Lozenge Tablet Gol Darou,1,ok,75000,2026-04-30T11:43:30+03:30,
5418712052592079,="0301007264",وستولوکس  30 عدد قرص تچرا فارمد,VESTOLUX  30 Tablet Techra Pharmed,1,ok,164000,2025-04-17T11:26:11+03:30,
5420027638105965,,,,0,notfound,,,
5420875031570960,,,,0,notfound,,,
5420929162305745,,,,0,notfound,,,
5424741095156897,,,,0,notfound,,,
5424835799450740,="0301006944",اپتایت  150 میلی لیتر شربت پدیا بست,APPETITE  150 ML Syrup Pedia Best,1,ok,4311000,2026-05-11T11:18:06+03:30,
5425269726774453,,,,0,notfound,,,
5425276989533076,,,,0,notfound,,,
5425319572298520,="0201007186",هزال  60 عدد قرص سینا فرآور,HAZAL  60 Tablet Sina Faravar,1,ok,99166,2026-05-16T09:05:24+03:30,
5425611141669918,,,,0,notfound,,,
5427241157604876,,,,0,notfound,,,
5427544129126122,,,,0,notfound,,,
5428777241900553,,,,0,notfound,,,
5430183660126337,,,,0,notfound,,,
5432488531531038,,,,0,notfound,,,
5432652769724132,,,,0,notfound,,,
5435915525524603,,,,0,notfound,,,
5436421186551128,="0200000043",آلتادین  30 عدد قرص مکیدنی دینه,ALTHADIN  30 Lozenge Tablet Dineh,1,ok,70000,2026-06-20T12:49:54+03:30,
5438228573163144,="0201005585",پرفورمکس  30 عدد کپسول هرباویوا,PERFORMEX  30 Capsule HerbaViva,1,ok,120000,2026-06-15T23:30:42+03:30,
5438631363340410,,,,0,notfound,,,
5438766126920799,="0301006024",پی اسکلتون پلاس  30 عدد کپسول دارو پژوهان پاسارگاد,PSCLETONE PLUS  30 Capsule Darou Pazhohan Pasargad,1,ok,46666,2024-06-01T11:07:17+03:30,
5439382841459524,="0301009349",فمس  30 عدد کپسول رستا ایمن دارو,FEMESSE  30 Capsule Rasta Imen Daroo,1,ok,500000,2026-07-04T09:01:03+03:30,
5439558914794571,="0200019866",بی بی سد  60 میلی لیتر شربت گل دارو,BABYSED  60 ML Syrup Gol Darou,1,ok,2500000,2026-04-30T12:05:31+03:30,
5441289773659265,,,,0,notfound,,,
5445846761159369,,,,0,notfound,,,
5447158859835359,,,,0,notfound,,,
5448012212554056,,,,0,notfound,,,
5448997649946269,,,,0,notfound,,,
5455814946467330,,,,0,notfound,,,
5455834261178127,,,,0,notfound,,,
5456214647355362,,,,0,notfound,,,
5456746465404970,="0201008940",پی - برن  موزی 20 عدد ساشه دینه,P-BRAN  BANANA 20 Sache Dineh,1,ok,170000,2026-03-12T12:25:10+03:30,
5459382957975155,="0200015830",دویلتفین  20 عدد قرص روکشدار آیریا نیک,DEVILTEFIN  20 F.C. Tablet IRENIC,1,ok,180000,2026-07-11T08:58:27+03:30,
5460659473677566,,,,0,notfound,,,
5461725574940928,="0201005635",آلزاستاپ باریج  500 میلی گرم 60 عدد کپسول باریج اسانس,ALZSTOP BARIJ  500 MG 60 Capsule Barij Essence,1,ok,31733,2026-06-02T13:28:59+03:30,
5462332472806277,,,,0,notfound,,,
5462676377850932,,,,0,notfound,,,
5463856674979542,,,,0,notfound,,,
5465640642873348,="0200024682",هيمپلازيا  60 عدد قرص هیمالیا,HIMPLASIA  60 Tablet Himalaya,1,ok,25883,2024-10-17T10:24:10+03:30,
5465802387889436,="0201006533",فیتوکاف  140 میلی لیتر شربت ایران داروک,PHYTOCOUGH  140 ML Syrup Iran Darouk,1,ok,1100000,2025-03-01T09:54:59+03:30,
5466643080688580,,,,0,notfound,,,
5467327920142529,,,,0,notfound,,,
5469624157607843,,,,0,notfound,,,
5472306889118120,,,,0,notfound,,,
5472374197426362,,,,0,notfound,,,
5472765870502471,,,,0,notfound,,,
5474072740195893,="0200014562",پدی كاف  60 میلی لیتر شربت دینه,PEDICOUGH  60 ML Syrup Dineh,1,ok,1500000,2026-03-12T12:04:35+03:30,
5474537949517086,,,,0,notfound,,,
5474718351002962,="0301006352",رژوی گلوکال  20 عدد کپسول گلوکال,REJUVIGLOCAL  20 Capsule Glocal,1,ok,415000,2026-02-14T11:04:50+03:30,
5475678292354226,,,,0,notfound,,,
5477561474018027,,,,0,notfound,,,
5480395083139533,,,,0,notfound,,,
5483698164841531,="0301006967",لاوندیپ  30 عدد سافت ژل فیتومد,LAVANDEEP  30 Soft Gelatin Capsule Phytomed,1,ok,149333,2026-08-24T11:43:14+03:30,
5486895779836632,,,,0,notfound,,,
5487231584071482,="0301006724",ایمیون لاینزمین  60 عدد کپسول برنا سلامت,IMMUNE LIONS MANE  60 Capsule Borna Salamat,1,ok,50000,2024-07-28T09:16:58+03:30,
5487374528168426,,,,0,notfound,,,
5488103943630594,,,,0,notfound,,,
5490778757748920,,,,0,notfound,,,
5490818272868545,,,,0,notfound,,,
5491118823732915,,,,0,notfound,,,
5493343832855682,,,,0,notfound,,,
5495900019687794,="0301006661",ام پلاس گارسینیا کامبوجیا  500 میلی گرم 60 عدد کپسول پرارین پارس,M+ GARCINIA CAMBOGIA  500 MG 60 Capsule Perarin Pars,1,ok,90833,2026-05-02T11:06:09+03:30,
5500055978509118,,,,0,notfound,,,
5500645440994075,,,,0,notfound,,,
5501891590181319,="0200003036",ایرالوکس  15 گرم ژل موضعی گل دارو,IRALVEX  15 GR Topical Gel Gol Darou,1,ok,1700000,2026-04-30T12:15:40+03:30,
5503006964676267,,,,0,notfound,,,
5503937611584114,,,,0,notfound,,,
5504046650261411,,,,0,notfound,,,
5504477257343031,,,,0,notfound,,,
5508284666561082,="0201009289",مموول  90 عدد کپسول,MEMOWELL  90 Capsule,1,ok,350000,2026-07-14T18:56:59+03:30,
5508313206117080,="0200015613",ژلاکس  1000 میلی گرم 50 عدد سافت ژل دانا,GELAX  1000 MG 50 Soft Gelatin Capsule Daana,1,ok,11000,2024-10-17T09:48:06+03:30,
5509296285835147,,,,0,notfound,,,
5509759761626544,,,,0,notfound,,,
5510900690895878,,,,0,notfound,,,
5512047178614807,,,,0,notfound,,,
5513941156100700,="0201009297",دیلی کیم  10 عدد کپسول کیمیاگر,DELAY KIM  10 Capsule Kimiagar,1,ok,275000,2026-06-20T12:39:48+03:30,
5514034723075245,="0301006355",وستینوکس  20 عدد کپسول گلوکال,VESTINOXX  20 Capsule Glocal,1,ok,435000,2026-02-16T12:13:35+03:30,
5514334060593684,,,,0,notfound,,,
5514419039509699,,,,0,notfound,,,
5514826431355111,="0201006477",فت فیکس  60 عدد قرص هرباویوا,FATFIX  60 Tablet HerbaViva,1,ok,65000,2026-06-15T23:32:20+03:30,
5516241142841864,,,,0,notfound,,,
5516919012931790,,,,0,notfound,,,
5518678645599820,="0301007022",ردوکس ردوفلو  120 میلی لیتر شربت رضا دارو,REDOX REDOFLU  120 ML Syrup Reza Darou,1,ok,1200000,2025-02-22T09:05:04+03:30,
5519080075921211,="0201009271",گرین لس  60 عدد کپسول سلامت گستر آرتیمان,GREEN LESS  60 Capsule Salamat Gostar Artiman,1,ok,85000,2026-06-09T09:39:08+03:30,
5520233369363907,,,,0,notfound,,,
5520802394757734,,,,0,notfound,,,
5521710765456412,,,,0,notfound,,,
5523434312433596,="0301007005",اکتیوا ولبینگ سیرکولیشن  30 عدد کپسول آهسته رهش رستا ایمن دارو,ACTIVA WELL BEING CIRCULATION  30 Sustained Release Capsule Rasta Imen Daroo,1,ok,128333,2024-08-21T09:58:06+03:30,
5524097344758377,,,,0,notfound,,,
5525352395145593,="0200021732",آکدین  15 گرم ژل موضعی دینه,ACDIN  15 GR Topical Gel Dineh,1,ok,210000,2024-06-08T12:18:00+03:30,
5528435394607643,,,,0,notfound,,,
5529993971244398,,,,0,notfound,,,
5532280813866542,,,,0,notfound,,,
5533190442921558,="0301008780",پروپولیس  60 عدد کپسول امید پارسینا دماوند,PROPOLIS  60 Capsule OPD Pharma,1,ok,85000,2025-11-30T11:36:00+03:30,
5533247393557677,,,,0,notfound,,,
5534152344202224,="0200000612",گرایپ میکسچر  120 میلی لیتر شربت مینو,GRIPE MIXTURE  120 ML Syrup Minoo,1,ok,1850000,2026-05-25T11:34:08+03:30,
5536018240948342,="0200013497",سی - لاکس  30 عدد قرص دینه,C - LAX  30 Tablet Dineh,1,ok,84000,2026-06-01T08:58:16+03:30,
5536488103729289,,,,0,notfound,,,
5536624573876818,,,,0,notfound,,,
5538719547241976,,,,0,notfound,,,
5539830028722258,="0201006405",پروپوکپ  45 عدد کپسول گیاهان سبز زندگی,PROPOCAP  45 Capsule Green Plants Of Life,1,ok,155000,2026-09-19T10:34:25+03:30,
5540222267548448,="0301006301",روغن گل مغربی  1000 میلی گرم 60 عدد سافت ژل فرنوش دارو طب,EVENING PRIMROSE OIL  1000 MG 60 Soft Gelatin Capsule Farnoosh Darou Teb,1,ok,41666,2024-06-16T10:57:02+03:30,
5540848762883894,,,,0,notfound,,,
5541766576677783,,,,0,notfound,,,
5542017516224150,,,,0,notfound,,,
5542251949792121,,,,0,notfound,,,
5542861215688479,,,,0,notfound,,,
5546480564228917,,,,0,notfound,,,
5547942170155321,,,,0,notfound,,,
5549199121801472,,,,0,notfound,,,
5550112824956780,,,,0,notfound,,,
5550177874791278,="0200001839",سناگل  60 میلی لیتر شربت گل دارو,SENAGOL  60 ML Syrup Gol Darou,1,ok,1650000,2026-06-15T23:18:15+03:30,
5553842592622501,,,,0,notfound,,,
5555632652663876,,,,0,notfound,,,
5555655040012749,,,,0,notfound,,,
5556065539514818,,,,0,notfound,,,
5556725277666837,,,,0,notfound,,,
5557372051048210,,,,0,notfound,,,
5559554361864409,,,,0,notfound,,,
5559699973595062,,,,0,notfound,,,
5561005351275185,,,,0,notfound,,,
5567640677401380,,,,0,notfound,,,
5569147538665046,,,,0,notfound,,,
5569927778931068,,,,0,notfound,,,
5570048954364006,="0201005725",استایل فید  400 میلی گرم 30 عدد کپسول بهار پایا,STYLE FEED  400 MG 30 Capsule Bahar Paya,1,ok,170500,2026-06-21T19:35:34+03:30,
5570181759082193,,,,0,notfound,,,
5570690773917092,,,,0,notfound,,,
5571533072479730,,,,0,notfound,,,
5577992382852648,,,,0,notfound,,,
5578806332972424,,,,0,notfound,,,
5578857827377149,,,,0,notfound,,,
5580206245588650,,,,0,notfound,,,
5586649832559242,,,,0,notfound,,,
5587817898091436,,,,0,notfound,,,
5590403318266576,,,,0,notfound,,,
5591300394007174,,,,0,notfound,,,
5592270651495453,="0201007135",لاکتوسیم  30 عدد کپسول سیمرغ داروی عطار,LACTOSIM  30 Capsule Simorgh Darou Attar,1,ok,132566,2026-09-19T10:17:11+03:30,
5592866016693636,,,,0,notfound,,,
5593403810722569,,,,0,notfound,,,
5596119824107876,,,,0,notfound,,,
5596242512025909,,,,0,notfound,,,
5596426829937841,="0200019218",لیتورکس - بی  400 میلی گرم 30 عدد قرص باریج اسانس,LITHOREX-B  400 MG 30 Tablet Barij Essence,1,ok,130000,2026-08-24T12:11:48+03:30,
5599437769817196,,,,0,notfound,,,
5600248834156512,,,,0,notfound,,,
5601578680162322,,,,0,notfound,,,
5602057990486018,,,,0,notfound,,,
5604236368510896,,,,0,notfound,,,
5604386268796439,,,,0,notfound,,,
5604837537559772,,,,0,notfound,,,
5605128068048550,,,,0,notfound,,,
5605299345238441,,,,0,notfound,,,
5605322745054492,="0200001939",گارسین  300 میلی گرم 30 عدد قرص گل دارو,GARCIN  300 MG 30 Tablet Gol Darou,1,ok,85000,2026-06-15T23:08:17+03:30,
5605810980890261,="0201005744",ماسل هرب  60 عدد کپسول بهتا دارو,MUSCLE HERB  60 Capsule Behta Daru,1,ok,175000,2026-05-05T12:49:20+03:30,
5606313956763812,,,,0,notfound,,,
5606840292904235,,,,0,notfound,,,
5608438869614448,="0201006366",لیورآکس  30 عدد کپسول گویا فارمد آریا,LIVER AX  30 Capsule Goya Pharmed Arya,1,ok,25100,2024-06-23T12:34:44+03:30,
5610967342692404,,,,0,notfound,,,
5614725184965087,,,,0,notfound,,,
5616145865494850,,,,0,notfound,,,
5617638998878393,="0301007011",پرونوتری ولبیینگ کلسترول  30 عدد کپسول رستا ایمن دارو,PRONUTRI WELL BEING CHOLESTEROL  30 Capsule Rasta Imen Daroo,1,ok,126666,2024-08-21T10:11:44+03:30,
5621336771006977,,,,0,notfound,,,
5624833075877103,,,,0,notfound,,,
5629259576637296,,,,0,notfound,,,
5631694419967078,="0200019270",پروفلور پویا  10 عدد کپسول گسترش میلاد فارمد,PROFLOR POUYA  10 Capsule Gostaresh Milad Pharmed,1,ok,190000,2026-07-06T09:48:48+03:30,
5631835286584063,,,,0,notfound,,,
5632890484762549,="0201005655",پیلوریسین  50 میلی گرم 28 عدد سافت ژل باریج اسانس,PYLORICIN  50 MG 28 Soft Gelatin Capsule Barij Essence,1,ok,28571,2025-02-22T10:48:40+03:30,
5633791243245860,,,,0,notfound,,,
5634571014811408,="0301006978",پرومینتا پلاس دایجست  30 عدد سافت ژل هیلیا فارمد,PROMINTA PLUS DIGEST  30 Soft Gelatin Capsule Hilia Pharmed,1,ok,140800,2026-07-01T16:23:41+03:30,
5636114567994605,,,,0,notfound,,,
5637353452231582,,,,0,notfound,,,
5638065271806908,,,,0,notfound,,,
5638490865603903,,,,0,notfound,,,
5639837211046971,,,,0,notfound,,,
5640045980748494,="0200018355",اکالیپتوس باریج  200 میلی گرم 30 عدد سافت ژل باریج اسانس,EUCALYPTUS BARIJ  200 MG 30 Soft Gelatin Capsule Barij Essence,1,ok,15500,2023-12-31T09:11:21+03:30,
5640734866431912,,,,0,notfound,,,
5641157699540410,,,,0,notfound,,,
5642370520978136,="0200024342",ویابت  30 عدد کپسول گیاه اسانس,VIABET  30 Capsule Giah Essence,1,ok,60000,2026-06-17T09:29:01+03:30,
5642431570774007,,,,0,notfound,,,
5644570378619927,,,,0,notfound,,,
5645907027564478,="0200014395",میگراگل  30 عدد قرص روکشدار گل دارو,MIGRAGOL  30 F.C. Tablet Gol Darou,1,ok,57000,2025-09-17T11:31:18+03:30,
5646652950347472,,,,0,notfound,,,
5651238895412882,,,,0,notfound,,,
5651389296355860,,,,0,notfound,,,
5651605971964601,,,,0,notfound,,,
5653724756175633,,,,0,notfound,,,
5653890370327799,,,,0,notfound,,,
5654617698002585,="0200018765",پاورگل  30 عدد کپسول گل دارو,POWERGOL  30 Capsule Gol Darou,1,ok,160000,2026-05-21T11:16:37+03:30,
5655711427516664,,,,0,notfound,,,
5655730515201210,="0200020974",لاوویگ  60 عدد کپسول سبز دارو,LOVIG  60 Capsule Sabzdaru,1,ok,125000,2026-07-01T10:43:31+03:30,
5656090712121373,,,,0,notfound,,,
5656684847333846,="0201007152",سیمو نی نی کلد  60 میلی لیتر شربت سیمرغ داروی عطار,SIMO NINI COLD  60 ML Syrup Simorgh Darou Attar,1,ok,1670000,2026-04-20T17:34:36+03:30,
5657238578057056,,,,0,notfound,,,
5657556936851823,,,,0,notfound,,,
5657706332226325,,,,0,notfound,,,
5658490623383449,="0201009276",یورجین  30 عدد قرص سینا فرآور,URAGIN  30 Tablet Sina Faravar,1,ok,115666,2026-05-16T09:13:23+03:30,
5659470990045498,,,,0,notfound,,,
5661051161359083,="0201005988",کلگارد  32 عدد کپسول هولیستیکا,COLGUARD  32 Capsule Holistica,1,ok,135000,2026-04-10T12:57:48+03:30,
5662197969248109,,,,0,notfound,,,
5662288377240799,,,,0,notfound,,,
5662450834774544,="0301008612",بب وینک اپتایت  150 میلی لیتر شربت عبیدی,BEBEWINK APPETITE  150 ML Syrup Abidi,1,ok,1800000,2025-02-11T10:15:39+03:30,
5667703448112475,,,,0,notfound,,,
5668560351982587,,,,0,notfound,,,
5672318915221613,,,,0,notfound,,,
5673319185949366,,,,0,notfound,,,
5673641383005916,,,,0,notfound,,,
5675254576114420,,,,0,notfound,,,
5676193172081853,,,,0,notfound,,,
5676875086312120,,,,0,notfound,,,
5677833437760077,,,,0,notfound,,,
5679411223386959,,,,0,notfound,,,
5681190642477625,="0301006743",بلو پیل  30 عدد قرص نیچرز انلی,BLUE PILL  30 Tablet Natures Only,1,ok,402166,2026-06-22T08:38:30+03:30,
5682146095291321,="0200015626",لیپوهرب  30 عدد کپسول گل دارو,LIPOHERB  30 Capsule Gol Darou,1,ok,40000,2023-12-30T11:12:10+03:30,
5682193047128053,="0200001343",پروستاتان  30 میلی لیتر قطره خوراکى گل دارو,PROSTATAN  30 ML Oral Drop Gol Darou,1,ok,2600000,2026-04-30T12:13:14+03:30,
5683243586436273,="0301006601",روغن گل مغربی  1000 میلی گرم 90 عدد سافت ژل کارن,EVENING PRIMROSE OIL  1000 MG 90 Soft Gelatin Capsule Karen,1,ok,46000,2025-10-18T11:23:54+03:30,
5683636519737921,,,,0,notfound,,,
5686600741254459,="0201007307",کارواژل  30 عدد سافت ژل وشا دارو پارس,CARVAGEL  30 Soft Gelatin Capsule Vasha Darou Pars,1,ok,250000,2026-07-21T13:19:00+03:30,
5687219972490326,,,,0,notfound,,,
5689160569674941,,,,0,notfound,,,
5692606146430331,,,,0,notfound,,,
5693570577788857,,,,0,notfound,,,
5693956790010028,="0201005713",تاش کالم  100 میلی لیتر شربت بنیان کسری سرشت سلامت,TASH CALM  100 ML Syrup Bonyan Kasra Seresht Salamat,1,ok,450000,2024-03-06T10:17:58+03:30,
5696091192809225,,,,0,notfound,,,
5698357138014352,,,,0,notfound,,,
5698805099370004,,,,0,notfound,,,
5701241414854429,,,,0,notfound,,,
5702091752916656,,,,0,notfound,,,
5705762845960149,="0200025114",لاکتول  30 عدد ساشه نیچرز انلی,LACTOL  30 Sache Natures Only,1,ok,77000,2024-10-17T10:27:29+03:30,
5706204257862609,,,,0,notfound,,,
5706379930577928,,,,0,notfound,,,
5708407415535389,="0200024905",آرترو ایز  30 عدد کپسول نچرال ورلد,ARTHRO EAZE  30 Capsule Natural World,1,ok,266666,2025-10-13T12:08:43+03:30,
5709263751794730,,,,0,notfound,,,
5709289767848659,="0301007005",اکتیوا ولبینگ سیرکولیشن  30 عدد کپسول آهسته رهش رستا ایمن دارو,ACTIVA WELL BEING CIRCULATION  30 Sustained Release Capsule Rasta Imen Daroo,1,ok,128333,2024-08-21T09:58:06+03:30,
5709290239885212,,,,0,notfound,,,
5710002596668243,,,,0,notfound,,,
5712093780745968,,,,0,notfound,,,
5712878296418284,="0301006974",اووهیل  60 عدد قرص پی ام اس,OVOHEAL  60 Tablet PMS,1,ok,100000,2026-06-21T19:36:31+03:30,
5715113344785364,,,,0,notfound,,,
5718029192122703,,,,0,notfound,,,
5720585043578670,,,,0,notfound,,,
5720831116744308,="0301007023",ردوکس ردوفلو کیدز  120 میلی لیتر شربت رضا دارو,REDOX REDOFLU KIDS  120 ML Syrup Reza Darou,1,ok,1200000,2025-02-22T09:04:38+03:30,
5721052134846750,,,,0,notfound,,,
5722389114203913,,,,0,notfound,,,
5723434818196857,="0200025505",لینازپام  30 عدد سافت ژل اروم,LINAZPAM  30 Soft Gelatin Capsule Aurum,1,ok,12166,2021-07-01T11:12:09+03:30,
5725305669419355,,,,0,notfound,,,
5726321582807432,,,,0,notfound,,,
5726348055105352,,,,0,notfound,,,
5728741862143907,,,,0,notfound,,,
5731326374257896,,,,0,notfound,,,
5731646766524321,,,,0,notfound,,,
5733182780823442,,,,0,notfound,,,
5735342819656965,,,,0,notfound,,,
5735721648222621,,,,0,notfound,,,
5736808371608100,,,,0,notfound,,,
5737254783948636,,,,0,notfound,,,
5739180939782451,,,,0,notfound,,,
5739318656705812,,,,0,notfound,,,
5739712167671558,="0300017579",سویاگل  30 عدد قرص گل دارو,SOYAGOL  30 Tablet Gol Darou,1,ok,100000,2026-06-15T23:06:23+03:30,
5740224255610723,,,,0,notfound,,,
5740426740666882,,,,0,notfound,,,
5741240460401058,,,,0,notfound,,,
5741269980246000,,,,0,notfound,,,
5742263343682268,,,,0,notfound,,,
5743897321223116,,,,0,notfound,,,
5744842070311879,,,,0,notfound,,,
5745667890163576,,,,0,notfound,,,
5748875715819031,,,,0,notfound,,,
5750938175715617,,,,0,notfound,,,
5752091245357296,,,,0,notfound,,,
5752342894115291,,,,0,notfound,,,
5753089832806268,,,,0,notfound,,,
5754270923616334,,,,0,notfound,,,
5756517082374437,,,,0,notfound,,,
5756825468426343,="0201005747",ژن استروجی - 100  60 عدد کپسول بهستان بهداشت,GEN ESTROG - 100  60 Capsule Behestan Behdasht,1,ok,170000,2026-04-29T12:13:11+03:30,
5757033189877298,="0200002322",کالندیت - ای  30 گرم کرم موضعی گل دارو,CALENDIT- E  30 GR Topical Cream Gol Darou,1,ok,1700000,2026-04-30T12:18:02+03:30,
5757067068148277,,,,0,notfound,,,
5757799883347338,,,,0,notfound,,,
5757939427502921,,,,0,notfound,,,
5759202421473365,="0201006535",بوتالاکت  30 میلی لیتر قطره خوراکى ایران داروک,BOTALACT  30 ML Oral Drop Iran Darouk,1,ok,420000,2024-07-10T12:24:21+03:30,
5760586668312592,,,,0,notfound,,,
5762329762017541,,,,0,notfound,,,
5765603610478148,="0200018758",سیستون  60 عدد قرص هیمالیا,CYSTONE  60 Tablet Himalaya,1,ok,190000,2026-06-13T23:01:44+03:30,
5770781115928727,,,,0,notfound,,,
5771929483307050,,,,0,notfound,,,
5774193384531687,,,,0,notfound,,,
5775899656882720,="0201005583",انرژکس  60 عدد قرص گلدن لایف,ENERGE-X  60 Tablet Golden Life,1,ok,400000,2026-06-15T22:28:34+03:30,
5777819532425172,,,,0,notfound,,,
5779174874013760,,,,0,notfound,,,
5783696581876178,,,,0,notfound,,,
5785929680938481,="0200020345",سینول اس  30 میلی لیتر اسپرى بینى گیاه اسانس,CINOL S  30 ML Nasal Spray Giah Essence,1,ok,2300000,2026-06-17T09:31:19+03:30,
5786240213543962,,,,0,notfound,,,
5789719251346671,,,,0,notfound,,,
5790643683249644,="0201009269",آرتی گاستریت  30 عدد کپسول سلامت گستر آرتیمان,ARTI GASTRIT  30 Capsule Salamat Gostar Artiman,1,ok,29500,2025-07-27T09:36:22+03:30,
5791314422972812,,,,0,notfound,,,
5791788715737591,,,,0,notfound,,,
5793775918269200,="0300024852",کالم انرژی  30 عدد کپسول نچرال ورلد,CALM ENERGY  30 Capsule Natural World,1,ok,218633,2026-09-19T10:35:43+03:30,
5793884356524266,,,,0,notfound,,,
5795339180849696,,,,0,notfound,,,
5795883691780295,,,,0,notfound,,,
5796218879682621,="0200019480",تیموژل  40 میلی گرم 30 عدد سافت ژل باریج اسانس,THYMOGEL  40 MG 30 Soft Gelatin Capsule Barij Essence,1,ok,47000,2026-05-07T15:39:41+03:30,
5796563152158258,,,,0,notfound,,,
5802930394334106,,,,0,notfound,,,
5804208699191613,,,,0,notfound,,,
5805903315268856,,,,0,notfound,,,
5806400945148927,,,,0,notfound,,,
5808260802312146,,,,0,notfound,,,
5810020010725804,,,,0,notfound,,,
5811486768089253,,,,0,notfound,,,
5812090325104086,,,,0,notfound,,,
5813441772211032,="0200017406",ایمونستیم طلایی  30 عدد کپسول گل دارو,GOLDEN IMMUNSTIM  30 Capsule Gol Darou,1,ok,26000,2025-02-06T11:47:05+03:30,
5814325417494451,,,,0,notfound,,,
5814405515531896,="0200023561",پلارژین کیدز  120 میلی لیتر شربت پارس گیتا دارو,PELARGIN KIDS  120 ML Syrup Pars Gita Darou,1,ok,4100000,2026-07-25T09:22:24+03:30,
5816273789822779,,,,0,notfound,,,
5816938867087099,,,,0,notfound,,,
5817239615945766,,,,0,notfound,,,
5822491235291691,,,,0,notfound,,,
5823109431136559,,,,0,notfound,,,
5823201496860410,,,,0,notfound,,,
5824932829166598,="0200021094",ادیب درم  25 میلی لیتر پماد موضعی ادیب اکسیر,ADIB DERM  25 ML Topical Ointment Adib Exir,1,ok,2670000,2026-05-02T10:07:09+03:30,
5825383086364953,="0201007135",لاکتوسیم  30 عدد کپسول سیمرغ داروی عطار,LACTOSIM  30 Capsule Simorgh Darou Attar,1,ok,132566,2026-09-19T10:17:11+03:30,
5826368793899118,,,,0,notfound,,,
5830108799248591,,,,0,notfound,,,
5831261771878518,,,,0,notfound,,,
5834657711153012,,,,0,notfound,,,
5835636778315248,,,,0,notfound,,,
5835902538767125,,,,0,notfound,,,
5836883162827572,="0201006287",نووهیل  30 عدد قرص فاران شیمی,NOVOHEAL  30 Tablet Faran Shimi,1,ok,200000,2026-06-16T08:39:27+03:30,
5838619149816664,,,,0,notfound,,,
5838748221309241,="0200016806",سویگان  500 میلی گرم 30 عدد کپسول گیاه اسانس,SOYGAN  500 MG 30 Capsule Giah Essence,1,ok,65000,2026-01-06T11:37:13+03:30,
5839185060257732,,,,0,notfound,,,
5841187128438329,,,,0,notfound,,,
5841855188615531,,,,0,notfound,,,
5842323639103213,,,,0,notfound,,,
5844808332875258,,,,0,notfound,,,
5844828861810220,,,,0,notfound,,,
5844990612273343,,,,0,notfound,,,
5847034391076255,,,,0,notfound,,,
5848845745171674,,,,0,notfound,,,
5849666895099656,,,,0,notfound,,,
5851848516786332,,,,0,notfound,,,
5856333624553491,,,,0,notfound,,,
5856437182441883,,,,0,notfound,,,
5856691558161772,,,,0,notfound,,,
5857647164572345,="0201009365",کولیک میکسچر  120 میلی لیتر شربت سیمرغ داروی عطار,COLIC MIXTURE  120 ML Syrup Simorgh Darou Attar,1,ok,900000,2025-08-31T12:31:45+03:30,
5857673044147129,="0301006886",ردوکسا  60 عدد کپسول نوتراکس,REDUXA  60 Capsule Nutrax,1,ok,155000,2026-06-07T09:52:39+03:30,
5860555360036245,,,,0,notfound,,,
5861241051442952,,,,0,notfound,,,
5865332597073888,,,,0,notfound,,,
5866947115846845,,,,0,notfound,,,
5868006740520117,="0200003032",آگنوگل  100 عدد قرص گل دارو,AGNUGOL  100 Tablet Gol Darou,1,ok,30000,2026-04-30T11:34:27+03:30,
5868657062258214,,,,0,notfound,,,
5869281257966932,,,,0,notfound,,,
5869701629553244,,,,0,notfound,,,
5871090243212216,,,,0,notfound,,,
5872254088549660,="0301006669",ام پلاس لیکوپن  20 میلی گرم 50 عدد کپسول پرارین پارس,M+ LYCOPENE  20 MG 50 Capsule Perarin Pars,1,ok,116666,2025-09-07T12:02:47+03:30,
5872446083160888,,,,0,notfound,,,
5875966925659124,,,,0,notfound,,,
5876106399856462,="0201005584",پپوگست  30 عدد سافت ژل گل دارو,PEPOGAST  30 Soft Gelatin Capsule Gol Darou,1,ok,120000,2026-04-30T12:00:04+03:30,
5878112381380476,="0201008951",ویل نایت  60 عدد کپسول ادیب اکسیر,VALENIGHT  60 Capsule Adib Exir,1,ok,49000,2026-05-17T14:53:17+03:30,
5878129214383008,,,,0,notfound,,,
5878310817187438,,,,0,notfound,,,
5878883853864050,,,,0,notfound,,,
5878931120992904,,,,0,notfound,,,
5880555325000126,="0200001967",سنالاکس  25 عدد قرص ایران داروک,SENALAX  25 Tablet Iran Darouk,1,ok,65000,2026-04-26T15:15:23+03:30,
5880721389171778,,,,0,notfound,,,
5882398515823703,="0201009416",سابولار  30 عدد کپسول فرابیوتیک,SABULAR  30 Capsule Farabiotic,1,ok,80000,2025-12-09T12:33:23+03:30,
5882749526730152,,,,0,notfound,,,
5883054350781511,,,,0,notfound,,,
5884402663598115,,,,0,notfound,,,
5885043827280022,,,,0,notfound,,,
5887364938324997,,,,0,notfound,,,
5887476434439464,="0200001772",ملیسان  5 گرم ژل موضعی گل دارو,MELISSAN  5 GR Topical Gel Gol Darou,1,ok,1200000,2026-05-21T11:00:12+03:30,
5888228237636882,,,,0,notfound,,,
5889311965370833,,,,0,notfound,,,
5890108379601879,,,,0,notfound,,,
5891050010781138,="0200024426",اسپیمن دی اس  120 عدد قرص هیمالیا,SPEMAN DS  120 Tablet Himalaya,1,ok,31450,2025-01-27T12:50:12+03:30,
5892406439070978,,,,0,notfound,,,
5893467747049714,,,,0,notfound,,,
5894778661830899,="0200024682",هيمپلازيا  60 عدد قرص هیمالیا,HIMPLASIA  60 Tablet Himalaya,1,ok,25883,2024-10-17T10:24:10+03:30,
5898671791204569,,,,0,notfound,,,
5898823532802578,="0200024779",آلوئه ورا باریج  100 میلی گرم 60 عدد کپسول باریج اسانس,ALOE VERA BARIJ  100 MG 60 Capsule Barij Essence,1,ok,8833,2025-09-06T08:36:25+03:30,
5898961474260606,="0200020190",رکولیک  120 میلی لیتر شربت نو تک فار,RECOLIC  120 ML Syrup Know.Tech.Phar,1,ok,2000000,2026-05-24T14:05:56+03:30,
5898990036146850,,,,0,notfound,,,
5901647068533340,="0201009320",پوم ویتا  60 عدد سافت ژل وشا دارو پارس,POME VITA  60 Soft Gelatin Capsule Vasha Darou Pars,1,ok,230000,2026-07-21T13:18:26+03:30,
5902231876695308,="0200002264",ایموستیم اکی هرب  30 عدد قرص گل دارو,IMMUSTIM ECHIHERB  30 Tablet Gol Darou,1,ok,80000,2026-06-15T23:23:45+03:30,
5905188496803565,,,,0,notfound,,,
5905779981105788,,,,0,notfound,,,
5907238761760354,="0201009410",رامنوفلور  5 میلی لیتر قطره خوراکى فرابیوتیک,RAMNOFLOR  5 ML Oral Drop Farabiotic,1,ok,480000,2025-09-08T12:25:35+03:30,
5907941766307406,,,,0,notfound,,,
5908139877815604,,,,0,notfound,,,
5908415077119952,="0201005791",پروست اکسیر  60 عدد کپسول ادیب اکسیر,PROST EXIR  60 Capsule Adib Exir,1,ok,81166,2026-05-02T09:35:28+03:30,
5909117916974655,="0201006345",نیجلا سیاه دانه  650 میلی گرم 30 عدد کپسول گیاه اسانس,NIGELLA OIL  650 MG 30 Capsule Giah Essence,1,ok,100000,2026-06-17T09:41:25+03:30,
5909531558166211,,,,0,notfound,,,
5911397211813516,,,,0,notfound,,,
5912777794394471,,,,0,notfound,,,
5913607310387471,,,,0,notfound,,,
5913930549873002,,,,0,notfound,,,
5916252120963569,,,,0,notfound,,,
5917785459012549,,,,0,notfound,,,
5917980572615103,,,,0,notfound,,,
5918257180786816,="0200002269",ایرالوکس  30 میلی لیتر قطره گل دارو,IRALVEX  30 ML Drop Gol Darou,1,ok,1800000,2026-04-30T12:07:01+03:30,
5925104590917511,="0200022746",لاکتوکر  500 میلی گرم 30 عدد کپسول زیست تخمیر,LACTOCARE  500 MG 30 Capsule Zist Takhmir,1,ok,120000,2026-05-23T08:38:24+03:30,
5925576119627595,="0200001784",سنالین  7.5 میلی گرم 30 عدد قرص روکشدار گل دارو,SENALINE  7.5 MG 30 F.C. Tablet Gol Darou,1,ok,60000,2026-05-21T11:20:21+03:30,
5925909753142959,,,,0,notfound,,,
5926482247896311,,,,0,notfound,,,
5926756526022621,,,,0,notfound,,,
5927757154607347,="0301006921",جینکوویتال  30 عدد قرص امید پارسینا دماوند,GINKOVITAL  30 Tablet OPD Pharma,1,ok,68766,2026-05-25T12:02:06+03:30,
5928310330303498,,,,0,notfound,,,
5929545942823982,,,,0,notfound,,,
5929659448371831,,,,0,notfound,,,
5929874967642107,="0301006000",پروستا هلث  60 عدد سافت ژل دانا,PROSTA HEALTH  60 Soft Gelatin Capsule Daana,1,ok,15500,2025-01-16T10:39:37+03:30,
5930009295419725,,,,0,notfound,,,
5930379715182364,,,,0,notfound,,,
5930748111999986,,,,0,notfound,,,
5932111992191356,,,,0,notfound,,,
5932379424716917,="0200005571",لیورگل  70 میلی گرم 30 عدد قرص گل دارو,LIVERGOL  70 MG 30 Tablet Gol Darou,1,ok,100000,2026-04-30T11:45:42+03:30,
5932688280765081,,,,0,notfound,,,
5933437247230985,,,,0,notfound,,,
5937552980958755,,,,0,notfound,,,
5937709432646348,,,,0,notfound,,,
5938474065998787,,,,0,notfound,,,
5939423213386176,,,,0,notfound,,,
5941941597734778,="0301005946",بایوکل کیدز ای پی تی  150 میلی لیتر شربت بایوکل,BIOCOL KIDS APT  150 ML Syrup Biocol,1,ok,2232000,2024-10-19T10:25:23+03:30,
5942743581472375,,,,0,notfound,,,
5943496974724788,="0200003041",ایرگل  12 میلی لیتر قطره استریل گوشى گل دارو,EARGOL  12 ML Sterile Otic Drops Gol Darou,1,ok,1750000,2026-05-21T11:05:10+03:30,
5943602219734548,="0200002260",آفرودیت  30 عدد قرص گل دارو,APHRODIT  30 Tablet Gol Darou,1,ok,140000,2026-05-21T11:01:51+03:30,
5949722885828461,,,,0,notfound,,,
5952280010568218,,,,0,notfound,,,
5952821478298225,,,,0,notfound,,,
5952937197907532,,,,0,notfound,,,
5954371196357594,,,,0,notfound,,,
5958225988016822,,,,0,notfound,,,
5959458646921322,,,,0,notfound,,,
5959619615010749,="0200022744",فمی لاکت  500 میلی گرم 30 عدد کپسول زیست تخمیر,FAMILACT  500 MG 30 Capsule Zist Takhmir,1,ok,95000,2026-05-23T08:26:54+03:30,
5961383745228156,="0200025375",ویگورمن  30 عدد قرص سیمرغ داروی عطار,VIGORMAN  30 Tablet Simorgh Darou Attar,1,ok,189233,2025-11-09T10:44:15+03:30,
5964045876354037,,,,0,notfound,,,
5964164186296656,="0300016325",كربو بلوكر  500 میلی گرم 30 عدد کپسول نچرال ورلد,CARBO BLOCKER  500 MG 30 Capsule Natural World,1,ok,286966,2025-08-25T10:17:11+03:30,
5967984889030604,,,,0,notfound,,,
5968854763875231,,,,0,notfound,,,
5970619087409712,,,,0,notfound,,,
5970910415764741,,,,0,notfound,,,
5971075377079151,="0200019277",پروواژ  10 عدد کپسول واژینال گسترش میلاد فارمد,PROVAGE  10 Vaginal Capsule Gostaresh Milad Pharmed,1,ok,280000,2026-06-27T10:28:30+03:30,
5972187469311315,,,,0,notfound,,,
5972624444632705,,,,0,notfound,,,
5972766962936533,,,,0,notfound,,,
5975079879930274,,,,0,notfound,,,
5977295434200648,,,,0,notfound,,,
5977343557241063,="0201005486",آرتوپین  30 گرم پماد موضعی اکسیر گستر اسپادانا,ARTHOPAIN  30 GR Topical Ointment Exir Gostar Espadana,1,ok,3400000,2026-06-27T10:57:26+03:30,
5978319288211911,,,,0,notfound,,,
5979100450577881,,,,0,notfound,,,
5980410759630767,,,,0,notfound,,,
5980591218799818,,,,0,notfound,,,
5983539550298045,,,,0,notfound,,,
5984050582371104,,,,0,notfound,,,
5984696071551613,="0201006606",زنیان  240 میلی لیتر شربت کیمیا دارو سپهر,ZENIAN  240 ML Syrup Kimia Darou Sepehr,1,ok,2900000,2026-08-31T08:36:35+03:30,
5984835394348395,,,,0,notfound,,,
5984933083815380,,,,0,notfound,,,
5987781687994995,,,,0,notfound,,,
5989641179085364,,,,0,notfound,,,
5989895252340051,,,,0,notfound,,,
5990273493858726,,,,0,notfound,,,
5991368764894743,,,,0,notfound,,,
5993124715620574,,,,0,notfound,,,
5994467458392287,,,,0,notfound,,,
5994494679225813,,,,0,notfound,,,
5995315799064366,,,,0,notfound,,,
5995404742197003,,,,0,notfound,,,
5996042790805848,,,,0,notfound,,,
5996073066958835,,,,0,notfound,,,
5996370824699930,,,,0,notfound,,,
5997585464349536,,,,0,notfound,,,
5997751827172850,,,,0,notfound,,,
6000873530823565,,,,0,notfound,,,
6002726431774279,,,,0,notfound,,,
6002863032888488,,,,0,notfound,,,
6004868174956825,,,,0,notfound,,,
6009575285242740,="0301008614",نواکسا  30 عدد کپسول عبیدی,NOAXA  30 Capsule Abidi,1,ok,1750000,2026-02-25T09:06:08+03:30,
6009683145277501,,,,0,notfound,,,
6010527530203883,,,,0,notfound,,,
6010576826647161,,,,0,notfound,,,
6012659345995959,,,,0,notfound,,,
6012668373811495,,,,0,notfound,,,
6013816776245687,,,,0,notfound,,,
6014369538439747,,,,0,notfound,,,
6014399182828707,,,,0,notfound,,,
6019488865517129,,,,0,notfound,,,
6020305575206907,,,,0,notfound,,,
6022959858253076,,,,0,notfound,,,
6022986838407075,,,,0,notfound,,,
6024266285298048,,,,0,notfound,,,
6024444038777347,,,,0,notfound,,,
6024978335126763,="0200010349",هپاتوهیل  250 میلی گرم 200 عدد قرص جویدنى باریج اسانس,HEPATOHEAL  250 MG 200 Chewablet Tablet Barij Essence,1,ok,2870,2023-12-31T10:08:32+03:30,
6028084667294549,,,,0,notfound,,,
6028149141475961,,,,0,notfound,,,
6028518330630335,,,,0,notfound,,,
6028763055137144,,,,0,notfound,,,
6029810787968150,,,,0,notfound,,,
6030055163464140,,,,0,notfound,,,
6030156572940214,,,,0,notfound,,,
6034177930439761,,,,0,notfound,,,
6034771236501089,="0201008666",اس دی لاکس  30 عدد قرص سیمرغ داروی عطار,S D Lax  30 Tablet Simorgh Darou Attar,1,ok,26000,2025-08-31T11:36:33+03:30,
6034772972119262,,,,0,notfound,,,
6035439634540743,,,,0,notfound,,,
6035720375656556,="0301006968",لیورمد  30 عدد سافت ژل فیتومد,LIVERMED  30 Soft Gelatin Capsule Phytomed,1,ok,145000,2026-04-30T14:01:36+03:30,
6035836136766823,,,,0,notfound,,,
6036564544698243,,,,0,notfound,,,
6037913854392030,,,,0,notfound,,,
6037927148972063,="0200014966",زینکلد  60 میلی لیتر شربت کیمیاگر,ZINCOLD  60 ML Syrup Kimiagar,1,ok,840000,2026-05-20T11:06:38+03:30,
6038278431394687,,,,0,notfound,,,
6039418633985419,,,,0,notfound,,,
6039611563173796,,,,0,notfound,,,
6041637138201322,,,,0,notfound,,,
6041712724284264,,,,0,notfound,,,
6042018348387176,,,,0,notfound,,,
6042743071922770,,,,0,notfound,,,
6043567538199806,,,,0,notfound,,,
6046744633575881,,,,0,notfound,,,
6051091790519742,,,,0,notfound,,,
6053173358210319,,,,0,notfound,,,
6053353118462013,="0200018759",لیو.52 دی اس  90 عدد قرص هیمالیا,LIV.52 DS  90 Tablet Himalaya,1,ok,120000,2026-06-13T23:02:13+03:30,
6053893813845668,,,,0,notfound,,,
6054603072040817,="0301005597",آرتروبست  15 عدد کپسول نوتری بست,ARTHROBEST  15 Capsule Nutri Best,1,ok,233333,2026-09-07T09:09:17+03:30,
6058650264462121,,,,0,notfound,,,
6059289243945585,="0200003035",مدریک  30 عدد قرص گل دارو,MODERIC  30 Tablet Gol Darou,1,ok,32500,2024-12-24T11:23:36+03:30,
6061556965375947,,,,0,notfound,,,
6062146487974222,,,,0,notfound,,,
6063699923749977,,,,0,notfound,,,
6068167124872143,="0200023734",اسلیم تکس  60 عدد کپسول سبز دارو,SLIMTEX  60 Capsule Sabzdaru,1,ok,48000,2025-02-13T12:00:17+03:30,
6069080272827671,,,,0,notfound,,,
6069726719108660,="0201006341",رولاکس پلاس  50 گرم پودر قائم دارو,RULAX PLUS  50 GR Powder Ghaem Darou,1,ok,1750000,2026-07-28T09:11:32+03:30,
6073490317439830,,,,0,notfound,,,
6074875683552967,,,,0,notfound,,,
6077070146843750,,,,0,notfound,,,
6077849214792841,,,,0,notfound,,,
6082676983790289,,,,0,notfound,,,
6083366861450988,,,,0,notfound,,,
6084119678460018,,,,0,notfound,,,
6084130067523591,,,,0,notfound,,,
6085124074789133,="0301006426",کورکومکس  30 عدد کپسول هلث اید,CURCUMAX  30 Capsule Health Aid,1,ok,200000,2026-09-21T12:32:51+03:30,
6086768863118280,,,,0,notfound,,,
6089369669363451,,,,0,notfound,,,
6090614880564740,="0300024290",دایجستیو اید   60 عدد قرص روکشدار گلدن لایف,DIGESTIVE AID  60 F.C. Tablet Golden Life,1,ok,400000,2026-06-15T22:27:31+03:30,
6091027913293731,,,,0,notfound,,,
6096878957633636,,,,0,notfound,,,
6102003488820763,,,,0,notfound,,,
6103392347444803,="0201005708",کامی کام  120 میلی لیتر شربت بنیان کسری سرشت سلامت,CAMI CALM  120 ML Syrup Bonyan Kasra Seresht Salamat,1,ok,1250000,2026-05-12T10:23:20+03:30,
6107505281705925,,,,0,notfound,,,
6108048832554525,,,,0,notfound,,,
6108298162069036,,,,0,notfound,,,
6109783799925538,,,,0,notfound,,,
6111943923433434,="0200025587",پلیوم  120 میلی لیتر شربت بهشاد دارو,PELIOM  120 ML Syrup Behshad Darou,1,ok,3850000,2026-08-23T11:26:41+03:30,
6113454188641609,="0301007011",پرونوتری ولبیینگ کلسترول  30 عدد کپسول رستا ایمن دارو,PRONUTRI WELL BEING CHOLESTEROL  30 Capsule Rasta Imen Daroo,1,ok,126666,2024-08-21T10:11:44+03:30,
6113935834153831,,,,0,notfound,,,
6114318941537202,,,,0,notfound,,,
6114885046707688,,,,0,notfound,,,
6115473922082129,,,,0,notfound,,,
6115732426104703,,,,0,notfound,,,
6115953435749704,,,,0,notfound,,,
6120518556581156,,,,0,notfound,,,
6120660049141211,,,,0,notfound,,,
6123170334304810,,,,0,notfound,,,
6123201745528113,="0301006390",پروفم پویا  10 عدد کپسول گسترش میلاد فارمد,PROFEM POUYA  10 Capsule Gostaresh Milad Pharmed,1,ok,280000,2026-07-06T09:51:48+03:30,
6125836622387237,,,,0,notfound,,,
6126306721885298,,,,0,notfound,,,
6126928960463551,,,,0,notfound,,,
6128073191192602,,,,0,notfound,,,
6128301161980629,,,,0,notfound,,,
6129954979236725,,,,0,notfound,,,
6132123181007415,,,,0,notfound,,,
6135022404213394,,,,0,notfound,,,
6135777684428949,="0201003652",کورکدن  35 60 عدد سافت ژل نانو دارو,CURCUDEN  35 60 Soft Gelatin Capsule Nano Daru,1,ok,80000,2025-12-25T10:56:09+03:30,
6136115221901050,,,,0,notfound,,,
6136591321277907,,,,0,notfound,,,
6136620510826305,,,,0,notfound,,,
6138827522464982,,,,0,notfound,,,
6139526369324163,,,,0,notfound,,,
6141025453871550,="0201005732",گارسینوفیت  60 عدد کپسول بهتا دارو,GARCINOFIT  60 Capsule Behta Daru,1,ok,130000,2026-05-26T12:01:27+03:30,
6141812163690445,,,,0,notfound,,,
6142149256317961,,,,0,notfound,,,
6144711810948474,,,,0,notfound,,,
6145585310007380,="0200016712",کولیکز  30 میلی لیتر قطره خوراکى ویتان,COLICEZ  30 ML Oral Drop Vitane,1,ok,2000000,2026-07-11T13:03:22+03:30,
6146064290626983,,,,0,notfound,,,
6153222294890742,,,,0,notfound,,,
6154001197113459,,,,0,notfound,,,
6157377990348451,,,,0,notfound,,,
6160142821032944,,,,0,notfound,,,
6161538014113622,,,,0,notfound,,,
6162361774984505,,,,0,notfound,,,
6162434662398826,,,,0,notfound,,,
6162616898509170,="0201006052",هانی ژل  150 میلی لیتر شربت دایا دارو,HONEY JELL  150 ML Syrup Daya Darou,1,ok,6000000,2025-11-16T12:17:50+03:30,
6163132397973664,,,,0,notfound,,,
6165722658963591,,,,0,notfound,,,
6167371523626404,,,,0,notfound,,,
6167677054636716,,,,0,notfound,,,
6169143074846003,,,,0,notfound,,,
6170447496984487,,,,0,notfound,,,
6170823888133862,,,,0,notfound,,,
6172430077252606,,,,0,notfound,,,
6180245737120770,="0201006347",میرتلکس جی ای  5 گرم ژل دهانی گیاه اسانس,MYRTLX GE  5 GR Buccal Gel Giah Essence,1,ok,950000,2026-05-13T15:15:50+03:30,
6181034448981936,,,,0,notfound,,,
6181200024710499,,,,0,notfound,,,
6181411259737200,,,,0,notfound,,,
6182488642451593,,,,0,notfound,,,
6183110625992828,,,,0,notfound,,,
6183973561551002,,,,0,notfound,,,
6184598727523285,,,,0,notfound,,,
6184851820189021,,,,0,notfound,,,
6185041197227426,,,,0,notfound,,,
6185205525837869,,,,0,notfound,,,
6188047676329842,,,,0,notfound,,,
6189482990673115,,,,0,notfound,,,
6190553520189835,="0301007356",رد جینسینگ و مولتی ویتامین و مینرال  30 عدد قرص ویتامین لایف,RED GINSENG AND MULTIVITAMIN AND MINERAL  30 Tablet Vitamin Life,1,ok,180000,2026-06-15T22:38:21+03:30,
6191343153862140,,,,0,notfound,,,
6192177460443456,,,,0,notfound,,,
6192288587515169,,,,0,notfound,,,
6193384489158808,,,,0,notfound,,,
6195555148315623,,,,0,notfound,,,
6198907565999452,="0201005552",اهورا لاکس  60 میلی لیتر شربت اهورا دارو,AHURA LOX  60 ML Syrup Ahoura Darou,1,ok,500000,2024-04-21T09:49:46+03:30,
6199132723831405,="0200024696",ایمیونیل فلور  30 عدد کپسول سینا فرآور,IMMUNILFLOR  30 Capsule Sina Faravar,1,ok,95000,2026-05-16T09:27:17+03:30,
6201168906413338,,,,0,notfound,,,
6202266252247811,,,,0,notfound,,,
6204497332398744,,,,0,notfound,,,
6206506067894434,,,,0,notfound,,,
6206599939560259,,,,0,notfound,,,
6207938214260727,="0201005454",برونکویاس  120 میلی لیتر شربت آیلار طب یاس,BRONCHOYAS  120 ML Syrup Aylar Teb Yas,1,ok,300000,2024-01-06T10:00:16+03:30,
6208115998078431,="0201009224",سیکا فار ویمن  30 عدد قرص بهداشت فارمد لوتوس,CYCA PHAR WOMEN  30 Tablet Behdasht Pharmed Lotus,1,ok,265000,2026-08-05T17:33:20+03:30,
6208585891939393,,,,0,notfound,,,
6210482863306970,,,,0,notfound,,,
6213472424991442,="0200001342",آنتی میگرن  30 میلی لیتر قطره خوراکى گل دارو,ANTIMIGRAINE  30 ML Oral Drop Gol Darou,1,ok,1800000,2026-04-30T12:11:31+03:30,
6213493144593119,="0201005553",اهورا کیلین هرپس  5 گرم کرم موضعی اهورا دارو,AHURA CLEANHERP  5 GR Topical Cream Ahoura Darou,1,ok,901000,2026-03-30T14:12:21+03:30,
6214703171117903,,,,0,notfound,,,
6215879523256875,,,,0,notfound,,,
6216960972623353,,,,0,notfound,,,
6220704155051619,,,,0,notfound,,,
6220933821492101,,,,0,notfound,,,
6221687434630136,,,,0,notfound,,,
6224883919937574,,,,0,notfound,,,
6225462840758864,,,,0,notfound,,,
6226904023710581,,,,0,notfound,,,
6227306049039548,,,,0,notfound,,,
6227403787802836,,,,0,notfound,,,
6229143952545188,,,,0,notfound,,,
6230490651896863,,,,0,notfound,,,
6231566784211002,,,,0,notfound,,,
6232225699205224,,,,0,notfound,,,
6233746528837055,,,,0,notfound,,,
6234302663776937,,,,0,notfound,,,
6235248818911733,,,,0,notfound,,,
6236829225374989,,,,0,notfound,,,
6240634736460498,,,,0,notfound,,,
6240887223217921,="0201007303",ژلومینت آی بی اس  30 عدد سافت ژل وشا دارو پارس,GELOMINT IBS  30 Soft Gelatin Capsule Vasha Darou Pars,1,ok,48333,2024-09-23T09:11:20+03:30,
6240895416169524,,,,0,notfound,,,
6241169113239805,,,,0,notfound,,,
6244270775799558,,,,0,notfound,,,
6244651106434992,="0200023570",برنینگ فت  30 عدد قرص روکشدار گلدن لایف,BURNING FAT  30 F.C. Tablet Golden Life,1,ok,330000,2026-06-16T12:48:52+03:30,
6245324051363201,="0200025304",جنرال تونیک  شکلاتی 20 عدد ساشه دینه,GENERAL TONIC  COCOA 20 Sache Dineh,1,ok,200000,2026-06-09T12:49:20+03:30,
6245880928232055,,,,0,notfound,,,
6246014721303602,="0301006389",پروتکت پویا  15 میلی لیتر قطره خوراکى گسترش میلاد فارمد,PROTECT POUYA  15 ML Oral Drop Gostaresh Milad Pharmed,1,ok,2130000,2026-07-06T09:48:12+03:30,
6249913328474891,="0201006080",اکیناکید  120 میلی لیتر شربت دینه,ECHINAKID  120 ML Syrup Dineh,1,ok,1300000,2025-12-03T12:02:31+03:30,
6249915387618942,,,,0,notfound,,,
6250074729736820,="0300017663",آرنی گل  30 گرم کرم گل دارو,ARNIGOL  30 GR Cream Gol Darou,1,ok,696000,2023-12-30T09:42:54+03:30,
6250334557297655,,,,0,notfound,,,
6261156667020666,,,,0,notfound,,,
6261540125212307,,,,0,notfound,,,
6262896248280284,,,,0,notfound,,,
6263472138370813,="0301005930",بیزمکس هانی گارد  145 میلی لیتر شربت خوارزمی,BEEZMAX HONEE GUARD  145 ML Syrup Kharazami,1,ok,2000000,2026-03-12T12:21:24+03:30,
6263680845684865,,,,0,notfound,,,
6264504782814804,,,,0,notfound,,,
6264920320858316,,,,0,notfound,,,
6266122156638544,="0201005555",اهورا آیورامی  10 عدد قرص جوشان اهورا دارو,AHURA AIVORAMY  10 Effervescent Tablet Ahoura Darou,1,ok,98000,2026-03-30T15:31:12+03:30,
6270743448312347,="0200023573",پیاسیدین  300 میلی گرم 15 عدد کپسول رازک,PYASIDIN  300 MG 15 Capsule Razak,1,ok,130000,2026-07-11T13:46:56+03:30,
6271241488360229,,,,0,notfound,,,
6271426068863583,,,,0,notfound,,,
6276620276010557,,,,0,notfound,,,
6278630629474415,,,,0,notfound,,,
6279563560171062,="0301006886",ردوکسا  60 عدد کپسول نوتراکس,REDUXA  60 Capsule Nutrax,1,ok,155000,2026-06-07T09:52:39+03:30,
6286914793164687,,,,0,notfound,,,
6288187971713269,,,,0,notfound,,,
6290367006294381,,,,0,notfound,,,
6290838881829273,="0200019045",برونکلدین  120 میلی لیتر شربت سبز دارو,BRONCOLDIN  120 ML Syrup Sabzdaru,1,ok,2750000,2026-07-01T10:40:03+03:30,
6291062722581690,,,,0,notfound,,,
6294523229283567,,,,0,notfound,,,
6297414635293213,,,,0,notfound,,,
6297944567070856,,,,0,notfound,,,
6300995971232860,="0200001783",لیکوفار  30 عدد قرص مکیدنی گل دارو,LICOPHAR  30 Lozenge Tablet Gol Darou,1,ok,75000,2026-04-30T11:43:30+03:30,
6303296556279950,,,,0,notfound,,,
6303492676483601,,,,0,notfound,,,
6304007529808926,,,,0,notfound,,,
6305805721348154,="0300024740",گاسترو آی بی اس  60 عدد قرص برونسون,GASTRO IBS  60 Tablet Bronson,1,ok,58133,2023-01-03T12:03:53+03:30,
6305916554093780,,,,0,notfound,,,
6306888195025548,="0301006400",سورناندین  30 عدد کپسول گرین نیچر,SORENANDIN  30 Capsule Green Nature,1,ok,590000,2026-06-28T08:44:59+03:30,
6307613478516942,,,,0,notfound,,,
6309091541015994,,,,0,notfound,,,
6310205957593429,="0201007075",جینسینگ  25 عدد ساشه سمانیک,GINSENG  25 Sache Samanik,1,ok,550000,2026-07-04T09:39:17+03:30,
6310244451620272,,,,0,notfound,,,
6310557332098340,="0300025106",اولترا لیکوپن  15 میلی گرم قرص ویتابیوتیکس,ULTRA LYCOPENE  15 MG Tablet Vitabiotics,1,ok,170000,2025-10-25T09:27:15+03:30,
6310562330924510,,,,0,notfound,,,
6311633835406040,="0200022745",ژری لاکت  500 میلی گرم 30 عدد کپسول زیست تخمیر,GERILACT  500 MG 30 Capsule Zist Takhmir,1,ok,125000,2026-05-23T08:29:17+03:30,
6312133561006798,="0300024928",سوئیس انرژی ایمونوویت  30 عدد سافت ژل تامین فارمد,SWISS ENERGY IMMUNOVITE  30 Soft Gelatin Capsule Tamin Pharmed,1,ok,316666,2026-05-24T10:20:43+03:30,
6313073433706225,,,,0,notfound,,,
6314670955109015,,,,0,notfound,,,
6315499355968596,,,,0,notfound,,,
6318171634028478,,,,0,notfound,,,
6323360840839607,,,,0,notfound,,,
6323859033353595,,,,0,notfound,,,
6324001372372896,,,,0,notfound,,,
6324033614218820,,,,0,notfound,,,
6326956627814017,,,,0,notfound,,,
6327012214128201,,,,0,notfound,,,
6327992248916294,="0200020467",زین تیگو  30 عدد قرص ایران داروک,ZINTIGO  30 Tablet Iran Darouk,1,ok,13466,2022-12-20T10:45:28+03:30,
6330542960840018,,,,0,notfound,,,
6331865047024475,,,,0,notfound,,,
6332493689845788,,,,0,notfound,,,
6334224134595568,,,,0,notfound,,,
6334706433962049,,,,0,notfound,,,
6336972254794608,,,,0,notfound,,,
6337598720825712,="0201006087",نوکلد  30 عدد قرص دینه,NO COLD  30 Tablet Dineh,1,ok,30000,2024-06-08T11:37:49+03:30,
6339104137622777,,,,0,notfound,,,
6339532265506562,,,,0,notfound,,,
6340205811821976,="0200025050",پاناکس - سینا  30 عدد کپسول سینا فرآور,PANAX-SINA  30 Capsule Sina Faravar,1,ok,222333,2026-05-16T08:59:31+03:30,
6343644076771180,="0201007189",پکتوسیو  120 میلی لیتر شربت سینا فرآور,PECTOSIVE  120 ML Syrup Sina Faravar,1,ok,1580000,2026-05-16T09:57:34+03:30,
6346491288897140,,,,0,notfound,,,
6347117762395813,,,,0,notfound,,,
6349076012828724,,,,0,notfound,,,
6349845973579076,,,,0,notfound,,,
6349919685965783,,,,0,notfound,,,
6350178405876346,,,,0,notfound,,,
6350541772044100,="0201009248",گالاکتورایز  24 عدد ساشه جهان فارمد,GALACTO - RISE  24 Sache Jahan Pharmed,1,ok,54875,2025-07-16T11:50:50+03:30,
6353520350313290,,,,0,notfound,,,
6356379282009448,,,,0,notfound,,,
6357206072718297,,,,0,notfound,,,
6357557611749946,,,,0,notfound,,,
6358300653621272,,,,0,notfound,,,
6358315470144785,,,,0,notfound,,,
6358914710089274,,,,0,notfound,,,
6361190814634944,,,,0,notfound,,,
6367048439003851,,,,0,notfound,,,
6368983250539862,="0301007421",بروملین  200 میلی گرم 30 عدد قرص ویتاول,BROMELAIN  200 MG 30 Tablet Vitawell,1,ok,85000,2025-12-01T11:55:21+03:30,
6370112044896126,,,,0,notfound,,,
6371599038117841,,,,0,notfound,,,
6373298682013279,,,,0,notfound,,,
6373504092421433,,,,0,notfound,,,
6375117833613956,,,,0,notfound,,,
6378330628050915,,,,0,notfound,,,
6379868634870066,,,,0,notfound,,,
6380849426070226,,,,0,notfound,,,
6380903357800371,="0200002277",زینتوما  30 عدد کپسول گل دارو,ZINTOMA  30 Capsule Gol Darou,1,ok,60000,2026-06-15T23:24:16+03:30,
6381953080351990,,,,0,notfound,,,
6382297218786369,="0201006832",زوفا پلاس  120 میلی لیتر شربت نیاک,ZOFA PLUS  120 ML Syrup Niak,1,ok,3000000,2026-06-17T14:24:50+03:30,
6382627718641401,,,,0,notfound,,,
6383774639357766,,,,0,notfound,,,
6384355549724978,="0201005720",کرنکس  30 عدد ساشه بهشاد دارو,CRANNEX  30 Sache Behshad Darou,1,ok,87000,2024-03-06T11:15:02+03:30,
6385114121820424,,,,0,notfound,,,
6385318524804940,,,,0,notfound,,,
6385542558088276,,,,0,notfound,,,
6386069378019156,,,,0,notfound,,,
6386502033930590,,,,0,notfound,,,
6387110024541625,,,,0,notfound,,,
6389140710384313,,,,0,notfound,,,
6392922592199627,="0201007148",سیمموری  30 عدد قرص سیمرغ داروی عطار,SIMEMORY  30 Tablet Simorgh Darou Attar,1,ok,90666,2026-05-03T15:15:21+03:30,
6393064589972099,="0200002269",ایرالوکس  30 میلی لیتر قطره گل دارو,IRALVEX  30 ML Drop Gol Darou,1,ok,1800000,2026-04-30T12:07:01+03:30,
6394562921923578,,,,0,notfound,,,
6397073663263955,,,,0,notfound,,,
6398566622921552,,,,0,notfound,,,
6402317649082832,,,,0,notfound,,,
6403356292614324,,,,0,notfound,,,
6403541026736970,,,,0,notfound,,,
6403873394110490,,,,0,notfound,,,
6404459189656301,="0200005571",لیورگل  70 میلی گرم 30 عدد قرص گل دارو,LIVERGOL  70 MG 30 Tablet Gol Darou,1,ok,100000,2026-04-30T11:45:42+03:30,
6405253618026589,="0301006083",سولوستون  10 عدد ساشه دینه,SOLVESTONE  10 Sache Dineh,1,ok,460000,2026-06-20T12:50:46+03:30,
6406026031848962,,,,0,notfound,,,
6407829295599961,,,,0,notfound,,,
6408573271383005,="0201006642",پپتولیک  120 میلی لیتر شربت نو تک فار,PEPTULIC  120 ML Syrup Know.Tech.Phar,1,ok,1804000,2026-05-24T14:29:28+03:30,
6409368973082452,,,,0,notfound,,,
6411017426483035,="0201007300",اکوئیفلکس  90 عدد قرص وشا دارو پارس,EQUIFLEX  90 Tablet Vasha Darou Pars,1,ok,120000,2026-07-06T10:04:34+03:30,
6414747257613985,,,,0,notfound,,,
6414810384363244,,,,0,notfound,,,
6415433512090842,,,,0,notfound,,,
6417703233202837,,,,0,notfound,,,
6417885085950640,,,,0,notfound,,,
6418130723335468,,,,0,notfound,,,
6418770946730129,,,,0,notfound,,,
6419414996543102,="0201005660",سیکا فارما پلاس  10 عدد قرص بهداشت فارمد لوتوس,CYCA PHARMA PLUS  10 Tablet Behdasht Pharmed Lotus,1,ok,639300,2026-08-05T17:47:52+03:30,
6420330543475319,="0200004151",کاپسیان  30 گرم پماد موضعی گل دارو,CAPSIAN  30 GR Topical Ointment Gol Darou,1,ok,2250000,2026-05-21T11:08:54+03:30,
6422494738559998,,,,0,notfound,,,
6423468911930968,="0200018759",لیو.52 دی اس  90 عدد قرص هیمالیا,LIV.52 DS  90 Tablet Himalaya,1,ok,120000,2026-06-13T23:02:13+03:30,
6423882966411697,,,,0,notfound,,,
6425450924371269,,,,0,notfound,,,
6426888611013748,,,,0,notfound,,,
6426950912450068,="0200010789",سیمی فوگل  30 عدد قرص روکشدار گل دارو,CIMIFUGOL  30 F.C. Tablet Gol Darou,1,ok,16500,2024-12-24T11:16:43+03:30,
6428701428362946,="0200023846",دایاستاپ  140 میلی لیتر شربت ایران داروک,DIASTOP  140 ML Syrup Iran Darouk,1,ok,340000,2024-07-11T11:16:44+03:30,
6436198213685396,,,,0,notfound,,,
6436731142494257,="0201005638",گرین کارمین  600 میلی گرم 30 عدد کپسول باریج اسانس,GREEN CARMIN  600 MG 30 Capsule Barij Essence,1,ok,37000,2026-05-07T15:55:59+03:30,
6438578412491398,,,,0,notfound,,,
6441792094972781,="0300024852",کالم انرژی  30 عدد کپسول نچرال ورلد,CALM ENERGY  30 Capsule Natural World,1,ok,218633,2026-09-19T10:35:43+03:30,
6442733959609315,,,,0,notfound,,,
6443031888421049,,,,0,notfound,,,
6446470817457206,,,,0,notfound,,,
6446548939977096,="0201006079",آرترودین  50 عدد قرص دینه,ARTHRODIN  50 Tablet Dineh,1,ok,60000,2025-12-25T10:50:01+03:30,
6447479855006666,="0201008610",فیبروگل  7 عدد ساشه گل دارو,FIBROGOL  7 Sache Gol Darou,1,ok,350000,2026-06-15T23:11:14+03:30,
6447654450182977,,,,0,notfound,,,
6448092648690652,,,,0,notfound,,,
6449596383571557,,,,0,notfound,,,
6450056791340866,,,,0,notfound,,,
6450320122900890,="0200004681",سی ام باریج  15 میلی لیتر لوسیون موضعی باریج اسانس,CM BARIJ  15 ML Topical Lotion Barij Essence,1,ok,1300000,2026-05-07T15:58:32+03:30,
6450739029798459,,,,0,notfound,,,
6452455697013071,,,,0,notfound,,,
6452881166564625,,,,0,notfound,,,
6454276346469602,,,,0,notfound,,,
6454555874923651,="0201005560",جینسینگ  500 میلی گرم 30 عدد کپسول ایران دارو,GINSENG  500 MG 30 Capsule Iran Darou,1,ok,26666,2024-01-20T10:41:19+03:30,
6455881236988475,,,,0,notfound,,,
6459879330607399,,,,0,notfound,,,
6460895040428959,="0200002575",پياسکلیدین  300 میلی گرم 15 عدد کپسول اکسپنساینس,PIASCLEDINE  300 MG 15 Capsule Expanscience,1,ok,233333,2024-06-15T11:39:51+03:30,
6461375566707640,,,,0,notfound,,,
6464943310302413,="0201007309",واسکوویتا  30 عدد قرص وشا دارو پارس,VASCUVITA  30 Tablet Vasha Darou Pars,1,ok,38000,2024-09-23T09:25:33+03:30,
6465295777396726,,,,0,notfound,,,
6466245165411253,,,,0,notfound,,,
6467864785916604,,,,0,notfound,,,
6469987936277780,,,,0,notfound,,,
6473490441414516,,,,0,notfound,,,
6474712243515757,,,,0,notfound,,,
6475486812406688,,,,0,notfound,,,
6477161054462885,,,,0,notfound,,,
6477790699807115,="0201006086",لیوردین کمپلکس  50 عدد قرص دینه,LIVERDIN COMPLEX  50 Tablet Dineh,1,ok,74000,2025-12-04T09:48:01+03:30,
6479302190210776,="0301007263",بروزایم پلاس  30 عدد کپسول تچرا فارمد,BROZYME PLUS  30 Capsule Techra Pharmed,1,ok,90000,2024-09-18T09:21:56+03:30,
6484840967475975,,,,0,notfound,,,
6485218733900485,,,,0,notfound,,,
6487024211264590,="0200023789",لینوفم آرایکس   قرص سونا طب پارسه,LEANOFEM RX   Tablet STP Pharma,1,ok,13266,2021-06-17T09:39:01+03:30,
6489741363863075,,,,0,notfound,,,
6492278723396655,,,,0,notfound,,,
6495149794740420,,,,0,notfound,,,
6496241026125997,,,,0,notfound,,,
6497030854032220,="0301006393",رویال شات  30 عدد کپسول گسترش میلاد فارمد,ROYAL SHOT  30 Capsule Gostaresh Milad Pharmed,1,ok,83333,2024-06-24T11:31:14+03:30,
6498488950448686,="0200022717",فمکسایت  20 عدد کپسول قائم دارو,FEMEXITE  20 Capsule Ghaem Darou,1,ok,20000,2024-06-19T10:06:28+03:30,
6499922637271188,,,,0,notfound,,,
6500627266753770,,,,0,notfound,,,
6502178663995149,,,,0,notfound,,,
6502469199056418,,,,0,notfound,,,
6505395763563469,,,,0,notfound,,,
6505451416561272,,,,0,notfound,,,
6510151981525987,="0201006059",دایان فیت  60 عدد کپسول دایان فارما,DAYAN FIT  60 Capsule DAYAN PHARMA,1,ok,94495,2026-08-02T10:04:03+03:30,
6511607393429539,,,,0,notfound,,,
6512005672182026,,,,0,notfound,,,
6513946023232434,,,,0,notfound,,,
6514486811904249,="0201009026",سینوسان  15 میلی لیتر اسپرى بینى,SINOSUN  15 ML Nasal Spray,1,ok,1350000,2026-03-05T20:49:24+03:30,
6515442412402796,,,,0,notfound,,,
6516882517817300,,,,0,notfound,,,
6517639189828711,,,,0,notfound,,,
6520174290661103,="0200014637",روماتوگل  30 عدد قرص روکشدار گل دارو,RHUMATOGOL  30 F.C. Tablet Gol Darou,1,ok,150000,2026-06-15T23:04:13+03:30,
6521732289012711,,,,0,notfound,,,
6522598007354899,="0301007123",اتنتالین  120 میلی لیتر شربت سیمرغ داروی عطار,ATTENTALIN  120 ML Syrup Simorgh Darou Attar,1,ok,2797000,2026-09-19T10:21:03+03:30,
6526527333649313,,,,0,notfound,,,
6526769451909406,,,,0,notfound,,,
6527335882207063,,,,0,notfound,,,
6528807117127219,,,,0,notfound,,,
6528899450290068,,,,0,notfound,,,
6529692786545145,="0201007302",پومگا 5  60 عدد سافت ژل وشا دارو پارس,POMEGA 5  60 Soft Gelatin Capsule Vasha Darou Pars,1,ok,180000,2026-09-19T10:37:45+03:30,
6530970646992284,,,,0,notfound,,,
6531122415677091,,,,0,notfound,,,
6533077850179875,,,,0,notfound,,,
6535383745734268,,,,0,notfound,,,
6538782099862497,,,,0,notfound,,,
6539971433554742,,,,0,notfound,,,
6543064087390042,,,,0,notfound,,,
6544240723659688,,,,0,notfound,,,
6549725650872699,,,,0,notfound,,,
6551597763737654,,,,0,notfound,,,
6553975930309215,="0201009219",آرتو وید - برنا  30 عدد کپسول,ARTOVID - BORNA  30 Capsule,1,ok,79333,2025-07-10T09:46:14+03:30,
6558336977123381,="0301007029",میگرا استیک   استیک ریحان نقش جهان,MIGR STICK   Stick RNJ,1,ok,3200000,2026-05-17T12:31:17+03:30,
6560542683033166,="0201005733",ایمونوبری بی دی آ  30 عدد کپسول بهتا دارو,IMMUNOBERRY BDA  30 Capsule Behta Daru,1,ok,65000,2026-05-25T12:24:25+03:30,
6561827910914467,,,,0,notfound,,,
6562127462445337,,,,0,notfound,,,
6562608534845242,="0301007283",پی پریکس  20 عدد سافت ژل تهران دارو,PIPERIX  20 Soft Gelatin Capsule Tehran Darou,1,ok,55000,2026-05-12T14:58:44+03:30,
6562858546266847,,,,0,notfound,,,
6563916081842893,="0201009025",روکلداپ  30 عدد قرص قائم دارو,RUCOLDUP  30 Tablet Ghaem Darou,1,ok,80000,2026-06-22T10:32:53+03:30,
6567363538484237,,,,0,notfound,,,
6568755654879567,,,,0,notfound,,,
6568872134495746,,,,0,notfound,,,
6570495075810371,,,,0,notfound,,,
6571481487379858,,,,0,notfound,,,
6572599890315577,="0200008497",گریپ میکسچر  145 میلی لیتر محلول خوراکی نرس هارویز,GRIPE MIXTURE  145 ML Oral Solution Nurse Harvyes,1,ok,2000000,2026-04-22T10:15:03+03:30,
6572640161339882,="0200018758",سیستون  60 عدد قرص هیمالیا,CYSTONE  60 Tablet Himalaya,1,ok,190000,2026-06-13T23:01:44+03:30,
6572687015568173,,,,0,notfound,,,
6573366027843915,,,,0,notfound,,,
6573866895967204,="0200000174",دینه برن  250 گرم پودر دینه,DINEH BRAN  250 GR Powder Dineh,1,ok,1200000,2026-06-01T09:09:38+03:30,
6575034187206472,,,,0,notfound,,,
6576179662303883,,,,0,notfound,,,
6576860948456487,="0201007026",لینولایف  600 میلی گرم 60 عدد کپسول رژولاین,LINOLIFE  600 MG 60 Capsule Rejuline,1,ok,115000,2026-01-11T10:21:58+03:30,
6577917448073201,,,,0,notfound,,,
6578843558398105,,,,0,notfound,,,
6580365277386741,,,,0,notfound,,,
6581069723935922,,,,0,notfound,,,
6582398672121319,,,,0,notfound,,,
6583412086809313,,,,0,notfound,,,
6583621229314776,,,,0,notfound,,,
6583953064104037,="0200000611",گریپ واتر  120 میلی لیتر محلول خوراکی دینه,GRIPE WATER  120 ML Oral Solution Dineh,1,ok,1350000,2026-04-16T09:52:00+03:30,
6584412683961045,,,,0,notfound,,,
6586879224795516,,,,0,notfound,,,
6588319290316838,,,,0,notfound,,,
6588372031193441,="0200016712",کولیکز  30 میلی لیتر قطره خوراکى ویتان,COLICEZ  30 ML Oral Drop Vitane,1,ok,2000000,2026-07-11T13:03:22+03:30,
6589181786285907,="0200022042",فیژیتول  120 میلی لیتر شربت دارو درمان پارس,FIGITOL  120 ML Syrup Darou Darman Pars,1,ok,582000,2025-01-23T10:41:29+03:30,
6589788850313008,,,,0,notfound,,,
6590242940617502,,,,0,notfound,,,
6590702188943498,,,,0,notfound,,,
6591710802644814,,,,0,notfound,,,
6592825570072931,,,,0,notfound,,,
6593259954977351,,,,0,notfound,,,
6595764329577571,,,,0,notfound,,,
6596029425684630,,,,0,notfound,,,
6599807159453166,="0201005629",بنفشه باریج  60 میلی لیتر شربت باریج اسانس,BANAFSHEH BARIJ  60 ML Syrup Barij Essence,1,ok,2000000,2026-08-23T13:06:49+03:30,
6601414412220393,="0301006400",سورناندین  30 عدد کپسول گرین نیچر,SORENANDIN  30 Capsule Green Nature,1,ok,590000,2026-06-28T08:44:59+03:30,
6601693975603294,,,,0,notfound,,,
6601905544390721,,,,0,notfound,,,
6601948121244906,,,,0,notfound,,,
6605558740563271,,,,0,notfound,,,
6610153248303901,,,,0,notfound,,,
6610417454892603,,,,0,notfound,,,
6615530918952831,,,,0,notfound,,,
6616863285637746,,,,0,notfound,,,
6617240564534062,,,,0,notfound,,,
6617855236217827,="0201007188",آنتی آسما  30 عدد قرص سینا فرآور,ANTI ASTHMA  30 Tablet Sina Faravar,1,ok,138333,2026-05-16T10:02:03+03:30,
6618333112387743,,,,0,notfound,,,
6620125583349741,,,,0,notfound,,,
6620869275733838,,,,0,notfound,,,
6621065422231368,,,,0,notfound,,,
6626429175402672,,,,0,notfound,,,
6626615472613635,,,,0,notfound,,,
6629255785090065,,,,0,notfound,,,
6631790446211332,,,,0,notfound,,,
6631802734358910,,,,0,notfound,,,
6632497555590266,,,,0,notfound,,,
6632856682279006,="0301007268",بایوفلورا  30 عدد کپسول تک ژن,BioFLORA  30 Capsule Takgene,1,ok,250000,2026-05-31T11:44:08+03:30,
6633458522774111,="0200024847",ریلکس هرب  30 عدد کپسول بهتا دارو,RELAX HERB  30 Capsule Behta Daru,1,ok,140000,2026-07-28T11:25:49+03:30,
6637098640749534,,,,0,notfound,,,
6637971422051880,,,,0,notfound,,,
6640275830797081,,,,0,notfound,,,
6641150239686772,="0301005478",سوپر کلاژن بیلدر  500 میلی لیتر مایع اکسیر طب پرنیان,SUPER COLLAGEN BUILDER  500 ML Liquid Xir Teb Parnian,1,ok,13326000,2024-05-26T11:40:26+03:30,
6641586486093425,="0200010351",ویتاگریپ  100 میلی گرم 30 عدد کپسول دارو پژوه جابر,VITAGRAPE  100 MG 30 Capsule D.P.Jaber,1,ok,10333,2023-01-05T08:46:32+03:30,
6641916940748973,,,,0,notfound,,,
6643040776426922,,,,0,notfound,,,
6644578049425059,,,,0,notfound,,,
6644610076317766,,,,0,notfound,,,
6644667781264826,,,,0,notfound,,,
6644824460746519,,,,0,notfound,,,
6644893965756825,="0201009337",سیموفیت  30 عدد کپسول سیمرغ داروی عطار,SIMOFIT  30 Capsule Simorgh Darou Attar,1,ok,93033,2025-09-03T09:43:09+03:30,
6645585667000469,,,,0,notfound,,,
6645779632109650,,,,0,notfound,,,
6646741731467684,,,,0,notfound,,,
6647103177477283,,,,0,notfound,,,
6648510145597529,,,,0,notfound,,,
6650457440308682,,,,0,notfound,,,
6654355564289948,,,,0,notfound,,,
6655929782493414,,,,0,notfound,,,
6657094321294380,="0201006934",پلارژین  30 میلی لیتر قطره خوراکى پارس گیتا دارو,PELARGIN  30 ML Oral Drop Pars Gita Darou,1,ok,2800000,2026-07-25T09:26:05+03:30,
6659585316336977,,,,0,notfound,,,
6659863015532275,="0301006469",پلارکس  120 میلی لیتر شربت ایران داروک,PELAREX  120 ML Syrup Iran Darouk,1,ok,3800000,2026-08-23T11:28:51+03:30,
6660858694922057,,,,0,notfound,,,
6661663445943201,="0200000187",سی - لاکس  25 عدد قرص دینه,C - LAX  25 Tablet Dineh,1,ok,80000,2026-06-01T08:55:56+03:30,
6662627484295843,="0201005546",اهورا کامیلین  250 میلی لیتر محلول موضعی اهورا دارو,AHURA CAMILLIN  250 ML Topical Solution Ahoura Darou,1,ok,4260000,2026-09-03T10:17:26+03:30,
6663631653078584,,,,0,notfound,,,
6664598679016750,,,,0,notfound,,,
6667623262562209,,,,0,notfound,,,
6672650624762512,,,,0,notfound,,,
6673466555369711,,,,0,notfound,,,
6675376562114143,="0201009243",ماری گلد  15 گرم پماد موضعی توسن دارو,MARIGOLD  15 GR Topical Ointment Tosan Darou,1,ok,1650000,2026-06-07T14:08:17+03:30,
6675539514949368,="0201006831",رسپی کالم  120 میلی لیتر شربت نیاک,RESPICALM  120 ML Syrup Niak,1,ok,2500000,2026-05-04T11:58:37+03:30,
6675586796038101,="0301007261",بروزایم  30 عدد کپسول تچرا فارمد,BROZYME  30 Capsule Techra Pharmed,1,ok,150000,2026-06-28T09:27:38+03:30,
6676365137766328,="0200016554",سزالین  25 % 15 میلی لیتر اسپرى بینى رها,SESALIN  25 % 15 ML Nasal Spray Raha,1,ok,800000,2026-05-25T12:29:32+03:30,
6677189463038860,,,,0,notfound,,,
6678044227562474,,,,0,notfound,,,
6679666650019307,="0200023918",ارومکس  30 عدد قرص روکشدار گلدن لایف,UROMAX  30 F.C. Tablet Golden Life,1,ok,270000,2026-07-14T14:16:10+03:30,
6680274325257915,,,,0,notfound,,,
6682333062063175,,,,0,notfound,,,
6682543412672466,,,,0,notfound,,,
6683415065653623,,,,0,notfound,,,
6684413794155592,="0201005484",اسلیم مد  60 عدد کپسول اکسیر گستر اسپادانا,SLIM MED  60 Capsule Exir Gostar Espadana,1,ok,158333,2026-06-27T10:45:48+03:30,
6684857935078964,,,,0,notfound,,,
6685982481414093,,,,0,notfound,,,
6686840328101046,,,,0,notfound,,,
6691117041673071,,,,0,notfound,,,
6691657643196795,="0201006641",اپتایت کیم  120 میلی لیتر شربت کیمیاگر,APPETITE KIM  120 ML Syrup Kimiagar,1,ok,1950000,2026-05-20T12:33:40+03:30,
6693706494032952,,,,0,notfound,,,
6693928593801432,,,,0,notfound,,,
6694120624624661,,,,0,notfound,,,
6697027140703483,,,,0,notfound,,,
6697474603671823,,,,0,notfound,,,
6698384771939634,,,,0,notfound,,,
6698786724965492,,,,0,notfound,,,
6699003280799830,,,,0,notfound,,,
6699697060014301,,,,0,notfound,,,
6699876411669775,,,,0,notfound,,,
6701000021465847,,,,0,notfound,,,
6701309396431545,,,,0,notfound,,,
6702183297547096,,,,0,notfound,,,
6707602278467578,,,,0,notfound,,,
6707990810114313,="0200024697",همولاکس سینا  90 عدد قرص سینا فرآور,HEMOLAX SINA  90 Tablet Sina Faravar,1,ok,43888,2026-05-16T09:10:11+03:30,
6709388914720938,,,,0,notfound,,,
6710636177944831,,,,0,notfound,,,
6713905054496688,,,,0,notfound,,,
6714237112809703,,,,0,notfound,,,
6715391069406520,,,,0,notfound,,,
6719436811194036,="0301005928",بکوول بلک الدربری  120 میلی لیتر شربت فاران شیمی,BECOWELL BLACK ELDERBERRY  120 ML Syrup Faran Shimi,1,ok,878000,2024-10-19T10:21:07+03:30,
6721327985403633,,,,0,notfound,,,
6723329851056373,,,,0,notfound,,,
6725525436435138,,,,0,notfound,,,
6725707211385789,,,,0,notfound,,,
6728913101847850,="0200014259",توسیان اطفال  60 میلی لیتر شربت گل دارو,CHILDRENS TUSSIAN  60 ML Syrup Gol Darou,1,ok,1800000,2026-04-30T12:03:05+03:30,
6729591245963316,,,,0,notfound,,,
6730175069561365,,,,0,notfound,,,
6730494813808218,,,,0,notfound,,,
6733011880084198,,,,0,notfound,,,
6733102892548525,,,,0,notfound,,,
6734440584642928,="0201006477",فت فیکس  60 عدد قرص هرباویوا,FATFIX  60 Tablet HerbaViva,1,ok,65000,2026-06-15T23:32:20+03:30,
6736102926574616,,,,0,notfound,,,
6736451053530990,="0201005890",رمیلوتوس  30 عدد کپسول زیست اروند فارمد,REMILUTOS  30 Capsule Zist Arvand Pharmed,1,ok,86666,2024-05-07T11:20:06+03:30,
6738100478016205,,,,0,notfound,,,
6741199994203501,="0201006732",گیمنما  40 عدد قرص نهال سبز سلامت,GYMNEMA  40 Tablet Nahal Sabz Salamat,1,ok,30750,2024-07-28T09:58:24+03:30,
6741813848872156,,,,0,notfound,,,
6742847817656672,,,,0,notfound,,,
6745509622449928,,,,0,notfound,,,
6747962244705291,,,,0,notfound,,,
6749144802028415,,,,0,notfound,,,
6755554342892358,,,,0,notfound,,,
6755784633290520,,,,0,notfound,,,
6756509492747049,,,,0,notfound,,,
6757345276279527,,,,0,notfound,,,
6758089272469195,,,,0,notfound,,,
6760629477196509,,,,0,notfound,,,
6762560771846986,,,,0,notfound,,,
6764899713381770,="0200023419",هلسی لیور  30 عدد قرص روکشدار گلدن لایف,HEALTHY LIVER  30 F.C. Tablet Golden Life,1,ok,185000,2026-07-16T15:00:08+03:30,
6767178069292739,="0301006023",پی اسکلتون  300 میلی گرم 20 عدد کپسول دارو پژوهان پاسارگاد,PSCLETONE  300 MG 20 Capsule Darou Pazhohan Pasargad,1,ok,100000,2026-09-06T11:38:49+03:30,
6769918177967690,,,,0,notfound,,,
6770714763181853,,,,0,notfound,,,
6773274086178126,,,,0,notfound,,,
6773345016444822,,,,0,notfound,,,
6774232117589027,,,,0,notfound,,,
6774780021124734,,,,0,notfound,,,
6775078665246394,,,,0,notfound,,,
6776377250193128,,,,0,notfound,,,
6776808949340883,,,,0,notfound,,,
6779648252803740,,,,0,notfound,,,
6780566335627041,,,,0,notfound,,,
6782392827993187,="0301007006",اکتیوا ولبیینگ رسپیریشن  30 عدد کپسول رستا ایمن دارو,ACTIVA WELL BEING RESPIRATION  30 Capsule Rasta Imen Daroo,1,ok,126666,2024-08-21T09:59:47+03:30,
6782705079913692,,,,0,notfound,,,
6783325928773123,,,,0,notfound,,,
6786118597549700,,,,0,notfound,,,
6789985952859463,="0200000037",آلیوم - اس  50 عدد قرص روکشدار دینه,ALLIUM - S  50 F.C. Tablet Dineh,1,ok,25000,2025-12-03T12:07:22+03:30,
6791747848535497,,,,0,notfound,,,
6792388856316868,,,,0,notfound,,,
6796717207060289,,,,0,notfound,,,
6796907379636422,,,,0,notfound,,,
6799269087220346,="0200002260",آفرودیت  30 عدد قرص گل دارو,APHRODIT  30 Tablet Gol Darou,1,ok,140000,2026-05-21T11:01:51+03:30,
6800262615535979,="0200001381",آلفا  30 گرم پماد موضعی,ALPHA  30 GR Topical Ointment,1,ok,5250000,2026-06-13T23:22:57+03:30,
6802229026091367,,,,0,notfound,,,
6803385352575951,,,,0,notfound,,,
6804115669728112,,,,0,notfound,,,
6804739437885454,="0200022533",میرتکس  5 گرم خمیر دهانی باریج اسانس,MYRTEX  5 GR Oral Paste Barij Essence,1,ok,800000,2026-07-14T18:00:07+03:30,
6805754920375554,,,,0,notfound,,,
6806056823063375,,,,0,notfound,,,
6806514559100916,,,,0,notfound,,,
6807768789078305,,,,0,notfound,,,
6809859813025090,,,,0,notfound,,,
6810851427046191,,,,0,notfound,,,
6812603883067285,="0200002268",ممورکس  40 میلی گرم 30 عدد قرص ایران داروک,MEMOREX  40 MG 30 Tablet Iran Darouk,1,ok,54166,2026-07-18T19:49:19+03:30,
6813698417151583,="0301006429",مخمر آبجو  60 عدد قرص هلث اید,BREWERS YEAST  60 Tablet Health Aid,1,ok,70000,2026-06-21T19:55:13+03:30,
6813918454964542,="0200019059",رزامینت  30 گرم پماد موضعی سبز دارو,ROSAMINT  30 GR Topical Ointment Sabzdaru,1,ok,600000,2024-08-29T10:55:45+03:30,
6815352433745243,,,,0,notfound,,,
6815687015912122,,,,0,notfound,,,
6816051081591861,,,,0,notfound,,,
6816595628399712,,,,0,notfound,,,
6819137333167280,,,,0,notfound,,,
6821009639626524,="0200003033",جین سین   30 عدد کپسول گل دارو,GINSIN  30 Capsule Gol Darou,1,ok,125000,2026-04-30T11:53:29+03:30,
6822583492598408,="0301006659",ام پلاس آسوپرا  300 میلی گرم 15 عدد کپسول پرارین پارس,M+ ASUPRA  300 MG 15 Capsule Perarin Pars,1,ok,194666,2026-08-17T10:42:08+03:30,
6823113710861528,,,,0,notfound,,,
6824047835387643,,,,0,notfound,,,
6824068515938464,,,,0,notfound,,,
6826586438516910,,,,0,notfound,,,
6826774128372421,,,,0,notfound,,,
6828567278963052,,,,0,notfound,,,
6829545776852426,="0200018128",اپیون  30 عدد قرص انتریک کوتد ایران داروک,EPIONE  30 E.C. Tablet Iran Darouk,1,ok,15000,2024-07-10T12:20:19+03:30,
6831975078582040,="0301007520",ول گات گام و گات  30 عدد قرص جویدنى زیست تخمیر,WELLGUT GUM AND GUT  30 Chewablet Tablet Zist Takhmir,1,ok,119000,2025-01-04T11:34:49+03:30,
6833402157197501,="0200002468",پروستاتان  30 عدد قرص گل دارو,PROSTATAN  30 Tablet Gol Darou,1,ok,110000,2026-04-30T11:35:31+03:30,
6833707185731418,="0301007025",ردوکس ریاپت  120 میلی لیتر شربت رضا دارو,REDOX REAPPET  120 ML Syrup Reza Darou,1,ok,980000,2024-08-21T11:40:15+03:30,
6835086232449807,,,,0,notfound,,,
6835907965168747,,,,0,notfound,,,
6836557784591852,,,,0,notfound,,,
6837300533038895,,,,0,notfound,,,
6840473818300561,,,,0,notfound,,,
6841773068730250,,,,0,notfound,,,
6843118784961644,,,,0,notfound,,,
6844483884501334,,,,0,notfound,,,
6844498134192350,="0201009063",موسیلیوم فورت  توتی فروتی 7 عدد ساشه ایران داروک,MUSYLIUM FORTE  TUTTI FRUTTI 7 Sache Iran Darouk,1,ok,550000,2026-06-16T08:48:05+03:30,
6844704684130181,,,,0,notfound,,,
6846133680910740,,,,0,notfound,,,
6848308673574260,="0200010797",ترانکی وال  30 عدد قرص دینه,TRANQUIVAL  30 Tablet Dineh,1,ok,50000,2026-04-16T10:00:42+03:30,
6854239946498010,,,,0,notfound,,,
6855419347704207,,,,0,notfound,,,
6855466729852366,,,,0,notfound,,,
6857084791853757,,,,0,notfound,,,
6857489119034445,,,,0,notfound,,,
6858285685124961,,,,0,notfound,,,
6859167859349804,,,,0,notfound,,,
6863228959612199,,,,0,notfound,,,
6863364366588281,,,,0,notfound,,,
6864643310835913,,,,0,notfound,,,
6865209948489499,,,,0,notfound,,,
6866865025316331,,,,0,notfound,,,
6868329550164695,,,,0,notfound,,,
6868585816151582,,,,0,notfound,,,
6868785839850580,,,,0,notfound,,,
6869365311313199,="0200025431",پروستادین  50 عدد قرص دینه,PROSTADIN  50 Tablet Dineh,1,ok,90000,2026-03-12T12:04:15+03:30,
6871324236974952,="0301006944",اپتایت  150 میلی لیتر شربت پدیا بست,APPETITE  150 ML Syrup Pedia Best,1,ok,4311000,2026-05-11T11:18:06+03:30,
6873172956930602,,,,0,notfound,,,
6873492637311510,,,,0,notfound,,,
6875015523592403,,,,0,notfound,,,
6878073732360762,,,,0,notfound,,,
6878577179697872,,,,0,notfound,,,
6880352566465144,,,,0,notfound,,,
6881977394831274,,,,0,notfound,,,
6882242111224441,,,,0,notfound,,,
6885910753969980,,,,0,notfound,,,
6887232553593937,,,,0,notfound,,,
6887911918114839,,,,0,notfound,,,
6889316378239038,,,,0,notfound,,,
6890139982213446,,,,0,notfound,,,
6890802718742801,,,,0,notfound,,,
6893259685532807,,,,0,notfound,,,
6896353466321462,,,,0,notfound,,,
6897146264676253,,,,0,notfound,,,
6897632394869753,,,,0,notfound,,,
6898654825250840,,,,0,notfound,,,
6899180549705904,="0200022245",کاراوی میکسچر  140 میلی لیتر شربت ایران داروک,CARAWAY MIXTURE  140 ML Syrup Iran Darouk,1,ok,1810000,2026-05-28T13:57:27+03:30,
6899670321623807,,,,0,notfound,,,
6899801457458359,,,,0,notfound,,,
6901853948613108,,,,0,notfound,,,
6903143326559587,,,,0,notfound,,,
6904512024756527,,,,0,notfound,,,
6905551314924996,,,,0,notfound,,,
6909381737488728,,,,0,notfound,,,
6909656555603102,,,,0,notfound,,,
6911052432012790,="0200010653",پسیلیوم گرانول  7 گرم 10 عدد ساشه دینه,PSYLLIUM GRANULE  7 GR 10 Sache Dineh,1,ok,220000,2026-03-12T12:02:20+03:30,
6914915439763260,="0200007888",ایمونو ساپورت  30 میلی لیتر قطره خوراکى گیاه اسانس,IMMUNSUPPORT  30 ML Oral Drop Giah Essence,1,ok,1400000,2026-05-13T15:12:46+03:30,
6915261436069592,,,,0,notfound,,,
6915356893102941,,,,0,notfound,,,
6917187823868516,,,,0,notfound,,,
6919808418281696,,,,0,notfound,,,
6920536747696278,,,,0,notfound,,,
6925097376180504,,,,0,notfound,,,
6925558259564484,,,,0,notfound,,,
6927150737055636,,,,0,notfound,,,
6927916922355582,,,,0,notfound,,,
6928476359809690,,,,0,notfound,,,
6929119035242468,,,,0,notfound,,,
6930008910879200,,,,0,notfound,,,
6935524513129043,,,,0,notfound,,,
6935670410255586,="0300023418",کاماسوترا  30 عدد کپسول گلدن لایف,KAMASOTRA  30 Capsule Golden Life,1,ok,180000,2026-07-14T14:23:42+03:30,
6937401967169503,="0200019896",کولیکید  30 میلی لیتر قطره ویتابیوتیکس,COLICAID  30 ML Drop Vitabiotics,1,ok,750000,2025-06-03T09:00:51+03:30,
6937444742147641,,,,0,notfound,,,
6937897593108349,,,,0,notfound,,,
6938307483272095,,,,0,notfound,,,
6938745582899748,,,,0,notfound,,,
6941547686114580,,,,0,notfound,,,
6941653676465379,,,,0,notfound,,,
6941810596454092,,,,0,notfound,,,
6943816671819805,,,,0,notfound,,,
6945376178257564,,,,0,notfound,,,
6946297237066888,="0201007303",ژلومینت آی بی اس  30 عدد سافت ژل وشا دارو پارس,GELOMINT IBS  30 Soft Gelatin Capsule Vasha Darou Pars,1,ok,48333,2024-09-23T09:11:20+03:30,
6947003783705488,,,,0,notfound,,,
6947244724564711,,,,0,notfound,,,
6949197669728131,,,,0,notfound,,,
6949264662202352,="0200011055",درماتین باریج  30 گرم کرم موضعی باریج اسانس,DERMATIN BARIJ  30 GR Topical Cream Barij Essence,1,ok,2000000,2026-07-16T15:47:18+03:30,
6953547164774629,,,,0,notfound,,,
6953940794284944,="0300007145",آلگومد کلرلا ولگاریس  100 عدد قرص آلگومد,ALGOMED CHLORELLA VULGARIS  100 Tablet Algomed,1,ok,110000,2026-06-03T10:53:54+03:30,
6956717758206679,="0201007152",سیمو نی نی کلد  60 میلی لیتر شربت سیمرغ داروی عطار,SIMO NINI COLD  60 ML Syrup Simorgh Darou Attar,1,ok,1670000,2026-04-20T17:34:36+03:30,
6959020466955466,="0201006068",نیچر فیت  60 عدد کپسول دیموند,NATURE FIT  60 Capsule Daymond,1,ok,94833,2026-07-11T17:51:50+03:30,
6959503473010859,="0201009386",سیموروئید  30 گرم پماد سیمرغ داروی عطار,SIMORHOID  30 GR Ointment Simorgh Darou Attar,1,ok,1213000,2025-09-04T09:19:26+03:30,
6961172662733818,,,,0,notfound,,,
6961338933889803,,,,0,notfound,,,
6962577471075094,="0301006868",تیموسیپ  6 عدد ساشه نویا ویژن آریان,THYMOSIP  6 Sache Noya Vision Aryan,1,ok,370000,2026-05-23T12:05:13+03:30,
6962671673471004,,,,0,notfound,,,
6965583519343120,,,,0,notfound,,,
6966672556567296,,,,0,notfound,,,
6967235119444883,,,,0,notfound,,,
6967889052913324,,,,0,notfound,,,
6970554872217827,,,,0,notfound,,,
6970651886588087,,,,0,notfound,,,
6972169828591178,,,,0,notfound,,,
6973119635845676,="0200022190",های رست  30 عدد کپسول سپید طب نیا,HI-REST  30 Capsule Sepid Teb Nia,1,ok,71200,2024-03-18T10:58:12+03:30,
6974802465225331,,,,0,notfound,,,
6975787310806179,,,,0,notfound,,,
6976229589089380,="0200025114",لاکتول  30 عدد ساشه نیچرز انلی,LACTOL  30 Sache Natures Only,1,ok,77000,2024-10-17T10:27:29+03:30,
6979918564587396,,,,0,notfound,,,
6979943147808344,,,,0,notfound,,,
6981314315796718,,,,0,notfound,,,
6981421663536440,,,,0,notfound,,,
6983141616914446,,,,0,notfound,,,
6983499866690356,,,,0,notfound,,,
6984979420649950,,,,0,notfound,,,
6989680345263634,,,,0,notfound,,,
6992214837737938,,,,0,notfound,,,
6993675261660994,="0201006134",کرن بایوکام  30 عدد کپسول سلامت گستر آرتیمان,CRAN BIOKAM  30 Capsule Salamat Gostar Artiman,1,ok,76666,2025-07-13T09:51:42+03:30,
6996361933030934,,,,0,notfound,,,
6999343775086678,,,,0,notfound,,,
6999696810189738,="0200020655",نوروتک  60 عدد کپسول زیست اروند فارمد,NEUROTEC  60 Capsule Zist Arvand Pharmed,1,ok,80000,2026-07-13T14:41:05+03:30,
7000204367678532,="0201007183",سداسر  60 عدد قرص سینا فرآور,SEDASOR  60 Tablet Sina Faravar,1,ok,50000,2026-05-16T09:21:51+03:30,
7001158038680733,="0300023418",کاماسوترا  30 عدد کپسول گلدن لایف,KAMASOTRA  30 Capsule Golden Life,1,ok,180000,2026-07-14T14:23:42+03:30,
7002599856761486,,,,0,notfound,,,
7002655166354115,="0200001389",آنتوم  100 عدد قرص ایران داروک,ANETHUM  100 Tablet Iran Darouk,1,ok,48000,2026-05-13T14:00:51+03:30,
7002809713615845,="0201006515",کانفیدو  120 عدد قرص هیمالیا,CONFIDO  120 Tablet Himalaya,1,ok,26091,2025-01-26T09:44:57+03:30,
7003342959181919,,,,0,notfound,,,
7003830487667829,,,,0,notfound,,,
7007576832978354,,,,0,notfound,,,
7009167473044095,,,,0,notfound,,,
7011271475010148,="0301005665",باری ویتال مگا امگا  30 عدد کپسول باریج اسانس,BARIVITAL MEGA OMEGA  30 Capsule Barij Essence,1,ok,120000,2026-05-09T12:11:13+03:30,
7011480544619872,,,,0,notfound,,,
7013259748873867,="0201006478",لیواتوفیکس  30 عدد کپسول هرباویوا,LIVATOFIX  30 Capsule HerbaViva,1,ok,140000,2026-06-15T23:30:05+03:30,
7013938689464866,,,,0,notfound,,,
7014141154149022,,,,0,notfound,,,
7016143957891919,,,,0,notfound,,,
7016869055022051,,,,0,notfound,,,
7017322479446784,="0201006298",پلاروکا کیدز  120 میلی لیتر شربت فاران شیمی,PELAROKA KIDS  120 ML Syrup Faran Shimi,1,ok,1050000,2025-08-28T10:36:44+03:30,
7018027552916810,,,,0,notfound,,,
7019039686075088,,,,0,notfound,,,
7020043943560883,,,,0,notfound,,,
7020307198667147,,,,0,notfound,,,
7022819654192770,,,,0,notfound,,,
7023251152023964,,,,0,notfound,,,
7023601645084156,,,,0,notfound,,,
7024348966970609,,,,0,notfound,,,
7026031883272089,,,,0,notfound,,,
7026858281063402,,,,0,notfound,,,
7027284888195187,="0201006640",انجیر  120 میلی لیتر شربت کیمیاگر,FIG  120 ML Syrup Kimiagar,1,ok,1500000,2026-05-20T12:35:17+03:30,
7032323122916113,="0201006347",میرتلکس جی ای  5 گرم ژل دهانی گیاه اسانس,MYRTLX GE  5 GR Buccal Gel Giah Essence,1,ok,950000,2026-05-13T15:15:50+03:30,
7036229957562057,,,,0,notfound,,,
7036610765682498,,,,0,notfound,,,
7038123707621812,="0200005754",کپکس  30 گرم کرم موضعی باریج اسانس,CAPEX  30 GR Topical Cream Barij Essence,1,ok,1300000,2026-05-07T15:46:12+03:30,
7038799359989126,,,,0,notfound,,,
7042720421968603,,,,0,notfound,,,
7042886242331606,,,,0,notfound,,,
7042996749442683,,,,0,notfound,,,
7043541569465665,,,,0,notfound,,,
7045024915893319,,,,0,notfound,,,
7049707075683497,,,,0,notfound,,,
7050970631723112,,,,0,notfound,,,
7052446636675436,,,,0,notfound,,,
7052503149568414,,,,0,notfound,,,
7053337232335998,,,,0,notfound,,,
7054178711661960,,,,0,notfound,,,
7055894423644030,,,,0,notfound,,,
7057345016006650,,,,0,notfound,,,
7057365594045292,,,,0,notfound,,,
7058365226728721,,,,0,notfound,,,
7061860745665359,,,,0,notfound,,,
7064038846370596,,,,0,notfound,,,
7065135390033410,,,,0,notfound,,,
7065250543876465,,,,0,notfound,,,
7066111576996230,,,,0,notfound,,,
7067217419744379,,,,0,notfound,,,
7067693762883828,,,,0,notfound,,,
7068463873978929,,,,0,notfound,,,
7068679511810858,="0200016668",دروزیل  120 میلی لیتر شربت گیاه اسانس,DROSIL  120 ML Syrup Giah Essence,1,ok,1900000,2026-05-13T15:24:12+03:30,
7069284783904390,,,,0,notfound,,,
7073997537270989,,,,0,notfound,,,
7074349045984579,="0201005633",زیره باریج  15 میلی لیتر قطره خوراکى باریج اسانس,ZIREH BARIJ  15 ML Oral Drop Barij Essence,1,ok,490000,2024-02-28T11:59:27+03:30,
7074683575416798,,,,0,notfound,,,
7076523663209615,="0201009065",فیژیلاکس  120 میلی لیتر شربت نیاک,FIGI LAX  120 ML Syrup Niak,1,ok,3500000,2026-06-17T14:24:20+03:30,
7078046149954766,,,,0,notfound,,,
7080390334897231,,,,0,notfound,,,
7081938713478536,="0200021348",کالیک  120 میلی لیتر شربت نو تک فار,CULIC  120 ML Syrup Know.Tech.Phar,1,ok,2400000,2026-07-11T17:01:12+03:30,
7089642536761762,,,,0,notfound,,,
7096589975018101,,,,0,notfound,,,
7097284824461166,,,,0,notfound,,,
7100597118313749,="0200025587",پلیوم  120 میلی لیتر شربت بهشاد دارو,PELIOM  120 ML Syrup Behshad Darou,1,ok,3850000,2026-08-23T11:26:41+03:30,
7104276129474644,,,,0,notfound,,,
7104444748345481,,,,0,notfound,,,
7106149191045766,,,,0,notfound,,,
7106227589700125,="0200023419",هلسی لیور  30 عدد قرص روکشدار گلدن لایف,HEALTHY LIVER  30 F.C. Tablet Golden Life,1,ok,185000,2026-07-16T15:00:08+03:30,
7106406184489656,,,,0,notfound,,,
7108637076538077,="0200010343",هموروهرب  30 گرم پماد مقعدی گل دارو,HEMORRHO HERB  30 GR Rectal Ointment Gol Darou,1,ok,3300000,2026-07-11T14:13:25+03:30,
7109141672286616,,,,0,notfound,,,
7113111341854460,,,,0,notfound,,,
7115452169965203,,,,0,notfound,,,
7115840197503838,="0301006353",سیکاگلوکال  20 عدد کپسول گلوکال,CICAGLOCAL  20 Capsule Glocal,1,ok,415000,2026-02-14T11:05:59+03:30,
7119037556852561,,,,0,notfound,,,
7119402714209529,,,,0,notfound,,,
7120823124279358,,,,0,notfound,,,
7122813925490399,,,,0,notfound,,,
7123971204520356,,,,0,notfound,,,
7124433616482553,="0300017327",پکتوگل  120 میلی لیتر شربت گل دارو,PECTOGOL  120 ML Syrup Gol Darou,1,ok,2400000,2026-06-15T23:17:45+03:30,
7125366197880693,,,,0,notfound,,,
7126407782151115,,,,0,notfound,,,
7128165720668837,,,,0,notfound,,,
7131888660126390,="0200014317",استراگل  30 میلی لیتر قطره خوراکى گل دارو,STRAGOL  30 ML Oral Drop Gol Darou,1,ok,2400000,2026-05-21T11:29:43+03:30,
7132152593684687,,,,0,notfound,,,
7134547057973273,="0201005726",پیل کاف  120 میلی لیتر شربت بهار پایا,PEELKOF  120 ML Syrup Bahar Paya,1,ok,1008000,2026-05-12T09:13:49+03:30,
7138700170182063,="0301007266",بایوبوست  30 عدد کپسول تک ژن,BioBOOST  30 Capsule Takgene,1,ok,350000,2026-05-31T12:15:40+03:30,
7138819137772192,="0200023917",اسلیپ کر  30 عدد قرص روکشدار گلدن لایف,SLEEP CARE  30 F.C. Tablet Golden Life,1,ok,49566,2026-08-11T09:11:42+03:30,
7141991894413061,,,,0,notfound,,,
7143896413666289,,,,0,notfound,,,
7144145626326208,,,,0,notfound,,,
7146184526154426,,,,0,notfound,,,
7147910128192408,,,,0,notfound,,,
7147981670399383,,,,0,notfound,,,
7149695645460077,,,,0,notfound,,,
7150489991819013,,,,0,notfound,,,
7154571475532052,,,,0,notfound,,,
7155331041548359,,,,0,notfound,,,
7156719989996470,="0200018906",آنتی رفلاکس - بی  120 میلی لیتر شربت باریج اسانس,ANTI REFLUX-B  120 ML Syrup Barij Essence,1,ok,1400000,2026-05-07T15:18:04+03:30,
7157652391310369,,,,0,notfound,,,
7157769312733753,,,,0,notfound,,,
7159366373194505,,,,0,notfound,,,
7161912474794348,,,,0,notfound,,,
7161950421681569,,,,0,notfound,,,
7163346589806005,="0301006470",بلاکپ  30 عدد سافت ژل ایران داروک,BELLACAP  30 Soft Gelatin Capsule Iran Darouk,1,ok,143533,2026-04-26T15:58:47+03:30,
7164561251799059,,,,0,notfound,,,
7166221444900853,,,,0,notfound,,,
7168600964695871,="0201009353",فایترسین دیا  30 عدد قرص مهر و ماه,FIGHTERCINDIA  30 Tablet Seal & Moon,1,ok,225000,2026-05-31T08:59:18+03:30,
7169458535976999,,,,0,notfound,,,
7170237647264146,,,,0,notfound,,,
7170979717410782,="0300016324",اسلیم می  60 عدد کپسول نچرال ورلد,SLIM ME  60 Capsule Natural World,1,ok,216333,2026-08-02T09:30:39+03:30,
7171758374803929,,,,0,notfound,,,
7172286066278009,,,,0,notfound,,,
7173330484439830,,,,0,notfound,,,
7173516129380951,="0200019220",رازک  30 میلی لیتر قطره گیاه اسانس,RAZAK  30 ML Drop Giah Essence,1,ok,1600000,2026-05-13T15:13:38+03:30,
7177325033078937,,,,0,notfound,,,
7177482515095332,,,,0,notfound,,,
7179037182587912,,,,0,notfound,,,
7182242924189279,="0200022326",زینگاویش  120 میلی لیتر شربت سلامت گستر آرتیمان,ZINGAVISH  120 ML Syrup Salamat Gostar Artiman,1,ok,2300000,2026-06-09T10:00:27+03:30,
7182931616150458,,,,0,notfound,,,
7183022480624154,,,,0,notfound,,,
7183164597606051,,,,0,notfound,,,
7183830034110926,,,,0,notfound,,,
7184286730218312,,,,0,notfound,,,
7184435175756662,="0200011956",جینسین تونیک  120 میلی لیتر شربت گل دارو,GINSIN TONIC  120 ML Syrup Gol Darou,1,ok,650000,2024-11-30T09:16:27+03:30,
7185045145681094,,,,0,notfound,,,
7185597766420721,,,,0,notfound,,,
7187142954001714,,,,0,notfound,,,
7187507930078899,,,,0,notfound,,,
7194304934208437,,,,0,notfound,,,
7194601556297053,="0201005534",ویونا کوش سی  30 گرم پماد امید طب کوشا,VIONA KOOSH C  30 GR Ointment OMID TEB KOOSHA,1,ok,982000,2025-04-27T09:51:46+03:30,
7195807522140743,="0201005623",سان ویک آی بی اس  10 عدد ساشه آیریا نیک,SUNWIC IBS  10 Sache IRENIC,1,ok,116500,2024-02-27T12:11:11+03:30,
7197019023199993,,,,0,notfound,,,
7197019594799452,,,,0,notfound,,,
7198447231237463,="0200015830",دویلتفین  20 عدد قرص روکشدار آیریا نیک,DEVILTEFIN  20 F.C. Tablet IRENIC,1,ok,180000,2026-07-11T08:58:27+03:30,
7199108959878029,,,,0,notfound,,,
7201638689334051,,,,0,notfound,,,
7202895951036914,,,,0,notfound,,,
7203438830326350,="0200014258",گلیکوگل  30 عدد قرص روکشدار گل دارو,GLYCOGOL  30 F.C. Tablet Gol Darou,1,ok,30700,2024-10-17T09:43:47+03:30,
7204302166874376,="0301007356",رد جینسینگ و مولتی ویتامین و مینرال  30 عدد قرص ویتامین لایف,RED GINSENG AND MULTIVITAMIN AND MINERAL  30 Tablet Vitamin Life,1,ok,180000,2026-06-15T22:38:21+03:30,
7205163438972266,,,,0,notfound,,,
7206393344623990,,,,0,notfound,,,
7206431364270149,,,,0,notfound,,,
7213580273916687,,,,0,notfound,,,
7216113715408043,,,,0,notfound,,,
7220290255280134,,,,0,notfound,,,
7222324017203774,,,,0,notfound,,,
7223044170949930,="0200007886",کاردیوتون  30 عدد قرص روکشدار دینه,CARDIOTON  30 F.C. Tablet Dineh,1,ok,40000,2026-03-12T12:02:38+03:30,
7225053055237864,,,,0,notfound,,,
7226333089359822,="0301007004",اکتیوا ولبینگ الیمینیشن  30 عدد کپسول آهسته رهش رستا ایمن دارو,ACTIVA WELL BEING ELIMINATION  30 Sustained Release Capsule Rasta Imen Daroo,1,ok,128333,2024-08-21T09:55:44+03:30,
7226978691842936,,,,0,notfound,,,
7227207716700327,,,,0,notfound,,,
7229501697815003,,,,0,notfound,,,
7238295990734286,,,,0,notfound,,,
7242478821189067,,,,0,notfound,,,
7243416985515346,,,,0,notfound,,,
7244103290640602,="0301008663",ول گات آی بی اس  30 عدد قرص زیست تخمیر,WELLGUT IBS  30 Tablet Zist Takhmir,1,ok,140000,2026-05-23T08:24:16+03:30,
7244191137640241,="0201006408",اکتیوین  30 عدد کپسول گیاهان سبز زندگی,ACTIVEIN  30 Capsule Green Plants Of Life,1,ok,110000,2026-06-07T18:20:08+03:30,
7245981896725257,="0200014401",گرین تیدین  50 عدد قرص دینه,GREEN TEADIN  50 Tablet Dineh,1,ok,70000,2026-03-12T12:05:30+03:30,
7247709926356772,="0200002337",بیلی ناستر  15 میلی لیتر قطره خوراکى سبحان دارو,BILINASTER  15 ML Oral Drop Sobhan Darou,1,ok,380000,2021-07-04T11:48:46+03:30,
7249877678689046,,,,0,notfound,,,
7251293540742505,,,,0,notfound,,,
7251418925771017,,,,0,notfound,,,
7251714812208528,,,,0,notfound,,,
7252286937392795,,,,0,notfound,,,
7253923289424644,,,,0,notfound,,,
7254474770889087,,,,0,notfound,,,
7255269772432413,="0201009330",ملین تمر هندی  60 میلی لیتر شربت کیمیاگر,TAMARIND LAXATIVE  60 ML Syrup Kimiagar,1,ok,950000,2026-07-21T07:37:26+03:30,
7256439265767683,,,,0,notfound,,,
7257775593096916,,,,0,notfound,,,
7259207462964744,,,,0,notfound,,,
7261326126716725,,,,0,notfound,,,
7262236133382647,,,,0,notfound,,,
7264316449404898,,,,0,notfound,,,
7264608965718837,,,,0,notfound,,,
7266533151298575,="0200012977",تبوکان  30 عدد قرص نیاک,TEBOKAN  30 Tablet Niak,1,ok,95000,2026-05-24T14:14:50+03:30,
7267160422101159,,,,0,notfound,,,
7267442567256490,,,,0,notfound,,,
7269176496175327,,,,0,notfound,,,
7269262742514372,,,,0,notfound,,,
7269862899199686,,,,0,notfound,,,
7272267857203518,,,,0,notfound,,,
7275203511225679,="0200010352",هانی تیم  120 میلی لیتر شربت یاس دارو,HONYTHYME  120 ML Syrup Yas Daru,1,ok,509000,2024-05-21T10:18:44+03:30,
7275927868084044,,,,0,notfound,,,
7278597974842915,,,,0,notfound,,,
7279064884221254,="0301007007",اکتیوا ولبیینگ من  30 عدد کپسول رستا ایمن دارو,ACTIVA WELL BEING MAN  30 Capsule Rasta Imen Daroo,1,ok,150000,2024-08-21T10:01:29+03:30,
7280356077660368,,,,0,notfound,,,
7282977431523018,,,,0,notfound,,,
7285374542744345,,,,0,notfound,,,
7287535516642160,,,,0,notfound,,,
7289858269403458,,,,0,notfound,,,
7290131377596321,,,,0,notfound,,,
7290802547026647,,,,0,notfound,,,
7292936491806007,,,,0,notfound,,,
7293288983736086,,,,0,notfound,,,
7293585417523835,,,,0,notfound,,,
7298336190416073,,,,0,notfound,,,
7300481880461507,,,,0,notfound,,,
7300710521725205,,,,0,notfound,,,
7301224839219390,="0200021392",اسلیم مکس  30 عدد کپسول قائم دارو,SLIMMAX  30 Capsule Ghaem Darou,1,ok,63000,2026-07-25T12:17:01+03:30,
7301595755156191,,,,0,notfound,,,
7301897154649605,,,,0,notfound,,,
7302658683581230,,,,0,notfound,,,
7303568071427165,,,,0,notfound,,,
7304805027353264,,,,0,notfound,,,
7308411781999249,="0201005467",هگزایم  500 میلی گرم 30 عدد کپسول اشبال شیمی,HEXYME  500 MG 30 Capsule Ashbalchemi,1,ok,900000,2026-01-24T11:43:29+03:30,
7309343759358315,="0200010346",مایکوگل (میکوزین)  50 گرم کرم واژینال گل دارو,MYCOGOL (MYCOZIN)  50 GR Vaginal Cream Gol Darou,1,ok,3300000,2026-06-15T23:20:11+03:30,
7310259862032384,,,,0,notfound,,,
7310432273664919,="0201006346",کولمیگان  20 عدد کپسول گیاه اسانس,COLMIGAN  20 Capsule Giah Essence,1,ok,160000,2026-06-17T09:39:29+03:30,
7310788352459829,,,,0,notfound,,,
7311131067979680,,,,0,notfound,,,
7313473522110758,,,,0,notfound,,,
7315204484843049,,,,0,notfound,,,
7315340318423069,,,,0,notfound,,,
7315633858579024,,,,0,notfound,,,
7320320536878502,,,,0,notfound,,,
7321429322765178,,,,0,notfound,,,
7321952579162333,,,,0,notfound,,,
7322014390219572,,,,0,notfound,,,
7324170730422303,,,,0,notfound,,,
7324234815559137,,,,0,notfound,,,
7326104860587532,="0201005588",آنتی ای جینگ لیوسل  30 عدد سافت ژل آدونیس کیش,ANTIAGING LIVOCEL  30 Soft Gelatin Capsule Adonis Kish,1,ok,190000,2026-07-11T14:15:45+03:30,
7327419676625893,="0300015842",دایجستیو اید   30 عدد قرص نچرال ورلد,DIGESTIVE AID  30 Tablet Natural World,1,ok,195866,2026-08-02T09:31:14+03:30,
7328566510295726,="0200001785",آفرودیت  30 میلی لیتر قطره خوراکى گل دارو,APHRODIT  30 ML Oral Drop Gol Darou,1,ok,3250000,2026-05-21T11:02:58+03:30,
7331556067204425,,,,0,notfound,,,
7337342290154377,,,,0,notfound,,,
7337834938592719,,,,0,notfound,,,
7338301220506602,,,,0,notfound,,,
7338370915734736,="0201009012",پلاروسام بزرگسال  120 میلی لیتر شربت رایا,PELAROSAM ADULT  120 ML Syrup Raya,1,ok,2190000,2025-12-06T12:37:26+03:30,
7339876757287280,="0201007062",زیلپا  30 عدد کپسول سلامت گستر آرتیمان,ZILPA  30 Capsule Salamat Gostar Artiman,1,ok,68333,2026-06-09T09:39:37+03:30,
7339960181177421,,,,0,notfound,,,
7340399992876877,,,,0,notfound,,,
7340914222683828,="0201009235",فمی فلورا  30 عدد کپسول پارسی لاکت,FEMIFLORA  30 Capsule Parsi Lact,1,ok,150000,2026-09-02T14:06:05+03:30,
7342703272688692,,,,0,notfound,,,
7347036655811437,="0201005663",کوکنار  120 میلی لیتر شربت اکسیر آفرین آریا,KOKNAR  120 ML Syrup Exir Afarin Arya,1,ok,2500000,2026-03-05T19:45:06+03:30,
7350353475188026,,,,0,notfound,,,
7350514115398426,,,,0,notfound,,,
7355115879610700,,,,0,notfound,,,
7357963384492808,,,,0,notfound,,,
7359269387568375,="0200023575",رژودرم  55 گرم کرم,REJUDERM  55 GR Cream,1,ok,5750000,2026-06-13T23:24:20+03:30,
7360161143439304,="0200019070",دروزیل  با عسل برای کودکان 60 میلی لیتر شربت گیاه اسانس,DROSIL  WITH HONEY FOR KIDS 60 ML Syrup Giah Essence,1,ok,1300000,2026-05-13T15:25:04+03:30,
7362601419966102,,,,0,notfound,,,
7362759975257651,,,,0,notfound,,,
7362893081523024,,,,0,notfound,,,
7364547165860601,,,,0,notfound,,,
7365262155801087,="0201006531",آلوویت  140 میلی لیتر شربت ایران داروک,ALOVIT  140 ML Syrup Iran Darouk,1,ok,700000,2024-07-10T11:03:25+03:30,
7366094596398525,="0301007519",ول گات اگزما  30 عدد ساشه زیست تخمیر,WELLGUT ECZEMA  30 Sache Zist Takhmir,1,ok,400000,2026-05-23T09:02:59+03:30,
7368664018181626,,,,0,notfound,,,
7372111675292727,="0200002468",پروستاتان  30 عدد قرص گل دارو,PROSTATAN  30 Tablet Gol Darou,1,ok,110000,2026-04-30T11:35:31+03:30,
7372479045936223,,,,0,notfound,,,
7374902428016307,,,,0,notfound,,,
7376851528088536,,,,0,notfound,,,
7377479864085566,="0200019597",فلکسی گل  30 عدد کپلت گل دارو,FLEXIGOL  30 Caplet Gol Darou,1,ok,130000,2026-04-30T11:52:18+03:30,
7377563512507870,,,,0,notfound,,,
7378500172039731,="0200002266",گاسترودین  50 عدد قرص دینه,GASTRODIN  50 Tablet Dineh,1,ok,19000,2025-07-30T09:47:01+03:30,
7380471273905817,,,,0,notfound,,,
7380674972334748,="0201005735",آرتروهیل  30 عدد کپسول بهتا دارو,ARTHROHEAL  30 Capsule Behta Daru,1,ok,230000,2026-07-28T11:25:20+03:30,
7380952862679943,,,,0,notfound,,,
7384767941558999,,,,0,notfound,,,
7387496256362885,="0201008721",کالاندولا پلاس  15 گرم کرم موضعی سیمرغ داروی عطار,CALENDULA PLUS  15 GR Topical Cream Simorgh Darou Attar,1,ok,1070000,2026-05-03T15:05:25+03:30,
7388800487677631,,,,0,notfound,,,
7390321380028089,,,,0,notfound,,,
7394348765926624,,,,0,notfound,,,
7395955661304223,="0201009069",رازی  100 عدد قرص نیاک,RAZI  100 Tablet Niak,1,ok,55000,2026-08-11T14:46:22+03:30,
7396236469199828,,,,0,notfound,,,
7398206248768981,="0201009239",کامفوتریت  250 میلی لیتر شربت تریتا,COMFOTRIT  250 ML Syrup Trita,1,ok,1100000,2025-07-15T12:04:32+03:30,
7400664564687705,,,,0,notfound,,,
7400692669654457,,,,0,notfound,,,
7401008278460943,="0200023699",فمودین  50 عدد قرص روکشدار دینه,FEMODIN  50 F.C. Tablet Dineh,1,ok,8500,2025-01-11T11:25:44+03:30,
7401207784370316,,,,0,notfound,,,
7401234734058029,="0300023418",کاماسوترا  30 عدد کپسول گلدن لایف,KAMASOTRA  30 Capsule Golden Life,1,ok,180000,2026-07-14T14:23:42+03:30,
7402050868306919,="0301007284",لیدی لاکت  14 عدد کپسول واژینال تهران دارو,LADY LACT  14 Vaginal Capsule Tehran Darou,1,ok,28000,2025-03-09T12:02:35+03:30,
7402190243459778,="0201007066",سگانوز  200 میلی لیتر شربت سلامت گستر آرتیمان,SEGA NOSE  200 ML Syrup Salamat Gostar Artiman,1,ok,1900000,2026-06-16T10:47:20+03:30,
7403291490926090,,,,0,notfound,,,
7403774890501756,,,,0,notfound,,,
7407141878233931,,,,0,notfound,,,
7411251461994602,,,,0,notfound,,,
7412496171882617,,,,0,notfound,,,
7417287946860984,="0301006399",دیپ لانگ ساپورت  30 عدد کپسول گرین نیچر,DEEP LUNG SUPPORT  30 Capsule Green Nature,1,ok,463333,2026-06-28T08:46:23+03:30,
7417700784894434,,,,0,notfound,,,
7420134465164138,,,,0,notfound,,,
7421864187852368,,,,0,notfound,,,
7422756655330521,,,,0,notfound,,,
7426686942922395,,,,0,notfound,,,
7427496340429763,="0301009242",بایو ذن دی  30 عدد کپسول تک ژن,BioZEN D  30 Capsule Takgene,1,ok,250000,2026-05-31T12:17:52+03:30,
7428207699346682,,,,0,notfound,,,
7429123783691071,,,,0,notfound,,,
7432690820574445,,,,0,notfound,,,
7435115588890940,="0201007148",سیمموری  30 عدد قرص سیمرغ داروی عطار,SIMEMORY  30 Tablet Simorgh Darou Attar,1,ok,90666,2026-05-03T15:15:21+03:30,
7436137022232401,="0201007302",پومگا 5  60 عدد سافت ژل وشا دارو پارس,POMEGA 5  60 Soft Gelatin Capsule Vasha Darou Pars,1,ok,180000,2026-09-19T10:37:45+03:30,
7442383014477298,,,,0,notfound,,,
7443219557397209,="0201006340",رونسول  30 عدد کپسول قائم دارو,RUNSOL  30 Capsule Ghaem Darou,1,ok,55000,2026-07-25T12:21:25+03:30,
7444272796497585,="0201006289",پلاروکا  120 میلی لیتر شربت فاران شیمی,PELAROKA  120 ML Syrup Faran Shimi,1,ok,1200000,2025-10-28T12:03:09+03:30,
7445299999561840,="0200020962",پلارژین  20 عدد قرص پارس گیتا دارو,PELARGIN  20 Tablet Pars Gita Darou,1,ok,170000,2026-05-02T08:46:19+03:30,
7445982868377354,,,,0,notfound,,,
7446286625977019,,,,0,notfound,,,
7446785883851882,,,,0,notfound,,,
7447671891546887,="0201005548",اهورا لیپوبلو  30 عدد کپسول اهورا دارو,AHURA LIPOBLO  30 Capsule Ahoura Darou,1,ok,25000,2025-01-07T09:32:29+03:30,
7449585552877043,="0201005615",پاورفیت  32 عدد کپسول هولیستیکا,POWERFIT  32 Capsule Holistica,1,ok,260000,2026-06-27T09:32:43+03:30,
7450484269388605,,,,0,notfound,,,
7450704155003634,="0301007007",اکتیوا ولبیینگ من  30 عدد کپسول رستا ایمن دارو,ACTIVA WELL BEING MAN  30 Capsule Rasta Imen Daroo,1,ok,150000,2024-08-21T10:01:29+03:30,
7455230914873385,,,,0,notfound,,,
7456155874656842,,,,0,notfound,,,
7456266119837480,,,,0,notfound,,,
7456636671502106,,,,0,notfound,,,
7459034853945502,,,,0,notfound,,,
7460395736450631,,,,0,notfound,,,
7461248613740679,,,,0,notfound,,,
7462799397640452,,,,0,notfound,,,
7463665184259034,,,,0,notfound,,,
7464407552876209,="0201005649",گرین فیت  650 میلی گرم 30 عدد کپسول باریج اسانس,GREENFIT  650 MG 30 Capsule Barij Essence,1,ok,70000,2026-07-14T18:42:27+03:30,
7465163960765322,="0200024449",پروستیکا  30 عدد قرص روکشدار گلدن لایف,PROSTICA  30 F.C. Tablet Golden Life,1,ok,270000,2026-06-16T12:51:03+03:30,
7466023985596757,,,,0,notfound,,,
7466308459420486,,,,0,notfound,,,
7466532788061042,,,,0,notfound,,,
7468318870655762,,,,0,notfound,,,
7468438331035723,="0201006055",دایان گاستر  500 میلی گرم 30 عدد کپسول دایان فارما,DAYAN GASTER  500 MG 30 Capsule DAYAN PHARMA,1,ok,113866,2026-06-07T10:26:30+03:30,
7469059115923387,,,,0,notfound,,,
7470742058343191,,,,0,notfound,,,
7471167693211650,,,,0,notfound,,,
7471522471472297,="0300017003",سی - لاکس  60 میلی لیتر شربت دینه,C - LAX  60 ML Syrup Dineh,1,ok,500000,2025-09-23T09:36:56+03:30,
7473709095315096,,,,0,notfound,,,
7473781227434150,,,,0,notfound,,,
7477350071598016,,,,0,notfound,,,
7479069748446199,="0201007508",اسطوخودوس زد بی  15 میلی لیتر قطره خوراکى زردبند,LAVENDER ZB  15 ML Oral Drop Zard Band,1,ok,2300000,2026-08-24T11:27:56+03:30,
7480418533827201,,,,0,notfound,,,
7481255696327680,,,,0,notfound,,,
7481817923335349,,,,0,notfound,,,
7482358355830162,="0301008719",بیوپد + ویتامین ث  20 عدد ساشه سیمرغ داروی عطار,BIOPED + VIT C  20 Sache Simorgh Darou Attar,1,ok,32500,2025-02-23T11:49:02+03:30,
7483232418255978,="0201005544",اهورا نوتری  30 عدد کپسول اهورا دارو,AHURA NUTRI  30 Capsule Ahoura Darou,1,ok,56666,2026-03-30T14:20:27+03:30,
7484088680090462,="0301009241",بایو کلسی دی  30 عدد کپسول تک ژن,BioCALCI D  30 Capsule Takgene,1,ok,180000,2026-05-31T11:55:26+03:30,
7484891447379835,,,,0,notfound,,,
7485485082562829,,,,0,notfound,,,
7485607024130902,="0200023576",کیدی لاکت زینک  15 عدد ساشه زیست تخمیر,KIDILACT ZINC  15 Sache Zist Takhmir,1,ok,350000,2026-05-23T09:01:08+03:30,
7486780815602654,,,,0,notfound,,,
7488309191973842,,,,0,notfound,,,
7490420124124762,,,,0,notfound,,,
7491897399478691,="0201006607",بالتیمبر  120 میلی لیتر شربت کیمیا دارو سپهر,BALTHYMEBER  120 ML Syrup Kimia Darou Sepehr,1,ok,3000000,2026-08-31T08:34:13+03:30,
7494492873690094,,,,0,notfound,,,
7494744273087260,="0201005728",لیبیدوفم  30 عدد کپسول بهتا دارو,LIBIDOFEM  30 Capsule Behta Daru,1,ok,160000,2026-05-25T11:49:00+03:30,
7494817915713532,="0200013628",ونوویتال  30 عدد قرص روکشدار دینه,VENOVITAL  30 F.C. Tablet Dineh,1,ok,95000,2026-08-02T09:12:12+03:30,
7496587275661726,,,,0,notfound,,,
7498608417099473,,,,0,notfound,,,
7499651383992892,,,,0,notfound,,,
7500320133114810,,,,0,notfound,,,
7501159368758993,,,,0,notfound,,,
7506544656125572,,,,0,notfound,,,
7509129523035783,,,,0,notfound,,,
7509256779128090,="0200019572",ونوگل  30 عدد قرص روکشدار گل دارو,VENOGOL  30 F.C. Tablet Gol Darou,1,ok,100000,2026-04-30T11:46:56+03:30,
7509726161388605,,,,0,notfound,,,
7511494120911529,,,,0,notfound,,,
7512134111105105,,,,0,notfound,,,
7512530663102882,,,,0,notfound,,,
7513242160695231,,,,0,notfound,,,
7513741636187892,="0201007067",برومونکس  30 عدد کپسول سبز دارو,BROMONEX  30 Capsule Sabzdaru,1,ok,275000,2026-06-28T10:07:06+03:30,
7514869313889831,,,,0,notfound,,,
7515670850503753,,,,0,notfound,,,
7517782335994546,="0301007261",بروزایم  30 عدد کپسول تچرا فارمد,BROZYME  30 Capsule Techra Pharmed,1,ok,150000,2026-06-28T09:27:38+03:30,
7518505249823496,,,,0,notfound,,,
7519547187641655,="0200015616",فیتوگریپ  120 میلی لیتر شربت گل دارو,PHYTOGRIP  120 ML Syrup Gol Darou,1,ok,2200000,2026-04-30T12:04:41+03:30,
7521397472822061,,,,0,notfound,,,
7522463428357009,="0201005739",واژینفکت بی دی آ  6 عدد شیاف واژینال بهتا دارو,VAGINFECT BDA  6 Vaginal Suppository Behta Daru,1,ok,650000,2026-05-05T12:51:24+03:30,
7524204292122578,,,,0,notfound,,,
7524544858402573,,,,0,notfound,,,
7524911352266532,,,,0,notfound,,,
7526409212033317,,,,0,notfound,,,
7526972145195396,,,,0,notfound,,,
7528899313945123,="0201005707",کامی کاف  100 میلی لیتر شربت بنیان کسری سرشت سلامت,CAMI COUGH  100 ML Syrup Bonyan Kasra Seresht Salamat,1,ok,1250000,2026-05-12T10:21:49+03:30,
7531374827332618,,,,0,notfound,,,
7531963832211831,,,,0,notfound,,,
7538405285265888,,,,0,notfound,,,
7538518153887093,,,,0,notfound,,,
7541637279578670,,,,0,notfound,,,
7543005260329175,,,,0,notfound,,,
7544199757304631,,,,0,notfound,,,
7544440290835410,,,,0,notfound,,,
7546057281710002,,,,0,notfound,,,
7548422656517055,,,,0,notfound,,,
7549335568048265,,,,0,notfound,,,
7549572648988826,="0201005735",آرتروهیل  30 عدد کپسول بهتا دارو,ARTHROHEAL  30 Capsule Behta Daru,1,ok,230000,2026-07-28T11:25:20+03:30,
7551720536045411,,,,0,notfound,,,
7553514035486321,,,,0,notfound,,,
7556906726564394,,,,0,notfound,,,
7559424074287898,,,,0,notfound,,,
7560213263191515,,,,0,notfound,,,
7560786694729774,,,,0,notfound,,,
7564152419875398,,,,0,notfound,,,
7564199567821022,,,,0,notfound,,,
7565700731083401,="0200019866",بی بی سد  60 میلی لیتر شربت گل دارو,BABYSED  60 ML Syrup Gol Darou,1,ok,2500000,2026-04-30T12:05:31+03:30,
7566005428728503,,,,0,notfound,,,
7566863518765336,,,,0,notfound,,,
7566898546828451,,,,0,notfound,,,
7567949657037058,,,,0,notfound,,,
7569544067357557,,,,0,notfound,,,
7570356481425729,,,,0,notfound,,,
7573331092006517,,,,0,notfound,,,
7573748236991769,="0301005476",کیدز کالم بی هیویر  75 گرم پودر اکسیر طب پرنیان,KIDS CALM AND BEHAVIOUR  75 GR Powder Xir Teb Parnian,1,ok,5500000,2024-01-07T13:09:39+03:30,
7574440794887058,,,,0,notfound,,,
7576312379468605,,,,0,notfound,,,
7576584577653629,,,,0,notfound,,,
7576786592334983,,,,0,notfound,,,
7579357070815072,,,,0,notfound,,,
7580118147375556,,,,0,notfound,,,
7582679941294108,,,,0,notfound,,,
7582918650994446,="0201006478",لیواتوفیکس  30 عدد کپسول هرباویوا,LIVATOFIX  30 Capsule HerbaViva,1,ok,140000,2026-06-15T23:30:05+03:30,
7584428059946034,,,,0,notfound,,,
7584474187642720,,,,0,notfound,,,
7584993133551654,,,,0,notfound,,,
7585811949257420,="0300017663",آرنی گل  30 گرم کرم گل دارو,ARNIGOL  30 GR Cream Gol Darou,1,ok,696000,2023-12-30T09:42:54+03:30,
7585994412338174,,,,0,notfound,,,
7586225281928171,,,,0,notfound,,,
7587251050712237,,,,0,notfound,,,
7587812148717644,,,,0,notfound,,,
7588304030811706,="0200025373",ردیوسید  200 میلی لیتر شربت سیمرغ داروی عطار,REDUCID  200 ML Syrup Simorgh Darou Attar,1,ok,3377000,2026-07-05T17:01:47+03:30,
7590854991859056,,,,0,notfound,,,
7593378552601479,,,,0,notfound,,,
7593660433256032,,,,0,notfound,,,
7595240223043319,,,,0,notfound,,,
7595249865306492,="0200016806",سویگان  500 میلی گرم 30 عدد کپسول گیاه اسانس,SOYGAN  500 MG 30 Capsule Giah Essence,1,ok,65000,2026-01-06T11:37:13+03:30,
7595988559744893,="0201007063",زینگا لایف  60 عدد کپسول سلامت گستر آرتیمان,ZINGA LIFE  60 Capsule Salamat Gostar Artiman,1,ok,85000,2026-06-09T10:37:23+03:30,
7596580254663865,,,,0,notfound,,,
7597868174889804,,,,0,notfound,,,
7599724619422062,,,,0,notfound,,,
7605023794935026,,,,0,notfound,,,
7605334694126111,,,,0,notfound,,,
7605794281343431,,,,0,notfound,,,
7606103314759562,="0201008940",پی - برن  موزی 20 عدد ساشه دینه,P-BRAN  BANANA 20 Sache Dineh,1,ok,170000,2026-03-12T12:25:10+03:30,
7607033590149620,="0201009410",رامنوفلور  5 میلی لیتر قطره خوراکى فرابیوتیک,RAMNOFLOR  5 ML Oral Drop Farabiotic,1,ok,480000,2025-09-08T12:25:35+03:30,
7610685970705414,,,,0,notfound,,,
7611828822944126,="0200001345",سنکل  30 میلی لیتر قطره خوراکى گل دارو,SANKOL  30 ML Oral Drop Gol Darou,1,ok,2500000,2026-05-21T11:27:30+03:30,
7612032936153868,,,,0,notfound,,,
7614609022037604,,,,0,notfound,,,
7614748925998045,,,,0,notfound,,,
7615833081594016,,,,0,notfound,,,
7615850209957926,="0200008497",گریپ میکسچر  145 میلی لیتر محلول خوراکی نرس هارویز,GRIPE MIXTURE  145 ML Oral Solution Nurse Harvyes,1,ok,2000000,2026-04-22T10:15:03+03:30,
7616321611038856,,,,0,notfound,,,
7616731760119791,,,,0,notfound,,,
7617208917053975,,,,0,notfound,,,
7617231123113281,,,,0,notfound,,,
7617386949376152,,,,0,notfound,,,
7618709426800339,,,,0,notfound,,,
7619580521251486,,,,0,notfound,,,
7620304125642881,,,,0,notfound,,,
7620797068264417,="0301009403",ول گات فیبر  15 عدد ساشه زیست تخمیر,WELL GUT FIBER  15 Sache Zist Takhmir,1,ok,800000,2026-05-23T09:04:12+03:30,
7620999963443159,,,,0,notfound,,,
7621478030033482,="0200007886",کاردیوتون  30 عدد قرص روکشدار دینه,CARDIOTON  30 F.C. Tablet Dineh,1,ok,40000,2026-03-12T12:02:38+03:30,
7621602571294771,="0200014401",گرین تیدین  50 عدد قرص دینه,GREEN TEADIN  50 Tablet Dineh,1,ok,70000,2026-03-12T12:05:30+03:30,
7621815919805528,,,,0,notfound,,,
7622020390410118,,,,0,notfound,,,
7622940022481904,,,,0,notfound,,,
7624842071175504,,,,0,notfound,,,
7626305774560759,,,,0,notfound,,,
7626805560817605,="0200024513",پدی لاکت  15 میلی لیتر قطره زیست تخمیر,PEDILACT  15 ML Drop Zist Takhmir,1,ok,2300000,2026-05-23T08:46:08+03:30,
7629054896474033,,,,0,notfound,,,
7629076889375605,,,,0,notfound,,,
7632094753666907,,,,0,notfound,,,
7632573177179889,="0200022718",هربو فیبر  30 عدد قرص جویدنى سپید طب نیا,HERBO FIBER  30 Chewablet Tablet Sepid Teb Nia,1,ok,52166,2024-03-18T10:54:19+03:30,
7633515211537246,,,,0,notfound,,,
7633662338863265,,,,0,notfound,,,
7634360923513770,="0200014041",ایموژن  120 میلی لیتر شربت کیمیاگر,IMMUGEN  120 ML Syrup Kimiagar,1,ok,1800000,2026-05-20T12:31:17+03:30,
7634793355401357,,,,0,notfound,,,
7636476122455454,,,,0,notfound,,,
7636538688928308,,,,0,notfound,,,
7640757290385808,="0200007280",کلدراب  30 گرم کرم گل دارو,COLD RUB  30 GR Cream Gol Darou,1,ok,290000,2021-04-27T10:49:05+03:30,
7641075828351097,="0201005738",آنا هلث بی دی آ  30 عدد کپسول بهتا دارو,ANA HEALTH BDA  30 Capsule Behta Daru,1,ok,150000,2026-07-28T11:24:44+03:30,
7642823495206217,,,,0,notfound,,,
7643891552664267,,,,0,notfound,,,
7645236661953080,,,,0,notfound,,,
7647073947315294,,,,0,notfound,,,
7647940240569851,,,,0,notfound,,,
7648314524795853,,,,0,notfound,,,
7648541163909238,,,,0,notfound,,,
7650291424488819,,,,0,notfound,,,
7653515510474060,,,,0,notfound,,,
7653805016477769,,,,0,notfound,,,
7653834710258357,,,,0,notfound,,,
7655859930181799,="0301007261",بروزایم  30 عدد کپسول تچرا فارمد,BROZYME  30 Capsule Techra Pharmed,1,ok,150000,2026-06-28T09:27:38+03:30,
7659992044431315,,,,0,notfound,,,
7663579965847719,,,,0,notfound,,,
7663842381404075,="0200010369",پروسپان  100 میلی لیتر شربت بهستان بهداشت,PROSPAN  100 ML Syrup Behestan Behdasht,1,ok,4500000,2026-08-02T09:08:10+03:30,
7663988113988645,,,,0,notfound,,,
7664895581387365,,,,0,notfound,,,
7665103976797569,="0301006387",پرو.ال.دی.ال  30 عدد کپسول گسترش میلاد فارمد,PRO.L.D.L  30 Capsule Gostaresh Milad Pharmed,1,ok,32566,2024-06-24T10:49:23+03:30,
7667627530279436,="0200003037",شیرافزا  30 عدد کپسول گل دارو,SHIRAFZA  30 Capsule Gol Darou,1,ok,110000,2026-04-30T11:56:57+03:30,
7669377050004729,,,,0,notfound,,,
7671392837841670,,,,0,notfound,,,
7671940135401518,="0200019703",آرومیکس  75 گرم ژل موضعی باریج اسانس,AROMIX  75 GR Topical Gel Barij Essence,1,ok,3200000,2026-08-23T13:16:45+03:30,
7673520455636582,,,,0,notfound,,,
7675183518858904,,,,0,notfound,,,
7675794965893088,,,,0,notfound,,,
7676488437507750,,,,0,notfound,,,
7678665839365569,="0300024290",دایجستیو اید   60 عدد قرص روکشدار گلدن لایف,DIGESTIVE AID  60 F.C. Tablet Golden Life,1,ok,400000,2026-06-15T22:27:31+03:30,
7678728822816910,,,,0,notfound,,,
7680791329463014,,,,0,notfound,,,
7682080323885373,,,,0,notfound,,,
7690517418730752,,,,0,notfound,,,
7692704062668944,,,,0,notfound,,,
7693128329704881,="0200005547",ب. ب .کلد  28 گرم پماد موضعی گل دارو,BE. BE. COLD  28 GR Topical Ointment Gol Darou,1,ok,1750000,2026-05-21T11:11:11+03:30,
7694986227177879,,,,0,notfound,,,
7695768522822640,,,,0,notfound,,,
7697019297497379,,,,0,notfound,,,
7697051580818751,,,,0,notfound,,,
7698309498116262,,,,0,notfound,,,
7699993135670475,,,,0,notfound,,,
7700313731022637,,,,0,notfound,,,
7700947947107324,,,,0,notfound,,,
7703879345057743,="0301007523",کیدی گارد  15 عدد ساشه زیست تخمیر,KIDI GUARD  15 Sache Zist Takhmir,1,ok,300000,2026-05-23T09:02:08+03:30,
7704143316019842,,,,0,notfound,,,
7705798356231322,="0201006689",پسوس رام  80 گرم کرم موضعی,PSOSRAM  80 GR Topical Cream,1,ok,4000000,2026-06-07T19:31:52+03:30,
7707880279111969,,,,0,notfound,,,
7708748449670894,="0200009212",فیژان   120 میلی لیتر شربت رازک,FIJAN  120 ML Syrup Razak,1,ok,610000,2025-07-30T09:45:03+03:30,
7710704619107554,,,,0,notfound,,,
7715117319953398,,,,0,notfound,,,
7717145539643526,,,,0,notfound,,,
7717459619398540,="0201006082",دیاپکت  120 میلی لیتر شربت دینه,DIAPECT  120 ML Syrup Dineh,1,ok,1100000,2025-12-03T12:08:37+03:30,
7717944159202789,,,,0,notfound,,,
7718257920976577,,,,0,notfound,,,
7718370279080611,,,,0,notfound,,,
7722543045664321,,,,0,notfound,,,
7724019019287996,,,,0,notfound,,,
7724088318043627,="0201005793",فنگریکس  60 عدد کپسول ادیب اکسیر,FENUGREEX  60 Capsule Adib Exir,1,ok,58500,2026-05-02T09:38:15+03:30,
7725622137701509,,,,0,notfound,,,
7726274746195647,,,,0,notfound,,,
7729287414361715,,,,0,notfound,,,
7730083594852984,,,,0,notfound,,,
7730257437994839,,,,0,notfound,,,
7730811578758674,="0200024700",قهوه سبز  400 میلی گرم 60 عدد قرص بنیان سلامت کسری,GREEN COFFEE  400 MG 60 Tablet BSK,1,ok,20000,2023-01-04T10:37:05+03:30,
7732839877818293,="0300017579",سویاگل  30 عدد قرص گل دارو,SOYAGOL  30 Tablet Gol Darou,1,ok,100000,2026-06-15T23:06:23+03:30,
7733774663994651,="0301007010",پرونوتری ولبیینگ گستریک  30 عدد کپسول رستا ایمن دارو,PRONUTRI WELL BEING GASTRIC  30 Capsule Rasta Imen Daroo,1,ok,126666,2024-08-21T10:09:52+03:30,
7734080575524118,="0201009268",سان ویک آی بی اس  220 گرم پودر آیریا نیک,SUNWIC IBS  220 GR Powder IRENIC,1,ok,4110000,2025-07-24T10:58:29+03:30,
7737589196701357,,,,0,notfound,,,
7739457413645392,,,,0,notfound,,,
7740107056912707,,,,0,notfound,,,
7740336431274621,,,,0,notfound,,,
7741064418294237,,,,0,notfound,,,
7741979894925632,="0200002275",سدامین  30 عدد کپسول گل دارو,SEDAMIN  30 Capsule Gol Darou,1,ok,60000,2025-09-17T11:35:47+03:30,
7742337347936591,="0201005490",آرتوتکس  60 عدد کپسول اکسیر گستر اسپادانا,ARTHOTEX  60 Capsule Exir Gostar Espadana,1,ok,16333,2024-01-08T10:19:30+03:30,
7743337760241777,,,,0,notfound,,,
7744511666014966,,,,0,notfound,,,
7745063288803057,,,,0,notfound,,,
7745181969021469,,,,0,notfound,,,
7745524585794373,,,,0,notfound,,,
7745927140772557,="0301008614",نواکسا  30 عدد کپسول عبیدی,NOAXA  30 Capsule Abidi,1,ok,1750000,2026-02-25T09:06:08+03:30,
7746380550999478,="0200003040",گاسترولان  30 میلی لیتر قطره خوراکى گل دارو,GASTEROLAN  30 ML Oral Drop Gol Darou,1,ok,1000000,2025-03-25T23:27:52+03:30,
7746391836471126,="0200002273",فیتوکلد  30 عدد قرص گل دارو,PHYTOCOLD  30 Tablet Gol Darou,1,ok,55000,2026-04-30T11:37:43+03:30,
7747362219222760,,,,0,notfound,,,
7751709535980311,,,,0,notfound,,,
7754325549771829,,,,0,notfound,,,
7757103634340441,,,,0,notfound,,,
7758357658929546,,,,0,notfound,,,
7759013350824466,,,,0,notfound,,,
7760498475854252,="0200025510",لیورفید نیو  300 میلی گرم 30 عدد کپسول بهار پایا,LIVERFEED NEW  300 MG 30 Capsule Bahar Paya,1,ok,61133,2026-04-19T12:41:22+03:30,
7760860847041838,="0301006442",رویال کمپلکس  30 عدد قرص هلث برست,ROYAL COMPLEX  30 Tablet Health Burst,1,ok,315666,2026-04-24T10:43:55+03:30,
7762468918292449,,,,0,notfound,,,
7762638594252313,="0301006976",گردوهیل  14 عدد کپسول پی ام اس,GERDOHEAL  14 Capsule PMS,1,ok,150000,2026-06-21T19:59:49+03:30,
7763157555755741,,,,0,notfound,,,
7764880802751141,,,,0,notfound,,,
7767062564242024,,,,0,notfound,,,
7767611292359696,,,,0,notfound,,,
7767661732034489,,,,0,notfound,,,
7770021055942169,,,,0,notfound,,,
7770061999227732,,,,0,notfound,,,
7772318162565953,="0201007190",فارموسینا  60 عدد قرص سینا فرآور,PHARMOSINA  60 Tablet Sina Faravar,1,ok,54166,2026-05-16T09:15:10+03:30,
7773953932790143,="0201008948",برونکونیچر ختمی زد بی  120 میلی لیتر شربت زردبند,HOLLYHOCK ZB  120 ML Syrup Zard Band,1,ok,3000000,2026-08-24T11:24:27+03:30,
7775281724635998,,,,0,notfound,,,
7778162714428498,,,,0,notfound,,,
7778270917598263,,,,0,notfound,,,
7778448516828952,,,,0,notfound,,,
7779207227173694,,,,0,notfound,,,
7780141868044453,="0200005496",لکورکس   50 گرم کرم واژینال باریج اسانس,LEUCOREX  50 GR Vaginal Cream Barij Essence,1,ok,2900000,2026-05-07T15:18:43+03:30,
7780894578117222,="0201005620",تستوبوست  60 عدد کپسول آیریا نیک,TESTOBOOST  60 Capsule IRENIC,1,ok,30000,2024-02-27T11:44:11+03:30,
7784410145858082,,,,0,notfound,,,
7785427544078363,,,,0,notfound,,,
7785451070048473,,,,0,notfound,,,
7787278437639259,,,,0,notfound,,,
7788130914149583,,,,0,notfound,,,
7789718094846003,,,,0,notfound,,,
7792424970776430,,,,0,notfound,,,
7793443814714367,,,,0,notfound,,,
7793675579514477,="0201009011",پلاموفیگ  120 میلی لیتر شربت رایا,PLUMOFIG  120 ML Syrup Raya,1,ok,3500000,2026-06-21T19:46:49+03:30,
7793752130620822,,,,0,notfound,,,
7794467471085175,,,,0,notfound,,,
7794593527734777,,,,0,notfound,,,
7796008783541035,="0200024341",کورکوما  50 عدد قرص دینه,CURCUMA  50 Tablet Dineh,1,ok,80000,2026-04-16T10:03:24+03:30,
7796822529113064,="0201005733",ایمونوبری بی دی آ  30 عدد کپسول بهتا دارو,IMMUNOBERRY BDA  30 Capsule Behta Daru,1,ok,65000,2026-05-25T12:24:25+03:30,
7797501322271570,,,,0,notfound,,,
7800045017024365,,,,0,notfound,,,
7800797650989399,,,,0,notfound,,,
7800861521501918,="0201007074",اتنساف  60 عدد کپسول سمانیک,ATTENSAF  60 Capsule Samanik,1,ok,265000,2026-05-24T17:34:02+03:30,
7804253245904506,,,,0,notfound,,,
7805173889479304,,,,0,notfound,,,
7806810449970420,,,,0,notfound,,,
7808059500492778,,,,0,notfound,,,
7808265563998008,,,,0,notfound,,,
7812030628331427,="0301006431",برون کلد  200 میلی لیتر شربت هلث اید,BRONCOLD  200 ML Syrup Health Aid,1,ok,3200000,2026-06-16T08:23:48+03:30,
7815194242647473,,,,0,notfound,,,
7815354826761819,,,,0,notfound,,,
7815652284796216,,,,0,notfound,,,
7817725322179760,,,,0,notfound,,,
7819641772158129,,,,0,notfound,,,
7820132139380176,,,,0,notfound,,,
7821938232049575,,,,0,notfound,,,
7823369466647192,,,,0,notfound,,,
7823761969208849,="0300017143",رمارن  30 گرم پماد گیاه اسانس,ROMARAN  30 GR Ointment Giah Essence,1,ok,1750000,2026-06-07T17:57:04+03:30,
7824497914197940,,,,0,notfound,,,
7824596217262815,,,,0,notfound,,,
7825211574294023,="0301007262",بروزایم اولترا  30 عدد کپسول تچرا فارمد,BROZYME ULTRA  30 Capsule Techra Pharmed,1,ok,240000,2026-06-28T09:32:15+03:30,
7825985813227124,,,,0,notfound,,,
7826485196138758,,,,0,notfound,,,
7829710232137647,,,,0,notfound,,,
7830237099234128,,,,0,notfound,,,
7830272462619080,,,,0,notfound,,,
7836025743671333,,,,0,notfound,,,
7837199089500349,,,,0,notfound,,,
7838625012885175,="0201006345",نیجلا سیاه دانه  650 میلی گرم 30 عدد کپسول گیاه اسانس,NIGELLA OIL  650 MG 30 Capsule Giah Essence,1,ok,100000,2026-06-17T09:41:25+03:30,
7839074433926875,,,,0,notfound,,,
7839525442348147,,,,0,notfound,,,
7840928487913737,,,,0,notfound,,,
7841037083162902,,,,0,notfound,,,
7841167367361770,,,,0,notfound,,,
7841834339310390,="0301007179",اسپیروسینا  100 عدد قرص سینا فرآور,SPIRUSINA  100 Tablet Sina Faravar,1,ok,57000,2026-05-16T08:58:42+03:30,
7842535111918480,,,,0,notfound,,,
7842855846172921,,,,0,notfound,,,
7844576261904871,,,,0,notfound,,,
7846246147515542,="0200004453",سینارکول  50 عدد قرص دینه,CYNARCHOL  50 Tablet Dineh,1,ok,60000,2025-12-03T12:06:20+03:30,
7848996947351258,,,,0,notfound,,,
7849324427909049,,,,0,notfound,,,
7849704091792890,,,,0,notfound,,,
7850694534007427,,,,0,notfound,,,
7852752954655618,="0201007149",سیمو اپتا  120 میلی لیتر شربت سیمرغ داروی عطار,SIMO APPETA  120 ML Syrup Simorgh Darou Attar,1,ok,1552000,2025-09-02T11:41:17+03:30,
7854697774600420,,,,0,notfound,,,
7857247090386108,,,,0,notfound,,,
7858536071142689,,,,0,notfound,,,
7859300459549285,,,,0,notfound,,,
7859731883075619,,,,0,notfound,,,
7860085587582513,,,,0,notfound,,,
7860660094922570,="0200022184",سینورکس ار ایکس  30 عدد کپسول سونا طب پارسه,SINOREX RX  30 Capsule STP Pharma,1,ok,48700,2024-09-15T13:31:04+03:30,
7860877720042413,,,,0,notfound,,,
7862082445851556,,,,0,notfound,,,
7862303245597176,,,,0,notfound,,,
7862837057562156,,,,0,notfound,,,
7864357656813434,,,,0,notfound,,,
7867737556432411,,,,0,notfound,,,
7869570386479984,,,,0,notfound,,,
7870676559721118,,,,0,notfound,,,
7871887534140585,,,,0,notfound,,,
7872259385225757,,,,0,notfound,,,
7874057441237714,="0201007308",پیور اسکین  30 عدد قرص وشا دارو پارس,PURE SKIN  30 Tablet Vasha Darou Pars,1,ok,94000,2026-03-05T20:27:25+03:30,
7875424174343531,,,,0,notfound,,,
7876042073986593,,,,0,notfound,,,
7876207997586574,="0201007511",سوپر گرین  30 عدد کپسول زرین دارو,SUPER GREEN  30 Capsule Zarin Darou,1,ok,114866,2026-07-01T14:38:03+03:30,
7879199047765934,="0301006985",استروفان  30 عدد قرص رها,ESTEROFUN  30 Tablet Raha,1,ok,25000,2024-08-14T12:06:55+03:30,
7880541385956789,,,,0,notfound,,,
7884372799643670,,,,0,notfound,,,
7885276512862579,,,,0,notfound,,,
7885777756103478,="0200024160",اکیناسه زد بی  120 میلی لیتر محلول خوراکی زردبند,ECHINACEA ZB  120 ML Oral Solution Zard Band,1,ok,3000000,2026-08-24T11:11:22+03:30,
7885834294086497,,,,0,notfound,,,
7886363152625015,="0200024426",اسپیمن دی اس  120 عدد قرص هیمالیا,SPEMAN DS  120 Tablet Himalaya,1,ok,31450,2025-01-27T12:50:12+03:30,
7886667165834395,,,,0,notfound,,,
7887185798445466,,,,0,notfound,,,
7889296025713534,,,,0,notfound,,,
7892356385153128,,,,0,notfound,,,
7892961175734664,,,,0,notfound,,,
7893615749545660,,,,0,notfound,,,
7894273624971322,,,,0,notfound,,,
7895916164525757,,,,0,notfound,,,
7899476073231094,="0200014392",اودوراتا  120 میلی لیتر شربت گل دارو,ODORATA  120 ML Syrup Gol Darou,1,ok,858000,2025-02-27T11:54:53+03:30,
7902732660703234,,,,0,notfound,,,
7903808239605331,="0201009064",موسیلیوم فورت  شکلاتی 7 عدد ساشه ایران داروک,MUSYLIUM FORTE  CHOCOLATE 7 Sache Iran Darouk,1,ok,525000,2026-05-10T20:01:06+03:30,
7906765642019681,,,,0,notfound,,,
7906978237825358,,,,0,notfound,,,
7909874436271694,="0300023899",فلکس سید اویل  1000 میلی گرم 60 عدد کپسول هلث اید,FLAXSEED OIL  1000 MG 60 Capsule Health Aid,1,ok,16666,2023-01-10T10:04:58+03:30,
7910840929246042,,,,0,notfound,,,
7911306084378225,,,,0,notfound,,,
7911904649663552,,,,0,notfound,,,
7912781652912261,,,,0,notfound,,,
7914894618274826,,,,0,notfound,,,
7915252383347540,,,,0,notfound,,,
7916087421859010,,,,0,notfound,,,
7916185425522361,,,,0,notfound,,,
7918405851558020,,,,0,notfound,,,
7918446681561594,,,,0,notfound,,,
7919300866150515,,,,0,notfound,,,
7920252083956311,,,,0,notfound,,,
7921439743522314,,,,0,notfound,,,
7922208621150395,,,,0,notfound,,,
7923014892281436,,,,0,notfound,,,
7927159041135960,,,,0,notfound,,,
7930007577951316,="0301007006",اکتیوا ولبیینگ رسپیریشن  30 عدد کپسول رستا ایمن دارو,ACTIVA WELL BEING RESPIRATION  30 Capsule Rasta Imen Daroo,1,ok,126666,2024-08-21T09:59:47+03:30,
7930484576454815,,,,0,notfound,,,
7931831774286221,,,,0,notfound,,,
7933732094808564,="0201009271",گرین لس  60 عدد کپسول سلامت گستر آرتیمان,GREEN LESS  60 Capsule Salamat Gostar Artiman,1,ok,85000,2026-06-09T09:39:08+03:30,
7935031910628565,="0200003103",اکالیپتوس  60 میلی لیتر محلول استنشاقی گل دارو,EUCALYPTUS  60 ML Solution Inhalation Gol Darou,1,ok,1250000,2026-04-30T12:23:55+03:30,
7937812089542158,="0301007518",لاکتوگام  10 عدد قرص مکیدنی زیست تخمیر,LACTOGUM  10 Lozenge Tablet Zist Takhmir,1,ok,200000,2026-05-23T08:45:23+03:30,
7938011799147495,,,,0,notfound,,,
7940341865732548,,,,0,notfound,,,
7940400295463268,,,,0,notfound,,,
7943925699558303,,,,0,notfound,,,
7944758334741557,,,,0,notfound,,,
7944803769396233,,,,0,notfound,,,
7945656621375842,,,,0,notfound,,,
7946662994984252,,,,0,notfound,,,
7947991934461425,,,,0,notfound,,,
7948050621746543,,,,0,notfound,,,
7949229652691544,,,,0,notfound,,,
7953482045110052,="0200002271",میرتکس  15 میلی لیتر محلول موضعی باریج اسانس,MYRTEX  15 ML Topical Solution Barij Essence,1,ok,1400000,2026-07-14T18:04:26+03:30,
7954893096191199,,,,0,notfound,,,
7955007996764073,,,,0,notfound,,,
7955175573251988,,,,0,notfound,,,
7956490113194680,,,,0,notfound,,,
7958750495748299,="0300016928",استاپ اسنورینگ  250 میلی لیتر محلول گل دارو,STOP SNORING  250 ML Solution Gol Darou,1,ok,480000,2021-05-23T09:59:31+03:30,
7959477910990265,,,,0,notfound,,,
7960136152469884,,,,0,notfound,,,
7960563622685629,,,,0,notfound,,,
7960705462985418,="0200023552",آسه رولا چری  500 میلی گرم 30 عدد قرص روکشدار جویدنی سپید طب نیا,ACEROLA CHERRY  500 MG 30 Chewable F.C. Tablet Sepid Teb Nia,1,ok,81200,2025-02-09T11:14:57+03:30,
7963059755746352,,,,0,notfound,,,
7967743731520682,="0301006162",روغن گل مغربی  30 عدد سافت ژل یورو ویتال,EVENING PRIMROSE OIL  30 Soft Gelatin Capsule Eurho Vital,1,ok,150000,2026-05-02T11:24:47+03:30,
7968269251389389,,,,0,notfound,,,
7969976714617106,,,,0,notfound,,,
7970472663725179,="0201007303",ژلومینت آی بی اس  30 عدد سافت ژل وشا دارو پارس,GELOMINT IBS  30 Soft Gelatin Capsule Vasha Darou Pars,1,ok,48333,2024-09-23T09:11:20+03:30,
7975543770140703,,,,0,notfound,,,
7976565564381493,="0301008673",سیموسد  120 میلی لیتر شربت سیمرغ داروی عطار,SIMOSED  120 ML Syrup Simorgh Darou Attar,1,ok,2515000,2026-03-05T20:06:14+03:30,
7978172820728126,,,,0,notfound,,,
7980164291976323,,,,0,notfound,,,
7981080519736471,,,,0,notfound,,,
7981116027647661,="0201007137",هانی کافی  120 میلی لیتر شربت سیمرغ داروی عطار,HONEY COFFEE  120 ML Syrup Simorgh Darou Attar,1,ok,525000,2025-01-23T10:06:28+03:30,
7990862419453385,,,,0,notfound,,,
7991967038464374,,,,0,notfound,,,
7992743389940180,,,,0,notfound,,,
7993528020886577,="0301006884",پریمنتا  30 عدد کپسول نوتراکس,PREMENTA  30 Capsule Nutrax,1,ok,275000,2026-06-07T09:57:20+03:30,
7994354584300931,,,,0,notfound,,,
7995308542229207,,,,0,notfound,,,
7997798360607006,,,,0,notfound,,,
7998903038612337,,,,0,notfound,,,
7999165355278895,="0200023176",رودیورتیک  30 میلی لیتر قطره قائم دارو,RUDIORETIC  30 ML Drop Ghaem Darou,1,ok,260000,2024-06-19T10:00:38+03:30,
8000192852597234,,,,0,notfound,,,
8000248634399758,,,,0,notfound,,,
8002388116315123,,,,0,notfound,,,
8003479781766198,,,,0,notfound,,,
8003900516160520,,,,0,notfound,,,
8004601294769101,,,,0,notfound,,,
8006472117608549,,,,0,notfound,,,
8006710472128392,,,,0,notfound,,,
8007192213515585,,,,0,notfound,,,
8011300865428590,="0200001381",آلفا  30 گرم پماد موضعی,ALPHA  30 GR Topical Ointment,1,ok,5250000,2026-06-13T23:22:57+03:30,
8015108410639546,,,,0,notfound,,,
8015271834320369,,,,0,notfound,,,
8016286781212635,="0200018129",موسیلیوم لیمویی  7 عدد ساشه ایران داروک,MUSYLIUM LEMON  7 Sache Iran Darouk,1,ok,450000,2026-06-13T22:46:21+03:30,
8019967095263060,,,,0,notfound,,,
8020117212902306,,,,0,notfound,,,
8021745792784706,,,,0,notfound,,,
8026148948648923,="0200001322",هایپیران  30 میلی لیتر قطره خوراکى پورسینا,HYPIRAN  30 ML Oral Drop Pursina,1,ok,880000,2026-06-16T09:11:28+03:30,
8026666691308987,,,,0,notfound,,,
8027002967249621,,,,0,notfound,,,
8027206087442531,,,,0,notfound,,,
8027340730305655,,,,0,notfound,,,
8032205765354884,,,,0,notfound,,,
8034536834220524,,,,0,notfound,,,
8034537020215002,="0200004453",سینارکول  50 عدد قرص دینه,CYNARCHOL  50 Tablet Dineh,1,ok,60000,2025-12-03T12:06:20+03:30,
8035353977034722,,,,0,notfound,,,
8035867373126446,,,,0,notfound,,,
8036452699494617,,,,0,notfound,,,
8041533144368829,="0200000037",آلیوم - اس  50 عدد قرص روکشدار دینه,ALLIUM - S  50 F.C. Tablet Dineh,1,ok,25000,2025-12-03T12:07:22+03:30,
8047419153916983,,,,0,notfound,,,
8048105058725156,,,,0,notfound,,,
8048392251392590,,,,0,notfound,,,
8049540271503322,="0200001940",پرفوران  30 عدد قرص گل دارو,PERFORAN  30 Tablet Gol Darou,1,ok,80000,2026-06-15T23:03:24+03:30,
8052403728861530,,,,0,notfound,,,
8052954319502888,,,,0,notfound,,,
8053362552637335,="0201009233",پروبیوتیک کیدی فلورا  20 عدد ساشه پارسی لاکت,KIDI FLORA PROBIOTIC  20 Sache Parsi Lact,1,ok,105000,2026-05-02T11:11:02+03:30,
8056452795761380,="0201007161",سیموگنوس  30 عدد کپسول سیمرغ داروی عطار,SIMOGNUS  30 Capsule Simorgh Darou Attar,1,ok,71100,2026-01-18T12:16:32+03:30,
8056664995954895,,,,0,notfound,,,
8057422927993214,,,,0,notfound,,,
8059286358124737,,,,0,notfound,,,
8059986747357399,="0200001840",گل گریپ  120 میلی لیتر محلول خوراکی گل دارو,GOLGRIPE  120 ML Oral Solution Gol Darou,1,ok,1800000,2026-06-15T23:13:39+03:30,
8068219482690122,,,,0,notfound,,,
8068938346562917,,,,0,notfound,,,
8068979566526956,="0301005972",کوئیک فایبر پلاس  375 گرم پودر اکسیر طب پرنیان,QUICK FIBRE PLUS  375 GR Powder Xir Teb Parnian,1,ok,3100000,2024-05-26T11:51:28+03:30,
8074850203220967,="0200000611",گریپ واتر  120 میلی لیتر محلول خوراکی دینه,GRIPE WATER  120 ML Oral Solution Dineh,1,ok,1350000,2026-04-16T09:52:00+03:30,
8080104796837897,,,,0,notfound,,,
8081794685917114,,,,0,notfound,,,
8081884279611271,,,,0,notfound,,,
8088161159072851,="0200024778",لیمو ترش باریج  75 میلی گرم 60 عدد سافت ژل باریج اسانس,LIMU TORSH BARIJ  75 MG 60 Soft Gelatin Capsule Barij Essence,1,ok,45000,2026-07-14T18:36:00+03:30,
8088973820209034,,,,0,notfound,,,
8089055458650024,,,,0,notfound,,,
8091478628442891,,,,0,notfound,,,
8093185731513418,,,,0,notfound,,,
8098609016867189,,,,0,notfound,,,
8100425074619314,,,,0,notfound,,,
8101714519066195,,,,0,notfound,,,
8106380540626694,="0201005798",دوئوپکت فورت  120 میلی لیتر شربت کوشان فارمد,DUOPECT FORTE  120 ML Syrup Koushan Pharmed,1,ok,2300000,2026-08-17T11:10:27+03:30,
8108095722536612,,,,0,notfound,,,
8109873184893468,,,,0,notfound,,,
8110967289489769,,,,0,notfound,,,
8113258369384328,,,,0,notfound,,,
8114452654208642,,,,0,notfound,,,
8114775957219831,,,,0,notfound,,,
8114992857849308,="0301005477",کرامپز اوی  30 عدد قرص اکسیر طب پرنیان,CRAMPS AWAY  30 Tablet Xir Teb Parnian,1,ok,398900,2025-07-19T12:16:46+03:30,
8115761499912978,,,,0,notfound,,,
8116319172604960,="0201007067",برومونکس  30 عدد کپسول سبز دارو,BROMONEX  30 Capsule Sabzdaru,1,ok,275000,2026-06-28T10:07:06+03:30,
8117336033092622,="0301006400",سورناندین  30 عدد کپسول گرین نیچر,SORENANDIN  30 Capsule Green Nature,1,ok,590000,2026-06-28T08:44:59+03:30,
8122823997774359,,,,0,notfound,,,
8127261549247297,,,,0,notfound,,,
8127900695680175,,,,0,notfound,,,
8129206443499445,,,,0,notfound,,,
8130918155105416,,,,0,notfound,,,
8131170645395462,,,,0,notfound,,,
8132422959515301,,,,0,notfound,,,
8133431977389465,,,,0,notfound,,,
8135515581307274,,,,0,notfound,,,
8135989559630596,="0200005550",رها  30 عدد کپسول گل دارو,RAHA  30 Capsule Gol Darou,1,ok,100000,2026-04-30T11:55:28+03:30,
8138325628208286,,,,0,notfound,,,
8139273560717707,,,,0,notfound,,,
8139319164781033,,,,0,notfound,,,
8140756697233708,,,,0,notfound,,,
8141502033842696,,,,0,notfound,,,
8141517046631476,,,,0,notfound,,,
8143812833644794,,,,0,notfound,,,
8144154958221260,="0301007004",اکتیوا ولبینگ الیمینیشن  30 عدد کپسول آهسته رهش رستا ایمن دارو,ACTIVA WELL BEING ELIMINATION  30 Sustained Release Capsule Rasta Imen Daroo,1,ok,128333,2024-08-21T09:55:44+03:30,
8144421520163512,,,,0,notfound,,,
8144804493534486,,,,0,notfound,,,
8145617749525705,="0301007366",لسترول  50 عدد سافت ژل ویتامور,LESSTEROL  50 Soft Gelatin Capsule Vitamore,1,ok,144000,2026-06-09T12:45:57+03:30,
8146158920919239,="0300018062",ماموگل  28 گرم کرم موضعی گل دارو,MAMOGOL  28 GR Topical Cream Gol Darou,1,ok,850000,2023-12-30T11:13:55+03:30,
8147433715659633,="0200014094",وازوگل  30 عدد قرص روکشدار گل دارو,VASOGOL  30 F.C. Tablet Gol Darou,1,ok,29333,2023-12-30T11:28:20+03:30,
8148000514524777,,,,0,notfound,,,
8148319672091402,="0200003040",گاسترولان  30 میلی لیتر قطره خوراکى گل دارو,GASTEROLAN  30 ML Oral Drop Gol Darou,1,ok,1000000,2025-03-25T23:27:52+03:30,
8148508121293407,,,,0,notfound,,,
8149117629957528,,,,0,notfound,,,
8152251697081049,="0201007068",آرتوفناک  60 عدد کپسول سبز دارو,ARTHOFENAC  60 Capsule Sabzdaru,1,ok,31666,2024-08-29T10:29:47+03:30,
8152667271766820,="0201008578",منتومکس  30 گرم ژل موضعی هرباویوا,MENTOMAX  30 GR Topical Gel HerbaViva,1,ok,1850000,2026-06-15T23:33:41+03:30,
8159796779819949,="0200010352",هانی تیم  120 میلی لیتر شربت یاس دارو,HONYTHYME  120 ML Syrup Yas Daru,1,ok,509000,2024-05-21T10:18:44+03:30,
8159803184817980,,,,0,notfound,,,
8161869699745597,,,,0,notfound,,,
8164560924961761,,,,0,notfound,,,
8164899790284483,,,,0,notfound,,,
8166103732595548,,,,0,notfound,,,
8166321061909499,,,,0,notfound,,,
8166668542379358,,,,0,notfound,,,
8168014077614081,,,,0,notfound,,,
8171657418340227,,,,0,notfound,,,
8171964378717237,,,,0,notfound,,,
8172439767896622,="0201005653",لیبیمکس  15 میلی گرم 30 عدد کپسول باریج اسانس,LIBIMAX  15 MG 30 Capsule Barij Essence,1,ok,30000,2024-02-29T11:03:01+03:30,
8173613668045192,,,,0,notfound,,,
8175386166782898,="0301007023",ردوکس ردوفلو کیدز  120 میلی لیتر شربت رضا دارو,REDOX REDOFLU KIDS  120 ML Syrup Reza Darou,1,ok,1200000,2025-02-22T09:04:38+03:30,
8176247481177651,,,,0,notfound,,,
8179625362519110,="0200014393",نوروژیک منتوله  50 میلی لیتر محلول برای اسپری گل دارو,MENTHOLATED NEUROGIC  50 ML Spray Solution Gol Darou,1,ok,7000000,2026-05-21T11:14:44+03:30,
8183371765588637,,,,0,notfound,,,
8183483052677205,="0200022281",تیمکس پلاس  140 میلی لیتر شربت ایران داروک,THYMEX PLUS  140 ML Syrup Iran Darouk,1,ok,3000000,2026-06-13T22:46:53+03:30,
8183548350274317,="0201006085",سینامودین پلاس  60 عدد قرص دینه,CINNAMODIN PLUS  60 Tablet Dineh,1,ok,43000,2026-06-01T09:16:00+03:30,
8183770778243094,,,,0,notfound,,,
8184065660323976,,,,0,notfound,,,
8186311564555206,,,,0,notfound,,,
8191408534812656,,,,0,notfound,,,
8192853244980608,,,,0,notfound,,,
8192918953592504,,,,0,notfound,,,
8193698136876992,="0200018759",لیو.52 دی اس  90 عدد قرص هیمالیا,LIV.52 DS  90 Tablet Himalaya,1,ok,120000,2026-06-13T23:02:13+03:30,
8193901230393965,,,,0,notfound,,,
8193927037916879,,,,0,notfound,,,
8194379143347424,="0301008613",بب وینک دیفنس  150 میلی لیتر شربت عبیدی,BEBEWINK DEFENSE  150 ML Syrup Abidi,1,ok,3400000,2026-06-29T08:22:32+03:30,
8196809117382136,,,,0,notfound,,,
8200239317284907,="0200019282",پروسکور  30 عدد کپسول گل دارو,PROSCUR  30 Capsule Gol Darou,1,ok,180000,2026-06-15T23:26:27+03:30,
8200317643173024,,,,0,notfound,,,
8200619451352459,,,,0,notfound,,,
8201566825805871,,,,0,notfound,,,
8202011975101556,,,,0,notfound,,,
8204203053390072,,,,0,notfound,,,
8205624245845611,="0201006349",پروستاسیف دانه کدو  30 عدد کپسول گیاه اسانس,PROSTASAFE  30 Capsule Giah Essence,1,ok,105000,2026-06-17T09:44:13+03:30,
8205649996624074,,,,0,notfound,,,
8205788960043746,,,,0,notfound,,,
8206454562892364,="0200022747",لاکتوفم  500 میلی گرم 30 عدد کپسول زیست تخمیر,LACTOFEM  500 MG 30 Capsule Zist Takhmir,1,ok,300000,2026-05-23T08:39:43+03:30,
8206643473932495,,,,0,notfound,,,
8208286361403233,,,,0,notfound,,,
8208326886896105,,,,0,notfound,,,
8208639245600325,,,,0,notfound,,,
8210418633730027,="0201006063",دیمونکلد  20 میلی لیتر اسپرى بینى دیموند,DAYMONCOLD  20 ML Nasal Spray Daymond,1,ok,2290000,2026-09-20T08:51:46+03:30,
8211865354292977,,,,0,notfound,,,
8212412514975991,,,,0,notfound,,,
8212590735029638,,,,0,notfound,,,
8213728953163110,,,,0,notfound,,,
8215588518449929,,,,0,notfound,,,
8216254511908561,,,,0,notfound,,,
8216648975829509,,,,0,notfound,,,
8216812043532273,,,,0,notfound,,,
8216817097259457,="0200023699",فمودین  50 عدد قرص روکشدار دینه,FEMODIN  50 F.C. Tablet Dineh,1,ok,8500,2025-01-11T11:25:44+03:30,
8217071411951248,,,,0,notfound,,,
8217373251084880,,,,0,notfound,,,
8218582824211724,,,,0,notfound,,,
8219238594155271,,,,0,notfound,,,
8219699030165603,,,,0,notfound,,,
8220974681074897,,,,0,notfound,,,
8223842437994488,="0200014522",بخور اکالیپتوس  60 میلی لیتر محلول استنشاقی دینه,EUCALYPTUS INHALER  60 ML Solution Inhalation Dineh,1,ok,515000,2025-12-03T12:08:02+03:30,
8225058376388844,,,,0,notfound,,,
8226275938101799,,,,0,notfound,,,
8227452915295536,,,,0,notfound,,,
8229119757232363,,,,0,notfound,,,
8231452387478542,,,,0,notfound,,,
8232168560793700,,,,0,notfound,,,
8240573271691068,,,,0,notfound,,,
8241801880275414,,,,0,notfound,,,
8242296799258172,="0301007264",وستولوکس  30 عدد قرص تچرا فارمد,VESTOLUX  30 Tablet Techra Pharmed,1,ok,164000,2025-04-17T11:26:11+03:30,
8244005179780606,="0200018759",لیو.52 دی اس  90 عدد قرص هیمالیا,LIV.52 DS  90 Tablet Himalaya,1,ok,120000,2026-06-13T23:02:13+03:30,
8245946974418398,,,,0,notfound,,,
8246515046740465,,,,0,notfound,,,
8246559548475946,,,,0,notfound,,,
8247894478073121,,,,0,notfound,,,
8248560644946470,,,,0,notfound,,,
8250116664416149,,,,0,notfound,,,
8251155816282480,="0301007353",ویتالیژن  30 عدد کپسول ویتامدیک,VITALIGEN  30 Capsule Vitamediq,1,ok,40000,2025-08-28T10:34:59+03:30,
8254301129924067,,,,0,notfound,,,
8257113887267746,,,,0,notfound,,,
8259829319356398,,,,0,notfound,,,
8260158625176055,,,,0,notfound,,,
8260677035428300,="0200021796",بی بی اسلیپ  120 میلی لیتر سوسپانسیون خوراکی آرشام دارو آريا,BABY SLEEP  120 ML Oral Suspension Arsham Darou Aria,1,ok,350000,2024-05-07T10:41:04+03:30,
8261029112928353,="0200025304",جنرال تونیک  شکلاتی 20 عدد ساشه دینه,GENERAL TONIC  COCOA 20 Sache Dineh,1,ok,200000,2026-06-09T12:49:20+03:30,
8262793573597732,="0201005709",لروکس این  120 میلی لیتر شربت بنیان کسری سرشت سلامت,LEROUX IN  120 ML Syrup Bonyan Kasra Seresht Salamat,1,ok,630000,2024-03-06T10:03:54+03:30,
8264787298117809,,,,0,notfound,,,
8265646817714535,,,,0,notfound,,,
8265724183784120,,,,0,notfound,,,
8266730473079649,,,,0,notfound,,,
8266732989381815,,,,0,notfound,,,
8268994650929494,,,,0,notfound,,,
8270602431830957,,,,0,notfound,,,
8271716691957689,="0201006051",کالمکس  100 میلی لیتر شربت دی دارو,CALMEX  100 ML Syrup Day Darou,1,ok,650000,2024-06-02T10:01:17+03:30,
8271763975188376,,,,0,notfound,,,
8274259372339904,,,,0,notfound,,,
8279164884253070,,,,0,notfound,,,
8281889854342701,,,,0,notfound,,,
8284430028698951,,,,0,notfound,,,
8284806512623155,,,,0,notfound,,,
8286496119479046,,,,0,notfound,,,
8287338578383283,,,,0,notfound,,,
8287557388969290,,,,0,notfound,,,
8288364924657307,,,,0,notfound,,,
8288994919383782,,,,0,notfound,,,
8289746061146957,,,,0,notfound,,,
8291010889479130,="0200014257",هیرسوتان  30 گرم کرم موضعی گل دارو,HIRSUTAN  30 GR Topical Cream Gol Darou,1,ok,260000,2023-12-30T11:27:31+03:30,
8291491694073231,,,,0,notfound,,,
8293010235460073,,,,0,notfound,,,
8294827260923648,,,,0,notfound,,,
8295179725355388,="0200013618",کامیلوگل  250 میلی لیتر محلول موضعی گل دارو,KAMILLOGOL  250 ML Topical Solution Gol Darou,1,ok,3500000,2026-07-20T14:45:45+03:30,
8295620779577744,,,,0,notfound,,,
8295858242938741,,,,0,notfound,,,
8296180167817164,="0201005648",استئوفیکس  30 گرم کرم موضعی باریج اسانس,OSTEOFIX  30 GR Topical Cream Barij Essence,1,ok,1350000,2026-08-23T13:16:05+03:30,
8297152568962541,="0200016668",دروزیل  120 میلی لیتر شربت گیاه اسانس,DROSIL  120 ML Syrup Giah Essence,1,ok,1900000,2026-05-13T15:24:12+03:30,
8297921963357682,,,,0,notfound,,,
8298638415020627,,,,0,notfound,,,
8300999634451559,,,,0,notfound,,,
8301477064852582,,,,0,notfound,,,
8301625280251155,="0200024842",زیره باریج  25 میلی گرم 60 عدد سافت ژل باریج اسانس,ZIREH BARIJ  25 MG 60 Soft Gelatin Capsule Barij Essence,1,ok,20000,2025-10-20T11:30:46+03:30,
8302371394037836,,,,0,notfound,,,
8303663418418407,,,,0,notfound,,,
8305076195278055,,,,0,notfound,,,
8305427872722700,,,,0,notfound,,,
8305771496218843,,,,0,notfound,,,
8306550294512060,="0301005949",بایوکل کیدز جی اس تی  90 میلی لیتر شربت بایوکل,BIOCOL KIDS GST  90 ML Syrup Biocol,1,ok,1740000,2024-05-12T09:56:27+03:30,
8309515069656992,,,,0,notfound,,,
8310277835019131,,,,0,notfound,,,
8310677280492348,,,,0,notfound,,,
8311710887892306,="0301009266",اینترولاکت  10 عدد ویال خوراکی زیست تخمیر,ENTEROLACT  10 Oral Vial Zist Takhmir,1,ok,240000,2025-07-23T12:13:17+03:30,
8314617869786696,,,,0,notfound,,,
8318135594335636,,,,0,notfound,,,
8320523820539074,="0201007301",پروسترول  60 عدد سافت ژل وشا دارو پارس,PROSTROL  60 Soft Gelatin Capsule Vasha Darou Pars,1,ok,180000,2026-08-17T10:39:52+03:30,
8321083391109934,,,,0,notfound,,,
8321394083623938,,,,0,notfound,,,
8321875187990746,,,,0,notfound,,,
8322215711461769,,,,0,notfound,,,
8323239390012780,,,,0,notfound,,,
8324674649964530,,,,0,notfound,,,
8327364791554944,,,,0,notfound,,,
8328843167193654,,,,0,notfound,,,
8333458860078674,,,,0,notfound,,,
8334530267321292,,,,0,notfound,,,
8335549748027847,="0301009241",بایو کلسی دی  30 عدد کپسول تک ژن,BioCALCI D  30 Capsule Takgene,1,ok,180000,2026-05-31T11:55:26+03:30,
8335821559184434,="0201006541",بیلی - استاپ  15 میلی لیتر قطره خوراکى جهان فارمد,BILI - STOP  15 ML Oral Drop Jahan Pharmed,1,ok,4500000,2026-07-25T10:59:40+03:30,
8335972914781503,="0201005539",اهورا آیورامی  120 میلی لیتر شربت اهورا دارو,AHURA AIVORAMY  120 ML Syrup Ahoura Darou,1,ok,2327000,2026-09-03T10:28:00+03:30,
8336378960296783,,,,0,notfound,,,
8337885181078882,,,,0,notfound,,,
8338666751410610,,,,0,notfound,,,
8338970491300151,,,,0,notfound,,,
8341036843885657,,,,0,notfound,,,
8341664754720438,,,,0,notfound,,,
8343463866777142,,,,0,notfound,,,
8347335154840547,="0200023561",پلارژین کیدز  120 میلی لیتر شربت پارس گیتا دارو,PELARGIN KIDS  120 ML Syrup Pars Gita Darou,1,ok,4100000,2026-07-25T09:22:24+03:30,
8347398415195147,,,,0,notfound,,,
8348804137682593,,,,0,notfound,,,
8351323418830812,,,,0,notfound,,,
8352596880011588,="0200010343",هموروهرب  30 گرم پماد مقعدی گل دارو,HEMORRHO HERB  30 GR Rectal Ointment Gol Darou,1,ok,3300000,2026-07-11T14:13:25+03:30,
8353341056876432,,,,0,notfound,,,
8355075963598650,,,,0,notfound,,,
8358543710588999,="0201006134",کرن بایوکام  30 عدد کپسول سلامت گستر آرتیمان,CRAN BIOKAM  30 Capsule Salamat Gostar Artiman,1,ok,76666,2025-07-13T09:51:42+03:30,
8358759819974367,,,,0,notfound,,,
8359981695058617,,,,0,notfound,,,
8360042705464993,,,,0,notfound,,,
8360542221956448,,,,0,notfound,,,
8360816430615965,,,,0,notfound,,,
8361147294425040,="0200000174",دینه برن  250 گرم پودر دینه,DINEH BRAN  250 GR Powder Dineh,1,ok,1200000,2026-06-01T09:09:38+03:30,
8366144094893733,,,,0,notfound,,,
8366256995307682,,,,0,notfound,,,
8366297048846917,="0200000043",آلتادین  30 عدد قرص مکیدنی دینه,ALTHADIN  30 Lozenge Tablet Dineh,1,ok,70000,2026-06-20T12:49:54+03:30,
8370035494850858,="0200008497",گریپ میکسچر  145 میلی لیتر محلول خوراکی نرس هارویز,GRIPE MIXTURE  145 ML Oral Solution Nurse Harvyes,1,ok,2000000,2026-04-22T10:15:03+03:30,
8370844095905090,,,,0,notfound,,,
8371454848436280,,,,0,notfound,,,
8375266842217973,,,,0,notfound,,,
8376674155032953,="0200024427",پایلکس  60 عدد قرص هیمالیا,PILEX  60 Tablet Himalaya,1,ok,26000,2024-10-17T10:22:25+03:30,
8380232024433869,,,,0,notfound,,,
8380820786812066,,,,0,notfound,,,
8381608915800895,="0200024162",رزماری زد بی  120 میلی لیتر اسپری موضعی زردبند,ROSEMARY ZB  120 ML Topical Spray Zard Band,1,ok,4000000,2026-08-24T11:07:40+03:30,
8382033115405362,,,,0,notfound,,,
8382750083213346,,,,0,notfound,,,
8383092344319843,,,,0,notfound,,,
8387292833114193,,,,0,notfound,,,
8388422055838463,,,,0,notfound,,,
8391071450294557,,,,0,notfound,,,
8392072508547537,,,,0,notfound,,,
8393467516483304,,,,0,notfound,,,
8394014489808713,,,,0,notfound,,,
8394873281224512,="0301006001",جینسینگ  100 میلی گرم 30 عدد سافت ژل دانا,GINSENG  100 MG 30 Soft Gelatin Capsule Daana,1,ok,18333,2024-11-02T10:21:49+03:30,
8395087214589882,,,,0,notfound,,,
8397289719761686,="0200008497",گریپ میکسچر  145 میلی لیتر محلول خوراکی نرس هارویز,GRIPE MIXTURE  145 ML Oral Solution Nurse Harvyes,1,ok,2000000,2026-04-22T10:15:03+03:30,
8397429658007087,,,,0,notfound,,,
8402308898687397,,,,0,notfound,,,
8402828687564458,,,,0,notfound,,,
8404838227037812,,,,0,notfound,,,
8406452034423962,="0201005673",کلستروسام  400 میلی گرم 60 عدد کپسول برسام فارمد,COLOSTROSAM  400 MG 60 Capsule Barsam Pharmed,1,ok,120000,2025-11-01T10:58:08+03:30,
8409541851707234,,,,0,notfound,,,
8412822616089834,,,,0,notfound,,,
8413456565449354,,,,0,notfound,,,
8414936858209376,,,,0,notfound,,,
8415587017794480,,,,0,notfound,,,
8416730165967133,,,,0,notfound,,,
8417259867917335,,,,0,notfound,,,
8418041815130376,,,,0,notfound,,,
8419989312678025,,,,0,notfound,,,
8424036371934754,="0201006081",جینگو بی.زد  30 عدد قرص دینه,GINGO B.Z  30 Tablet Dineh,1,ok,31500,2025-11-05T12:06:38+03:30,
8424808131463724,="0201007510",لاکسا هلث  30 عدد کپسول زرین دارو,LAXA HEALTH  30 Capsule Zarin Darou,1,ok,78500,2026-07-01T14:42:04+03:30,
8426288920838268,,,,0,notfound,,,
8427252929163570,,,,0,notfound,,,
8427782314313429,,,,0,notfound,,,
8428563972735661,,,,0,notfound,,,
8430126480212688,="0201009355",گرین سول  30 عدد کپسول مهر و ماه,GRINSOL  30 Capsule Seal & Moon,1,ok,220000,2026-05-31T09:08:09+03:30,
8430838957185467,="0200024353",رد جنسینگ  10 میلی لیتر 10 عدد ویال خوراکی چو آ فارم,RED GINSENG  10 ML 10 Oral Vial ChoA Pharm,1,ok,1100000,2026-08-11T09:16:21+03:30,
8431973598783531,,,,0,notfound,,,
8434418053493447,,,,0,notfound,,,
8435762946065028,="0201007187",آرتیشو - سینا  60 عدد کپسول سینا فرآور,ARTICHOKE - SINA  60 Capsule Sina Faravar,1,ok,39833,2026-05-16T09:00:34+03:30,
8436080561571887,,,,0,notfound,,,
8436234724210457,,,,0,notfound,,,
8438260770604508,,,,0,notfound,,,
8439034835211272,,,,0,notfound,,,
8439485384251631,,,,0,notfound,,,
8440940042001549,,,,0,notfound,,,
8441254251399290,,,,0,notfound,,,
8441631288799212,="0200022281",تیمکس پلاس  140 میلی لیتر شربت ایران داروک,THYMEX PLUS  140 ML Syrup Iran Darouk,1,ok,3000000,2026-06-13T22:46:53+03:30,
8442165235518440,,,,0,notfound,,,
8443256212776824,,,,0,notfound,,,
8443371776277992,,,,0,notfound,,,
8446283518798168,="0200023916",پین لیز  30 عدد قرص روکشدار گلدن لایف,PAINLYS  30 F.C. Tablet Golden Life,1,ok,257200,2026-05-26T10:50:45+03:30,
8448741355341218,,,,0,notfound,,,
8449008469346358,,,,0,notfound,,,
8449525487335904,,,,0,notfound,,,
8449982492639627,,,,0,notfound,,,
8453109320699524,="0200018759",لیو.52 دی اس  90 عدد قرص هیمالیا,LIV.52 DS  90 Tablet Himalaya,1,ok,120000,2026-06-13T23:02:13+03:30,
8456711823039182,,,,0,notfound,,,
8457871463960589,,,,0,notfound,,,
8463565719788004,,,,0,notfound,,,
8465253131626240,,,,0,notfound,,,
8466470824096417,="0200023495",لاکتوواژ  14 عدد کپسول واژینال زیست تخمیر,LACTOVAG  14 Vaginal Capsule Zist Takhmir,1,ok,160000,2026-05-23T08:43:58+03:30,
8468727934559835,,,,0,notfound,,,
8469851242857812,,,,0,notfound,,,
8471229636353715,,,,0,notfound,,,
8474096543596828,,,,0,notfound,,,
8474246073448088,,,,0,notfound,,,
8475125685575449,="0201009352",اینفلاکر  30 عدد کپسول مهر و ماه,INFLACUR  30 Capsule Seal & Moon,1,ok,350000,2026-05-31T09:04:06+03:30,
8477606915117492,,,,0,notfound,,,
8477807472042039,,,,0,notfound,,,
8480113831574866,,,,0,notfound,,,
8480396598476049,,,,0,notfound,,,
8480979330899377,,,,0,notfound,,,
8481283045137407,,,,0,notfound,,,
8481674081821342,="0200013618",کامیلوگل  250 میلی لیتر محلول موضعی گل دارو,KAMILLOGOL  250 ML Topical Solution Gol Darou,1,ok,3500000,2026-07-20T14:45:45+03:30,
8481906670005703,="0200010369",پروسپان  100 میلی لیتر شربت بهستان بهداشت,PROSPAN  100 ML Syrup Behestan Behdasht,1,ok,4500000,2026-08-02T09:08:10+03:30,
8482777874164663,,,,0,notfound,,,
8482822178658095,,,,0,notfound,,,
8486661595798163,="0201009304",پناوار  200 میلی لیتر سوسپانسیون خوراکی مانا فارمد سلامت,PENAWAR  200 ML Oral Suspension Mana Pharmed Salamat,1,ok,1600000,2025-08-10T11:04:39+03:30,
8486916851459046,,,,0,notfound,,,
8488403417863306,,,,0,notfound,,,
8489753773006113,,,,0,notfound,,,
8489826389807097,,,,0,notfound,,,
8491410942717395,,,,0,notfound,,,
8494552666333376,,,,0,notfound,,,
8498580284113644,,,,0,notfound,,,
8505010539772743,="0301009072",بتاگلوفیت  وانیلی 20 عدد ساشه آرین سلامت سینا,BETAGLUFIT  VANILLA 20 Sache Arian Salamat Sina,1,ok,53450,2025-05-07T12:08:45+03:30,
8505381243679220,,,,0,notfound,,,
8505904447857368,,,,0,notfound,,,
8506069026186481,,,,0,notfound,,,
8506093159112155,,,,0,notfound,,,
8506604512386458,="0301006604",رنانکس  60 عدد سافت ژل کارنیک دارو,RENANEX  60 Soft Gelatin Capsule Karnic Darou,1,ok,250000,2026-07-16T15:53:19+03:30,
8507822962431890,,,,0,notfound,,,
8508202411778782,,,,0,notfound,,,
8509650848500497,,,,0,notfound,,,
8511158656137536,,,,0,notfound,,,
8512563356388988,="0201009225",لاکتاز فورتی ژن  50 عدد کپسول بهستان فارمد,LACTASE FORTIGENE  50 Capsule Behestan Pharmed,1,ok,40000,2025-07-14T09:34:23+03:30,
8515152080437677,,,,0,notfound,,,
8519025852125100,="0201006538",فيكولاكس  7 عدد ساشه ایران داروک,FICOLAX  7 Sache Iran Darouk,1,ok,84285,2024-07-11T11:32:27+03:30,
8520457544564040,,,,0,notfound,,,
8524043354201319,,,,0,notfound,,,
8529486136177261,,,,0,notfound,,,
8530749762395172,,,,0,notfound,,,
8532276920233062,="0301005948",بایوکل کیدز ان او سی  150 میلی لیتر شربت بایوکل,BIOCOL KIDS NOC  150 ML Syrup Biocol,1,ok,1800000,2024-05-12T09:53:28+03:30,
8533850833402418,,,,0,notfound,,,
8534277613284185,,,,0,notfound,,,
8537253411938016,,,,0,notfound,,,
8537383458822831,,,,0,notfound,,,
8538170667446736,,,,0,notfound,,,
8540415664229514,="0200002274",رزماری   30 گرم پماد گل دارو,ROSEMARY  30 GR Ointment Gol Darou,1,ok,2500000,2026-04-30T12:21:26+03:30,
8540909892553807,,,,0,notfound,,,
8542912313757947,,,,0,notfound,,,
8544377024480764,="0301006354",هلیوگلوکال  30 عدد کپسول گلوکال,HELIOGLOCAL  30 Capsule Glocal,1,ok,290000,2026-02-14T11:05:33+03:30,
8545559126378964,="0201009234",دکتر ییست مخمر پروبیوتیک  20 عدد ساشه پارسی لاکت,DR.YEAST ACTI PROBIOTIC  20 Sache Parsi Lact,1,ok,170000,2026-07-16T15:48:22+03:30,
8548038096452041,,,,0,notfound,,,
8548623176717746,,,,0,notfound,,,
8548909654435776,,,,0,notfound,,,
8553523041225390,,,,0,notfound,,,
8554104737173044,,,,0,notfound,,,
8554358584339287,="0200022576",سیناکورکومین  40 میلی گرم 50 عدد کپسول اکسیر نانو سینا,SINACURCUMIN  40 MG 50 Capsule Exir Nano Sina,1,ok,80000,2026-06-27T12:05:29+03:30,
8556459256229800,,,,0,notfound,,,
8556684770420669,,,,0,notfound,,,
8557465616671396,,,,0,notfound,,,
8559201432304013,="0200021329",دایجستیو اید   30 عدد قرص روکشدار گلدن لایف,DIGESTIVE AID  30 F.C. Tablet Golden Life,1,ok,400000,2026-06-15T22:26:59+03:30,
8561750644410995,,,,0,notfound,,,
8563045743904583,,,,0,notfound,,,
8565889991922777,,,,0,notfound,,,
8566313776427201,,,,0,notfound,,,
8567924941320106,,,,0,notfound,,,
8570901038145825,="0200024508",لاکتودین  10 گرم 20 عدد ساشه دینه,LACTODIN  10 GR 20 Sache Dineh,1,ok,27000,2024-10-17T10:23:36+03:30,
8570989849432811,,,,0,notfound,,,
8571776061904986,="0200014093",نوراگل فورت  30 عدد قرص روکشدار گل دارو,NEUROGOL FORT  30 F.C. Tablet Gol Darou,1,ok,160000,2026-06-15T23:22:43+03:30,
8574765627628692,,,,0,notfound,,,
8578764764786800,,,,0,notfound,,,
8580602564245359,="0200005547",ب. ب .کلد  28 گرم پماد موضعی گل دارو,BE. BE. COLD  28 GR Topical Ointment Gol Darou,1,ok,1750000,2026-05-21T11:11:11+03:30,
8580994684468582,,,,0,notfound,,,
8581560805089093,,,,0,notfound,,,
8583184392580882,="0201005659",اشتهاآور بزرگسالان باریج  120 میلی لیتر شربت باریج اسانس,BARIJ APPETIZER  120 ML Syrup Barij Essence,1,ok,2600000,2026-08-23T13:03:24+03:30,
8583412448040441,,,,0,notfound,,,
8583694586936967,="0301007157",سیمودنت  10 گرم ژل دندانی سیمرغ داروی عطار,SIMODENT  10 GR Dental Gel Simorgh Darou Attar,1,ok,919000,2026-01-18T12:14:03+03:30,
8586142368499343,="0300010368",آنتی ای جینگ ایونینگ پریم رز اویل  1000 میلی گرم 30 عدد سافت ژل آدونیس کیش,ANTIAGING EVENING PRIMROSE OIL  1000 MG 30 Soft Gelatin Capsule Adonis Kish,1,ok,170000,2026-05-23T12:00:48+03:30,
8586880653520532,,,,0,notfound,,,
8591462932203633,,,,0,notfound,,,
8593454823593789,,,,0,notfound,,,
8594885649817684,,,,0,notfound,,,
8594998993411449,,,,0,notfound,,,
8599615722565738,,,,0,notfound,,,
8601214440633535,="0200001940",پرفوران  30 عدد قرص گل دارو,PERFORAN  30 Tablet Gol Darou,1,ok,80000,2026-06-15T23:03:24+03:30,
8605735581700665,,,,0,notfound,,,
8607121702661042,="0200001320",کارمینت  30 میلی لیتر قطره خوراکى پورسینا,CARMINT  30 ML Oral Drop Pursina,1,ok,880000,2026-06-16T09:12:27+03:30,
8609366239482265,,,,0,notfound,,,
8609625975688213,,,,0,notfound,,,
8609636158618404,,,,0,notfound,,,
8609687953017504,="0301006716",کلستروم استیک  14 عدد ساشه ام سی ای فارما,COLOSTRUM STICK  14 Sache MCE PHARMA,1,ok,385000,2025-10-06T12:20:51+03:30,
8612169588740648,,,,0,notfound,,,
8612784121822662,,,,0,notfound,,,
8616094746253558,,,,0,notfound,,,
8616631624757933,,,,0,notfound,,,
8617058157746289,,,,0,notfound,,,
8617880855661925,,,,0,notfound,,,
8619567543506484,="0301008711",فارویتام نوآرتریت  30 عدد قرص فاخر,FARVITAM NOARTHRIT  30 Tablet Fakher,1,ok,110000,2026-05-10T16:08:18+03:30,
8619619101785578,="0300016967",فنلین باریج  30 میلی گرم 30 عدد سافت ژل باریج اسانس,FENNELIN BARIJ  30 MG 30 Soft Gelatin Capsule Barij Essence,1,ok,45000,2026-05-07T15:35:50+03:30,
8619685193352686,,,,0,notfound,,,
8620147876416530,,,,0,notfound,,,
8623316761356262,,,,0,notfound,,,
8624141131736633,,,,0,notfound,,,
8625615491426966,="0200014376",برناگل  30 گرم پماد موضعی گل دارو,BURNAGOL  30 GR Topical Ointment Gol Darou,1,ok,331000,2021-05-11T10:50:50+03:30,
8628854151882466,,,,0,notfound,,,
8629274556162907,,,,0,notfound,,,
8630033263028335,,,,0,notfound,,,
8630349798622067,,,,0,notfound,,,
8630481160461893,="0200018663",تالنتال  480 میلی گرم 30 عدد قرص روکشدار رازک,TALENTAL  480 MG 30 F.C. Tablet Razak,1,ok,100000,2026-08-02T09:12:41+03:30,
8633301262977389,,,,0,notfound,,,
8633650726574616,="0200001447",کراتاگوس  30 میلی لیتر قطره خوراکى ایران داروک,CRATAEGUS  30 ML Oral Drop Iran Darouk,1,ok,740000,2025-02-20T09:30:57+03:30,
8634433241014653,="0201007153",سیمو کلد پلاس ویتامین سی  120 میلی لیتر شربت سیمرغ داروی عطار,SIMO COLD PLUS VITAMIN C  120 ML Syrup Simorgh Darou Attar,1,ok,2997000,2026-07-05T17:32:10+03:30,
8636170418877359,,,,0,notfound,,,
8643775981656523,="0300025470",کربو بلاک  500 میلی گرم 30 عدد کپسول سپید طب نیا,CARBO BLOCK  500 MG 30 Capsule Sepid Teb Nia,1,ok,80300,2024-03-18T11:28:36+03:30,
8643883263628246,,,,0,notfound,,,
8644132086745826,,,,0,notfound,,,
8645453690450905,,,,0,notfound,,,
8646227417216061,,,,0,notfound,,,
8647686374825054,,,,0,notfound,,,
8648042297778529,="0201007126",ریلکسیم  30 میلی لیتر قطره خوراکى سیمرغ داروی عطار,RELAXIM  30 ML Oral Drop Simorgh Darou Attar,1,ok,2420000,2024-09-09T11:21:27+03:30,
8648344739341617,="0201007063",زینگا لایف  60 عدد کپسول سلامت گستر آرتیمان,ZINGA LIFE  60 Capsule Salamat Gostar Artiman,1,ok,85000,2026-06-09T10:37:23+03:30,
8648786097592514,,,,0,notfound,,,
8649180719721052,,,,0,notfound,,,
8649191871294974,="0200003035",مدریک  30 عدد قرص گل دارو,MODERIC  30 Tablet Gol Darou,1,ok,32500,2024-12-24T11:23:36+03:30,
8650060962982720,,,,0,notfound,,,
8653915124239070,,,,0,notfound,,,
8654028647660055,,,,0,notfound,,,
8654108424806908,,,,0,notfound,,,
8654684113241347,,,,0,notfound,,,
8655048352839037,="0300016014",ايزومكس  30 عدد قرص مایر ارگانیکس,ISOMAX  30 Tablet Meyer Organics,1,ok,65400,2024-07-27T10:37:40+03:30,
8655897298157357,,,,0,notfound,,,
8655956399092748,,,,0,notfound,,,
8659270990904848,="0201006541",بیلی - استاپ  15 میلی لیتر قطره خوراکى جهان فارمد,BILI - STOP  15 ML Oral Drop Jahan Pharmed,1,ok,4500000,2026-07-25T10:59:40+03:30,
8662247377731279,,,,0,notfound,,,
8662354409258898,="0200003032",آگنوگل  100 عدد قرص گل دارو,AGNUGOL  100 Tablet Gol Darou,1,ok,30000,2026-04-30T11:34:27+03:30,
8666601524520799,="0200002244",جینکو تیدی  40 میلی گرم 100 عدد قرص روکش دار تولید دارو,GINKO T.D.  40 MG 100 Coated Tablet Tolid Darou,1,ok,64000,2026-08-23T11:53:56+03:30,
8667938671170020,="0200016668",دروزیل  120 میلی لیتر شربت گیاه اسانس,DROSIL  120 ML Syrup Giah Essence,1,ok,1900000,2026-05-13T15:24:12+03:30,
8671084820580049,="0200025431",پروستادین  50 عدد قرص دینه,PROSTADIN  50 Tablet Dineh,1,ok,90000,2026-03-12T12:04:15+03:30,
8671577892903335,,,,0,notfound,,,
8673141697416808,,,,0,notfound,,,
8674173594452025,,,,0,notfound,,,
8674213436599388,,,,0,notfound,,,
8674350117011253,,,,0,notfound,,,
8675081546681476,="0200024698",کامازول  30 میلی لیتر قطره خوراکى سینا فرآور,CHAMAZULE SINA  30 ML Oral Drop Sina Faravar,1,ok,1550000,2026-05-16T10:08:20+03:30,
8675911089449255,,,,0,notfound,,,
8676351811585182,,,,0,notfound,,,
8676389726467320,="0200014584",رولاکس  500 میلی گرم 30 عدد کپسول قائم دارو,RULAX  500 MG 30 Capsule Ghaem Darou,1,ok,47500,2026-05-10T16:22:50+03:30,
8676600092121815,="0301006389",پروتکت پویا  15 میلی لیتر قطره خوراکى گسترش میلاد فارمد,PROTECT POUYA  15 ML Oral Drop Gostaresh Milad Pharmed,1,ok,2130000,2026-07-06T09:48:12+03:30,
8677291556959177,,,,0,notfound,,,
8681589717667471,,,,0,notfound,,,
8684802091833435,,,,0,notfound,,,
8686145090954760,,,,0,notfound,,,
8686596748539251,="0201005730",مانگو اسلیم بی دی آ  60 عدد کپسول بهتا دارو,MANGO SLIM BDA  60 Capsule Behta Daru,1,ok,130000,2026-05-25T12:25:01+03:30,
8688028791521260,,,,0,notfound,,,
8688266537273107,,,,0,notfound,,,
8694466079573338,,,,0,notfound,,,
8696581832958623,,,,0,notfound,,,
8697207172883743,="0200018758",سیستون  60 عدد قرص هیمالیا,CYSTONE  60 Tablet Himalaya,1,ok,190000,2026-06-13T23:01:44+03:30,
8697814793902061,,,,0,notfound,,,
8698750364634680,,,,0,notfound,,,
8699401363272429,,,,0,notfound,,,
8701306520229786,,,,0,notfound,,,
8702462863894659,="0200020137",پلارژین  120 میلی لیتر شربت پارس گیتا دارو,PELARGIN  120 ML Syrup Pars Gita Darou,1,ok,4100000,2026-07-25T09:24:48+03:30,
8702596677295927,,,,0,notfound,,,
8703367789154044,,,,0,notfound,,,
8708955344289103,,,,0,notfound,,,
8709118131197031,,,,0,notfound,,,
8711269881606741,,,,0,notfound,,,
8712227780944698,,,,0,notfound,,,
8716909771390903,,,,0,notfound,,,
8719812085264384,,,,0,notfound,,,
8720849038003005,,,,0,notfound,,,
8721590013171846,,,,0,notfound,,,
8724490328272084,,,,0,notfound,,,
8725581810794258,,,,0,notfound,,,
8725732030384612,,,,0,notfound,,,
8726593970774228,,,,0,notfound,,,
8728002334940013,,,,0,notfound,,,
8728253217510754,="0200012976",سینارول  50 عدد قرص نیاک,CYNAROL  50 Tablet Niak,1,ok,120000,2026-05-24T14:17:41+03:30,
8728862192972288,,,,0,notfound,,,
8730564114014332,,,,0,notfound,,,
8733023756314559,="0301008993",پام پروست روغن دانه کدو  60 عدد سافت ژل تهران دارو,PUM PROST PUMPKIN SEED OIL  60 Soft Gelatin Capsule Tehran Darou,1,ok,42000,2026-04-20T11:56:51+03:30,
8737533544543073,,,,0,notfound,,,
8742112968042735,,,,0,notfound,,,
8742864797024996,,,,0,notfound,,,
8744228711202528,,,,0,notfound,,,
8744654791502117,,,,0,notfound,,,
8744770753311477,,,,0,notfound,,,
8747586927444270,,,,0,notfound,,,
8750607784358710,,,,0,notfound,,,
8751090375941923,,,,0,notfound,,,
8753033632484535,,,,0,notfound,,,
8753142373828068,,,,0,notfound,,,
8755834748242300,,,,0,notfound,,,
8757024628062197,="0200001343",پروستاتان  30 میلی لیتر قطره خوراکى گل دارو,PROSTATAN  30 ML Oral Drop Gol Darou,1,ok,2600000,2026-04-30T12:13:14+03:30,
8757599899380132,,,,0,notfound,,,
8757778488989196,,,,0,notfound,,,
8758065010940964,,,,0,notfound,,,
8759122850237812,,,,0,notfound,,,
8759628084071891,,,,0,notfound,,,
8761615454931081,,,,0,notfound,,,
8762998025252185,,,,0,notfound,,,
8764647266667329,,,,0,notfound,,,
8765527232185292,,,,0,notfound,,,
8767125667747080,,,,0,notfound,,,
8767889638471578,,,,0,notfound,,,
8774816432015057,="0201006533",فیتوکاف  140 میلی لیتر شربت ایران داروک,PHYTOCOUGH  140 ML Syrup Iran Darouk,1,ok,1100000,2025-03-01T09:54:59+03:30,
8776035523890699,,,,0,notfound,,,
8777724740780239,="0201005640",لاکساپلاس  120 میلی لیتر شربت باریج اسانس,LAXAPLUS  120 ML Syrup Barij Essence,1,ok,2040000,2026-07-16T15:45:08+03:30,
8777726520080642,,,,0,notfound,,,
8785454923150577,="0201009280",اکتاهربال اسلیپری الم  400 میلی گرم 60 عدد کپسول فاران شیمی,OCTA HERBAL SLIPPERY ELM  400 MG 60 Capsule Faran Shimi,1,ok,38000,2025-08-27T10:52:02+03:30,
8787982954065476,,,,0,notfound,,,
8788801794961323,,,,0,notfound,,,
8790321469371853,,,,0,notfound,,,
8798798962346450,,,,0,notfound,,,
8799632970844083,="0201005729",سیلدنا هرب  60 عدد کپسول بهتا دارو,SILDENA HERB  60 Capsule Behta Daru,1,ok,163333,2026-05-25T12:25:38+03:30,
8799662665091307,,,,0,notfound,,,
8799979130073347,,,,0,notfound,,,
8801500523902489,,,,0,notfound,,,
8801725923631263,,,,0,notfound,,,
8802305949123736,,,,0,notfound,,,
8802584560595628,,,,0,notfound,,,
8804073482321839,="0200003804",سالویگل  30 عدد قرص گل دارو,SALVIGOL  30 Tablet Gol Darou,1,ok,80000,2026-06-15T23:05:21+03:30,
8806682848215609,,,,0,notfound,,,
8806688664206490,,,,0,notfound,,,
8810267619098563,,,,0,notfound,,,
8811128329873420,,,,0,notfound,,,
8813249188821679,,,,0,notfound,,,
8814668932461092,,,,0,notfound,,,
8814706126666536,,,,0,notfound,,,
8814913665193176,,,,0,notfound,,,
8815500150095601,,,,0,notfound,,,
8815650916807221,,,,0,notfound,,,
8817802070510350,,,,0,notfound,,,
8819910013063215,,,,0,notfound,,,
8822719010856492,,,,0,notfound,,,
8822824620372388,,,,0,notfound,,,
8826126216776631,="0200008497",گریپ میکسچر  145 میلی لیتر محلول خوراکی نرس هارویز,GRIPE MIXTURE  145 ML Oral Solution Nurse Harvyes,1,ok,2000000,2026-04-22T10:15:03+03:30,
8828757647000634,="0201005541",اهورا رفرش  60 میلی لیتر قطره خوراکى اهورا دارو,AHURA REFRESH  60 ML Oral Drop Ahoura Darou,1,ok,896000,2026-03-07T10:47:02+03:30,
8829346147405632,,,,0,notfound,,,
8833309265338986,,,,0,notfound,,,
8835079070741626,="0201005708",کامی کام  120 میلی لیتر شربت بنیان کسری سرشت سلامت,CAMI CALM  120 ML Syrup Bonyan Kasra Seresht Salamat,1,ok,1250000,2026-05-12T10:23:20+03:30,
8836295255800758,,,,0,notfound,,,
8840325685952978,="0201005635",آلزاستاپ باریج  500 میلی گرم 60 عدد کپسول باریج اسانس,ALZSTOP BARIJ  500 MG 60 Capsule Barij Essence,1,ok,31733,2026-06-02T13:28:59+03:30,
8841834949977499,="0300023618",دایجسبس آرایکس  30 عدد کپسول سونا طب پارسه,DIGESBES RX  30 Capsule STP Pharma,1,ok,20400,2024-09-15T13:28:33+03:30,
8842425322980444,,,,0,notfound,,,
8842789347397323,,,,0,notfound,,,
8842896442631051,="0201008949",گل محمدی زد بی  15 میلی لیتر قطره خوراکى زردبند,ROSE HERBAL ZB  15 ML Oral Drop Zard Band,1,ok,3500000,2026-08-24T11:30:20+03:30,
8845951167259624,,,,0,notfound,,,
8845996597196605,,,,0,notfound,,,
8847128000779857,,,,0,notfound,,,
8847797124327094,,,,0,notfound,,,
8848119467796574,,,,0,notfound,,,
8848848908330146,="0201005728",لیبیدوفم  30 عدد کپسول بهتا دارو,LIBIDOFEM  30 Capsule Behta Daru,1,ok,160000,2026-05-25T11:49:00+03:30,
8849523479736132,,,,0,notfound,,,
8850846715488004,,,,0,notfound,,,
8850996611135443,,,,0,notfound,,,
8858474744845104,,,,0,notfound,,,
8859152763672901,="0201005792",ویگرس  60 عدد کپسول ادیب اکسیر,VIGOROUS  60 Capsule Adib Exir,1,ok,99500,2026-06-09T12:26:02+03:30,
8859184466673635,,,,0,notfound,,,
8861496931620078,,,,0,notfound,,,
8863108742032560,,,,0,notfound,,,
8863376624611962,,,,0,notfound,,,
8863588012689426,="0301006545",پیناهیل  30 عدد کپسول آمیتیس نیک دارو,PINAHEAL  30 Capsule Amitis Nik Darou,1,ok,160000,2026-06-15T22:42:04+03:30,
8864296728145644,,,,0,notfound,,,
8864700552408882,="0201006057",دایان ایمیون  150 میلی لیتر شربت دایان فارما,DAYAN IMMUNE  150 ML Syrup DAYAN PHARMA,1,ok,825000,2026-04-11T17:31:56+03:30,
8866165699795491,,,,0,notfound,,,
8867994923466405,="0201007074",اتنساف  60 عدد کپسول سمانیک,ATTENSAF  60 Capsule Samanik,1,ok,265000,2026-05-24T17:34:02+03:30,
8868094690235188,,,,0,notfound,,,
8869857164631619,,,,0,notfound,,,
8872306375098919,,,,0,notfound,,,
8873963010948702,,,,0,notfound,,,
8874943916574765,,,,0,notfound,,,
8875016461691839,="0301007261",بروزایم  30 عدد کپسول تچرا فارمد,BROZYME  30 Capsule Techra Pharmed,1,ok,150000,2026-06-28T09:27:38+03:30,
8876138590566968,="0200021348",کالیک  120 میلی لیتر شربت نو تک فار,CULIC  120 ML Syrup Know.Tech.Phar,1,ok,2400000,2026-07-11T17:01:12+03:30,
8877086820046069,,,,0,notfound,,,
8882706922687001,="0301007352",هپاشیلد  30 عدد کپسول ویتامدیک,HEPASHIELD  30 Capsule Vitamediq,1,ok,143000,2026-08-23T10:47:26+03:30,
8882982043437783,,,,0,notfound,,,
8883093159858362,="0200014522",بخور اکالیپتوس  60 میلی لیتر محلول استنشاقی دینه,EUCALYPTUS INHALER  60 ML Solution Inhalation Dineh,1,ok,515000,2025-12-03T12:08:02+03:30,
8884802115228765,,,,0,notfound,,,
8887658160759546,,,,0,notfound,,,
8887753540981502,,,,0,notfound,,,
8889972235948546,,,,0,notfound,,,
8892531780243944,,,,0,notfound,,,
8895070124520985,,,,0,notfound,,,
8900955186214247,="0201009061",موسیلیوم فورت  سیب 7 عدد ساشه ایران داروک,MUSYLIUM FORTE  APPLE 7 Sache Iran Darouk,1,ok,550000,2026-07-11T11:51:18+03:30,
8901207462020766,,,,0,notfound,,,
8903208369096066,,,,0,notfound,,,
8903460294699589,,,,0,notfound,,,
8907750422803707,,,,0,notfound,,,
8908245367941837,,,,0,notfound,,,
8910260259150961,,,,0,notfound,,,
8912012226092948,,,,0,notfound,,,
8912513472114803,,,,0,notfound,,,
8914632275334089,,,,0,notfound,,,
8915218884533447,="0200006210",هایپیران  30 عدد قرص پورسینا,HYPIRAN  30 Tablet Pursina,1,ok,10000,2019-05-15T19:36:51+03:30,
8919650432915007,="0300016325",كربو بلوكر  500 میلی گرم 30 عدد کپسول نچرال ورلد,CARBO BLOCKER  500 MG 30 Capsule Natural World,1,ok,286966,2025-08-25T10:17:11+03:30,
8920764138313918,,,,0,notfound,,,
8921809845779757,,,,0,notfound,,,
8923629733008911,,,,0,notfound,,,
8923824373117842,,,,0,notfound,,,
8924057911435334,="0200024341",کورکوما  50 عدد قرص دینه,CURCUMA  50 Tablet Dineh,1,ok,80000,2026-04-16T10:03:24+03:30,
8927597854299911,,,,0,notfound,,,
8928228578651245,="0300023531",بن مد  40 میلی گرم 32 عدد کپسول آکورکس,BONEMD  40 MG 32 Capsule Accurex,1,ok,41875,2021-06-15T11:00:52+03:30,
8929741525224929,,,,0,notfound,,,
8930289866055939,,,,0,notfound,,,
8930820353188634,,,,0,notfound,,,
8932163928998855,,,,0,notfound,,,
8932457839362876,="0200020458",افتر بایت باریج  15 گرم کرم موضعی باریج اسانس,AFTER BITE BARIJ  15 GR Topical Cream Barij Essence,1,ok,1450000,2026-05-07T15:45:34+03:30,
8934469483343478,,,,0,notfound,,,
8936223814804467,="0200013497",سی - لاکس  30 عدد قرص دینه,C - LAX  30 Tablet Dineh,1,ok,84000,2026-06-01T08:58:16+03:30,
8936903367681319,,,,0,notfound,,,
8941441526393095,="0201006051",کالمکس  100 میلی لیتر شربت دی دارو,CALMEX  100 ML Syrup Day Darou,1,ok,650000,2024-06-02T10:01:17+03:30,
8941539527093962,,,,0,notfound,,,
8941717011416045,="0300017295",سافرومود  60 عدد کپسول گیاهان سبز زندگی,SAFFROMOOD  60 Capsule Green Plants Of Life,1,ok,200000,2026-02-25T12:06:44+03:30,
8945163798693220,,,,0,notfound,,,
8946917614754228,="0200005398",سنالاکس  30 عدد قرص ایران داروک,SENALAX  30 Tablet Iran Darouk,1,ok,85000,2026-06-27T12:40:02+03:30,
8947545640537718,,,,0,notfound,,,
8948958747046760,,,,0,notfound,,,
8949879295287691,,,,0,notfound,,,
8950271657476401,="0200024449",پروستیکا  30 عدد قرص روکشدار گلدن لایف,PROSTICA  30 F.C. Tablet Golden Life,1,ok,270000,2026-06-16T12:51:03+03:30,
8950775450751229,,,,0,notfound,,,
8951928958045711,="0301006472",هربوهایپ  30 عدد سافت ژل ایران داروک,HERBOHYP  30 Soft Gelatin Capsule Iran Darouk,1,ok,15466,2024-06-30T11:57:40+03:30,
8951935962015572,,,,0,notfound,,,
8953162594580741,,,,0,notfound,,,
8953931164997392,,,,0,notfound,,,
8954325342353945,,,,0,notfound,,,
8955768361346917,,,,0,notfound,,,
8956420620845289,,,,0,notfound,,,
8958166791028744,="0301007513",بیبی یست  15 عدد ساشه زیست تخمیر,BABY YEAST  15 Sache Zist Takhmir,1,ok,320000,2026-05-23T08:56:29+03:30,
8958181735411005,="0200000202",کالاندولا   15 گرم پماد موضعی دینه,CALENDULA  15 GR Topical Ointment Dineh,1,ok,1600000,2026-06-01T09:13:45+03:30,
8958839932504002,="0200023917",اسلیپ کر  30 عدد قرص روکشدار گلدن لایف,SLEEP CARE  30 F.C. Tablet Golden Life,1,ok,49566,2026-08-11T09:11:42+03:30,
8959156840678725,,,,0,notfound,,,
8960336413535722,="0201009226",آرتابایوتیک بی بی  30 عدد ساشه بهیان طب آرتا,ARTABIOTIC BABY  30 Sache Behyan Teb Arta,1,ok,72000,2025-07-14T10:18:12+03:30,
8964314737203676,,,,0,notfound,,,
8967955697317460,,,,0,notfound,,,
8968856349827065,,,,0,notfound,,,
8969883541735055,,,,0,notfound,,,
8970400616608022,,,,0,notfound,,,
8970414416423460,="0301006398",بایوفایت  30 عدد قرص گرین نیچر,BIO-FIGHT  30 Tablet Green Nature,1,ok,482666,2026-06-28T09:04:17+03:30,
8971111226553799,="0201005660",سیکا فارما پلاس  10 عدد قرص بهداشت فارمد لوتوس,CYCA PHARMA PLUS  10 Tablet Behdasht Pharmed Lotus,1,ok,639300,2026-08-05T17:47:52+03:30,
8972300577946703,="0200009182",ویتاگنوس  30 عدد قرص روکشدار پورسینا,VITAGNUS  30 F.C. Tablet Pursina,1,ok,32000,2026-06-16T09:14:26+03:30,
8975464292723001,="0201003653",پونیکا  60 عدد کپسول ادیب اکسیر,PUNICA  60 Capsule Adib Exir,1,ok,82500,2026-05-02T10:09:37+03:30,
8975492927458276,,,,0,notfound,,,
8977542456361707,,,,0,notfound,,,
8979033813482266,,,,0,notfound,,,
8979538748054884,,,,0,notfound,,,
8982832958668606,,,,0,notfound,,,
8984415544863810,,,,0,notfound,,,
8986981381943964,,,,0,notfound,,,
8987803899747113,,,,0,notfound,,,
8988818930783764,,,,0,notfound,,,
8990717250203364,="0201005661",پروستالیو  30 عدد کپسول بهداشت فارمد لوتوس,PROSTALEAVE  30 Capsule Behdasht Pharmed Lotus,1,ok,295000,2026-08-05T17:48:21+03:30,
8994265991758534,,,,0,notfound,,,
8995296766357259,,,,0,notfound,,,
8996304823068967,,,,0,notfound,,,
8997169982940780,,,,0,notfound,,,
8999526379355472,,,,0,notfound,,,
8999680521289816,,,,0,notfound,,,
9000656040974956,,,,0,notfound,,,
9000824396090517,,,,0,notfound,,,
9008253874283096,,,,0,notfound,,,
9008576673849189,,,,0,notfound,,,
9008916724440052,,,,0,notfound,,,
9008993061862552,,,,0,notfound,,,
9009627492560154,,,,0,notfound,,,
9010383564997512,,,,0,notfound,,,
9014228179055552,="0201009414",سابولار  10 عدد ساشه فرابیوتیک,SABULAR  10 Sache Farabiotic,1,ok,60000,2025-09-09T08:38:55+03:30,
9015125433614890,="0200022380",پی . ام . استاپ  60 عدد کپسول گیاهان سبز زندگی,P.M. STOP  60 Capsule Green Plants Of Life,1,ok,180000,2026-02-25T12:07:11+03:30,
9017192414334474,,,,0,notfound,,,
9017789688324301,,,,0,notfound,,,
9019568938028567,="0301009047",دایان فلکس  20 عدد کپسول دایان فارما,DAYAN FLEX  20 Capsule DAYAN PHARMA,1,ok,218625,2026-06-07T10:13:14+03:30,
9019573130217574,,,,0,notfound,,,
9019716189186844,,,,0,notfound,,,
9019871797582829,,,,0,notfound,,,
9020030124855804,="0200005963",آوی پکت   120 میلی لیتر شربت دینه,AVIPECT  120 ML Syrup Dineh,1,ok,2000000,2026-03-12T12:03:22+03:30,
9020637030310449,,,,0,notfound,,,
9022832627778279,,,,0,notfound,,,
9024183463570165,,,,0,notfound,,,
9024445989679713,,,,0,notfound,,,
9025753152654462,="0200010369",پروسپان  100 میلی لیتر شربت بهستان بهداشت,PROSPAN  100 ML Syrup Behestan Behdasht,1,ok,4500000,2026-08-02T09:08:10+03:30,
9025774398427756,,,,0,notfound,,,
9026426150389803,,,,0,notfound,,,
9026621178438916,="0201006079",آرترودین  50 عدد قرص دینه,ARTHRODIN  50 Tablet Dineh,1,ok,60000,2025-12-25T10:50:01+03:30,
9027985230894509,,,,0,notfound,,,
9028658145538041,="0200002468",پروستاتان  30 عدد قرص گل دارو,PROSTATAN  30 Tablet Gol Darou,1,ok,110000,2026-04-30T11:35:31+03:30,
9029646136968676,,,,0,notfound,,,
9030537189212836,,,,0,notfound,,,
9031441378364916,,,,0,notfound,,,
9031524561195170,,,,0,notfound,,,
9032292258639896,="0301006024",پی اسکلتون پلاس  30 عدد کپسول دارو پژوهان پاسارگاد,PSCLETONE PLUS  30 Capsule Darou Pazhohan Pasargad,1,ok,46666,2024-06-01T11:07:17+03:30,
9034315020713709,,,,0,notfound,,,
9037125219257872,="0201008941",تارادین  10 عدد ساشه دینه,TARADIN  10 Sache Dineh,1,ok,280000,2026-06-20T12:51:45+03:30,
9038114416277718,,,,0,notfound,,,
9038479121161966,,,,0,notfound,,,
9043441059495561,,,,0,notfound,,,
9046133114713460,,,,0,notfound,,,
9050491388464171,,,,0,notfound,,,
9051081281252785,,,,0,notfound,,,
9051779118524337,="0301007024",ردوکس ردوفیت  30 عدد کپسول رضا دارو,REDOX REDOFIT  30 Capsule Reza Darou,1,ok,116666,2025-03-01T09:36:53+03:30,
9053322519898399,,,,0,notfound,,,
9054719326001349,,,,0,notfound,,,
9057096663017395,,,,0,notfound,,,
9058475137499497,,,,0,notfound,,,
9059672167886440,,,,0,notfound,,,
9062536820940454,,,,0,notfound,,,
9062570633347079,,,,0,notfound,,,
9063149157669019,,,,0,notfound,,,
9064643512168425,,,,0,notfound,,,
9065339665294766,,,,0,notfound,,,
9065463389583920,,,,0,notfound,,,
9066032407821700,,,,0,notfound,,,
9066335294262781,,,,0,notfound,,,
9066826174127856,,,,0,notfound,,,
9069496391770661,="0200001325",تیمیان  120 میلی لیتر شربت مینا,THYMIAN  120 ML Syrup Mina,1,ok,1900000,2026-07-14T13:39:01+03:30,
9069824961639006,,,,0,notfound,,,
9071886147937177,,,,0,notfound,,,
9074261786930914,,,,0,notfound,,,
9076564350395708,="0201005934",آوویدا  15 عدد کپسول افق تولید پارس,AVOVIDA  15 Capsule Ofogh Tolid Pars,1,ok,132000,2026-04-22T20:27:55+03:30,
9076703578647712,,,,0,notfound,,,
9076779129532428,,,,0,notfound,,,
9078669655105982,="0201007185",مورینگا  60 عدد قرص سینا فرآور,MORINGA  60 Tablet Sina Faravar,1,ok,79833,2026-05-16T09:59:59+03:30,
9080123263455779,,,,0,notfound,,,
9080879736013593,="0201005719",فولفیل  30 عدد ساشه بهشاد دارو,FULFIL  30 Sache Behshad Darou,1,ok,340000,2026-07-21T12:44:18+03:30,
9082186231334542,,,,0,notfound,,,
9084482166768473,,,,0,notfound,,,
9087274215151110,="0301006646",لیوی مارین  60 عدد کپسول کوشان فارمد,LIVIMARIN  60 Capsule Koushan Pharmed,1,ok,140000,2026-09-03T10:30:10+03:30,
9088818217046948,,,,0,notfound,,,
9090136802551462,,,,0,notfound,,,
9093633599773055,,,,0,notfound,,,
9094533066071091,,,,0,notfound,,,
9096980435538980,,,,0,notfound,,,
9099948232015850,,,,0,notfound,,,
9100360914012761,,,,0,notfound,,,
9100379428906908,,,,0,notfound,,,
9100749512377958,="0301007419",پی ام اس 50 پلاس  30 عدد قرص ویتاول,PMS 50 PLUS  30 Tablet Vitawell,1,ok,79000,2025-07-30T08:50:37+03:30,
9101229094223909,,,,0,notfound,,,
9101775576359744,,,,0,notfound,,,
9102089047615753,,,,0,notfound,,,
9102772418314334,,,,0,notfound,,,
9102867419287968,,,,0,notfound,,,
9103875452354411,,,,0,notfound,,,
9105056867715793,,,,0,notfound,,,
9110796329019927,,,,0,notfound,,,
9114582642785747,,,,0,notfound,,,
9115062728658808,,,,0,notfound,,,
9115073238846575,,,,0,notfound,,,
9115415294167347,,,,0,notfound,,,
9115469071855622,,,,0,notfound,,,
9115733084229237,,,,0,notfound,,,
9116483962015503,,,,0,notfound,,,
9117591091152563,,,,0,notfound,,,
9117815590819627,,,,0,notfound,,,
9118458888473930,,,,0,notfound,,,
9124544846383676,="0301006947",کاف  150 میلی لیتر شربت پدیا بست,COUGH  150 ML Syrup Pedia Best,1,ok,3577000,2026-05-11T11:18:53+03:30,
9125556775520935,,,,0,notfound,,,
9126637872429819,,,,0,notfound,,,
9127916384381113,,,,0,notfound,,,
9128866750696765,,,,0,notfound,,,
9133160874184618,,,,0,notfound,,,
9133394296358589,,,,0,notfound,,,
9133747087177111,,,,0,notfound,,,
9139047773900338,,,,0,notfound,,,
9139706826588301,,,,0,notfound,,,
9139797669867037,="0201009301",اینس ممور  120 میلی لیتر شربت کیمیاگر,INCEMEMOR  120 ML Syrup Kimiagar,1,ok,1500000,2026-05-20T12:32:28+03:30,
9141215246193799,,,,0,notfound,,,
9145104465351038,,,,0,notfound,,,
9145602835233433,,,,0,notfound,,,
9147859168090452,,,,0,notfound,,,
9151090322892150,="0200025377",نی نی لاکس  120 میلی لیتر شربت سیمرغ داروی عطار,NINI LAX  120 ML Syrup Simorgh Darou Attar,1,ok,2997000,2026-07-05T17:15:39+03:30,
9155385733619238,,,,0,notfound,,,
9156344896134551,,,,0,notfound,,,
9159992683821687,,,,0,notfound,,,
9161474550378882,="0301006119",دورالایف سافرون ، منیزیم و ب6  60 عدد کپسول فاران شیمی,"DURALIFE SAFFRON , MAGNESIUM & B6  60 Capsule Faran Shimi",1,ok,43333,2024-06-09T12:25:22+03:30,
9162351330206285,,,,0,notfound,,,
9163279577540460,="0200001684",سوپرمینت  15 میلی لیتر قطره خوراکى باریج اسانس,SUPERMINT  15 ML Oral Drop Barij Essence,1,ok,900000,2026-07-14T18:12:28+03:30,
9164724572471274,,,,0,notfound,,,
9167434017803396,="0201005710",تاش کاف  120 میلی لیتر شربت بنیان کسری سرشت سلامت,TASH COUGH  120 ML Syrup Bonyan Kasra Seresht Salamat,1,ok,1250000,2026-05-12T10:26:52+03:30,
9168616276109402,,,,0,notfound,,,
9168729867562981,,,,0,notfound,,,
9171519964297790,,,,0,notfound,,,
9171568116760028,,,,0,notfound,,,
9171909638307639,,,,0,notfound,,,
9174766645371702,,,,0,notfound,,,
9175745439425225,,,,0,notfound,,,
9176379726890858,,,,0,notfound,,,
9177409557588820,,,,0,notfound,,,
9177765812893266,="0300017327",پکتوگل  120 میلی لیتر شربت گل دارو,PECTOGOL  120 ML Syrup Gol Darou,1,ok,2400000,2026-06-15T23:17:45+03:30,
9180876383585856,,,,0,notfound,,,
9182858612117924,,,,0,notfound,,,
9183529389083867,,,,0,notfound,,,
9186001276877936,,,,0,notfound,,,
9190937255622980,,,,0,notfound,,,
9191731132829614,,,,0,notfound,,,
9192995294155066,,,,0,notfound,,,
9193857321371846,,,,0,notfound,,,
9194041090744970,="0201005744",ماسل هرب  60 عدد کپسول بهتا دارو,MUSCLE HERB  60 Capsule Behta Daru,1,ok,175000,2026-05-05T12:49:20+03:30,
9197601183461195,,,,0,notfound,,,
9198549656901420,,,,0,notfound,,,
9199045888897350,,,,0,notfound,,,
9200236137127884,,,,0,notfound,,,
9200992630251045,,,,0,notfound,,,
9202531930296627,="0201005724",پروستات فید نیو  300 میلی گرم 30 عدد کپسول بهار پایا,PROSTATE FEED NEW  300 MG 30 Capsule Bahar Paya,1,ok,100000,2025-08-02T11:17:26+03:30,
9202836941694703,,,,0,notfound,,,
9205148676516811,="0200020575",باریج ای پی ا  1000 میلی گرم 30 عدد سافت ژل باریج اسانس,BARIJ EPO  1000 MG 30 Soft Gelatin Capsule Barij Essence,1,ok,130000,2026-08-24T12:08:55+03:30,
9206037251535155,,,,0,notfound,,,
9206249026810418,,,,0,notfound,,,
9207196663234686,,,,0,notfound,,,
9207881315731108,,,,0,notfound,,,
9208872531402200,,,,0,notfound,,,
9208935980510537,,,,0,notfound,,,
9209009060022528,,,,0,notfound,,,
9209533216705587,,,,0,notfound,,,
9212306640905769,,,,0,notfound,,,
9212579343720050,,,,0,notfound,,,
9215898223454019,,,,0,notfound,,,
9216629545410433,,,,0,notfound,,,
9217135816849211,,,,0,notfound,,,
9218800753198510,="0301009284",سوپر کلاژن بیلدر  250 میلی لیتر محلول خوراکی اکسیر طب پرنیان,SUPER COLLAGEN BUILDER  250 ML Oral Solution Xir Teb Parnian,1,ok,7996000,2025-08-03T09:58:27+03:30,
9218868022834148,,,,0,notfound,,,
9220151145100313,="0300017964",جوينت پلاس  30 عدد کپسول کوشان فارمد,JOINT +  30 Capsule Koushan Pharmed,1,ok,297000,2026-09-21T12:54:17+03:30,
9222574817206981,="0201007306",ونووین  30 عدد قرص وشا دارو پارس,VENOVINE  30 Tablet Vasha Darou Pars,1,ok,230000,2026-07-28T11:03:44+03:30,
9224092577318494,,,,0,notfound,,,
9225931183443499,,,,0,notfound,,,
9226425629143640,,,,0,notfound,,,
9226448899688769,,,,0,notfound,,,
9229863631630650,="0200023421",ایبروگل  30 میلی لیتر محلول خوراکی گل دارو,IBEROGOL  30 ML Oral Solution Gol Darou,1,ok,2000000,2026-06-15T23:14:45+03:30,
9229994285701650,,,,0,notfound,,,
9232261819276668,,,,0,notfound,,,
9233323021200110,,,,0,notfound,,,
9233751621128768,,,,0,notfound,,,
9235614625856397,,,,0,notfound,,,
9238164233203555,,,,0,notfound,,,
9240059792923512,,,,0,notfound,,,
9240442022552568,,,,0,notfound,,,
9243528057469748,,,,0,notfound,,,
9245258467406015,,,,0,notfound,,,
9246500778175276,,,,0,notfound,,,
9247742624568950,,,,0,notfound,,,
9248031584502079,,,,0,notfound,,,
9248813768610439,,,,0,notfound,,,
9250275673300129,="0201005658",لاکسافول  650 میلی گرم 30 عدد کپسول باریج اسانس,LAXAFULL  650 MG 30 Capsule Barij Essence,1,ok,64000,2026-05-07T15:53:19+03:30,
9250373865089274,,,,0,notfound,,,
9250596430117481,="0200005551",منستروگل  30 عدد کپسول گل دارو,MENSTRUGOL  30 Capsule Gol Darou,1,ok,70000,2025-10-27T11:08:02+03:30,
9253093596972732,,,,0,notfound,,,
9254793380113474,,,,0,notfound,,,
9254980270452036,="0301007283",پی پریکس  20 عدد سافت ژل تهران دارو,PIPERIX  20 Soft Gelatin Capsule Tehran Darou,1,ok,55000,2026-05-12T14:58:44+03:30,
9256398133901177,,,,0,notfound,,,
9260036516285898,,,,0,notfound,,,
9260093829371167,,,,0,notfound,,,
9260302895593564,="0201009058",گامومکس  30 گرم ژل دهانی هرباویوا,GUMOMAX  30 GR Buccal Gel HerbaViva,1,ok,1500000,2026-06-15T23:31:36+03:30,
9260810697727612,,,,0,notfound,,,
9261518246748349,,,,0,notfound,,,
9263004272337893,,,,0,notfound,,,
9264014649531021,,,,0,notfound,,,
9264016669304588,="0200020137",پلارژین  120 میلی لیتر شربت پارس گیتا دارو,PELARGIN  120 ML Syrup Pars Gita Darou,1,ok,4100000,2026-07-25T09:24:48+03:30,
9264359449000512,,,,0,notfound,,,
9266524120045883,,,,0,notfound,,,
9268282779274707,="0201008574",دیموپین  30 گرم پماد موضعی دیموند,DAYMOPAIN  30 GR Topical Ointment Daymond,2,multi,990000,2026-04-22T17:28:52+03:30,0201008574;0201008575
9269531719947770,,,,0,notfound,,,
9269557997875342,="0201005653",لیبیمکس  15 میلی گرم 30 عدد کپسول باریج اسانس,LIBIMAX  15 MG 30 Capsule Barij Essence,1,ok,30000,2024-02-29T11:03:01+03:30,
9269763050213566,,,,0,notfound,,,
9271276375403083,="0301007521",ول گات مولتی کیدز  30 عدد قرص جویدنى زیست تخمیر,WELLGUT MULTI KIDS  30 Chewablet Tablet Zist Takhmir,1,ok,300000,2026-05-23T08:22:11+03:30,
9273448068981349,="0201003660",استرورست  60 عدد کپسول ادیب اکسیر,ESTROREST  60 Capsule Adib Exir,1,ok,82000,2026-05-02T09:31:37+03:30,
9280247043592576,,,,0,notfound,,,
9280442775752110,,,,0,notfound,,,
9281526777958313,,,,0,notfound,,,
9285127684359745,,,,0,notfound,,,
9287001864359916,,,,0,notfound,,,
9288951238040868,,,,0,notfound,,,
9289328413253849,,,,0,notfound,,,
9289995198793466,,,,0,notfound,,,
9293101546028396,,,,0,notfound,,,
9299453248574981,,,,0,notfound,,,
9301686997031175,,,,0,notfound,,,
9303401220072485,,,,0,notfound,,,
9305926445548573,,,,0,notfound,,,
9314054869135591,,,,0,notfound,,,
9314064149219585,="0201007302",پومگا 5  60 عدد سافت ژل وشا دارو پارس,POMEGA 5  60 Soft Gelatin Capsule Vasha Darou Pars,1,ok,180000,2026-09-19T10:37:45+03:30,
9314147455297726,="0201005585",پرفورمکس  30 عدد کپسول هرباویوا,PERFORMEX  30 Capsule HerbaViva,1,ok,120000,2026-06-15T23:30:42+03:30,
9315082999884973,,,,0,notfound,,,
9316125556322547,="0200022936",انرژکس  30 عدد قرص روکشدار گلدن لایف,ENERGE-X  30 F.C. Tablet Golden Life,1,ok,400000,2026-06-15T22:27:49+03:30,
9318001036289832,="0200021501",هان اسکین  30 گرم کرم موضعی سپیداج,HONESKIN  30 GR Topical Cream Sepidaj,1,ok,2300000,2026-07-01T11:12:25+03:30,
9318042952702415,,,,0,notfound,,,
9318081847366678,,,,0,notfound,,,
9318847188160497,,,,0,notfound,,,
9318913167812829,="0200023552",آسه رولا چری  500 میلی گرم 30 عدد قرص روکشدار جویدنی سپید طب نیا,ACEROLA CHERRY  500 MG 30 Chewable F.C. Tablet Sepid Teb Nia,1,ok,81200,2025-02-09T11:14:57+03:30,
9319267299908961,="0201009356",برین لید سول  30 عدد کپسول مهر و ماه,BRAINLIDSOL  30 Capsule Seal & Moon,1,ok,250000,2026-05-31T09:05:31+03:30,
9324248283531774,,,,0,notfound,,,
9328089146490704,,,,0,notfound,,,
9330648995359359,="0201005649",گرین فیت  650 میلی گرم 30 عدد کپسول باریج اسانس,GREENFIT  650 MG 30 Capsule Barij Essence,1,ok,70000,2026-07-14T18:42:27+03:30,
9331581650880039,,,,0,notfound,,,
9331657589930146,="0200023918",ارومکس  30 عدد قرص روکشدار گلدن لایف,UROMAX  30 F.C. Tablet Golden Life,1,ok,270000,2026-07-14T14:16:10+03:30,
9332531121941565,,,,0,notfound,,,
9333501813313945,,,,0,notfound,,,
9334317720405618,,,,0,notfound,,,
9334440775622640,,,,0,notfound,,,
9336783828284258,="0201007020",زوفا عسلی  120 میلی لیتر شربت رازک,HONEY ZOUFA  120 ML Syrup Razak,1,ok,2100000,2026-04-29T12:19:15+03:30,
9338246980862204,,,,0,notfound,,,
9339400284501001,,,,0,notfound,,,
9339751629261909,,,,0,notfound,,,
9341697390034377,,,,0,notfound,,,
9342438943600096,,,,0,notfound,,,
9348125718972168,,,,0,notfound,,,
9352203264273170,,,,0,notfound,,,
9353053985515362,,,,0,notfound,,,
9354980859459647,,,,0,notfound,,,
9356957971799577,,,,0,notfound,,,
9358240163533216,,,,0,notfound,,,
9358511772536429,,,,0,notfound,,,
9359186284181505,,,,0,notfound,,,
9359229545632539,,,,0,notfound,,,
9359919412934326,,,,0,notfound,,,
9360072139329480,="0201009011",پلاموفیگ  120 میلی لیتر شربت رایا,PLUMOFIG  120 ML Syrup Raya,1,ok,3500000,2026-06-21T19:46:49+03:30,
9363252492493148,="0301006426",کورکومکس  30 عدد کپسول هلث اید,CURCUMAX  30 Capsule Health Aid,1,ok,200000,2026-09-21T12:32:51+03:30,
9363391634509732,,,,0,notfound,,,
9363465774757320,,,,0,notfound,,,
9363869517155119,,,,0,notfound,,,
9367565233413550,="0201007301",پروسترول  60 عدد سافت ژل وشا دارو پارس,PROSTROL  60 Soft Gelatin Capsule Vasha Darou Pars,1,ok,180000,2026-08-17T10:39:52+03:30,
9369778665970264,,,,0,notfound,,,
9369997786728145,,,,0,notfound,,,
9370001752023743,="0301007132",فایتالین  15 عدد کپسول سیمرغ داروی عطار,PHYTALIN  15 Capsule Simorgh Darou Attar,1,ok,253133,2026-07-05T17:08:06+03:30,
9371400665367928,="0200019037",مارینتول فورت  30 گرم پماد موضعی رازک,MARYNTHOL FORT  30 GR Topical Ointment Razak,1,ok,360000,2023-09-28T11:53:55+03:30,
9373309138443396,,,,0,notfound,,,
9373454883365333,,,,0,notfound,,,
9375126826665292,,,,0,notfound,,,
9375310941413646,="0301007267",بایودایاب  30 عدد کپسول تک ژن,BioDiIAB  30 Capsule Takgene,1,ok,250000,2026-05-31T11:46:22+03:30,
9375486898817117,,,,0,notfound,,,
9378067945004554,,,,0,notfound,,,
9378597734486270,,,,0,notfound,,,
9380101219531494,,,,0,notfound,,,
9382270688595730,,,,0,notfound,,,
9386760224803777,,,,0,notfound,,,
9387846449570751,,,,0,notfound,,,
9389101493714179,,,,0,notfound,,,
9390241546258016,,,,0,notfound,,,
9393371012393124,,,,0,notfound,,,
9397541454605211,="0301006692",اسپیرویال  60 عدد قرص,SPIROYAL  60 Tablet,1,ok,65000,2026-06-07T19:25:24+03:30,
9398385246599658,,,,0,notfound,,,
9399191624589134,,,,0,notfound,,,
9401139488987436,="0200009978",تیشوک  30 عدد کپسول گل دارو,TICHOKE  30 Capsule Gol Darou,1,ok,26320,2023-12-30T10:19:16+03:30,
9402360209909944,,,,0,notfound,,,
9402663735393638,,,,0,notfound,,,
9402907317650924,="0200006298",کلپرمین  187 میلی گرم 20 عدد کپسول تیلوتس,COLPERMIN  187 MG 20 Capsule Tillotts,1,ok,600000,2026-08-31T11:48:15+03:30,
9403075617142693,="0200010458",اورتیدین  150 میلی گرم 30 عدد قرص روکشدار باریج اسانس,URTIDIN  150 MG 30 F.C. Tablet Barij Essence,1,ok,22166,2023-11-12T13:39:19+03:30,
9404671192786351,="0301007006",اکتیوا ولبیینگ رسپیریشن  30 عدد کپسول رستا ایمن دارو,ACTIVA WELL BEING RESPIRATION  30 Capsule Rasta Imen Daroo,1,ok,126666,2024-08-21T09:59:47+03:30,
9405520613467700,,,,0,notfound,,,
9406633051781240,="0200014965",ومیگان  30 عدد قرص روکشدار دینه,VOMIGONE  30 F.C. Tablet Dineh,1,ok,33600,2026-03-12T12:03:55+03:30,
9406899743219593,="0301006391",پروکید پویا  15 میلی لیتر قطره خوراکى گسترش میلاد فارمد,PROKID POUYA  15 ML Oral Drop Gostaresh Milad Pharmed,1,ok,2000000,2026-06-27T10:20:34+03:30,
9407444293563006,="0201005730",مانگو اسلیم بی دی آ  60 عدد کپسول بهتا دارو,MANGO SLIM BDA  60 Capsule Behta Daru,1,ok,130000,2026-05-25T12:25:01+03:30,
9409889526782447,="0201006120",دورالایف سافرون  30 عدد کپسول فاران شیمی,DURALIFE SAFFRON  30 Capsule Faran Shimi,1,ok,50000,2024-06-09T12:28:44+03:30,
9411331393184253,,,,0,notfound,,,
9411409135772266,,,,0,notfound,,,
9412254137474487,,,,0,notfound,,,
9414966853657175,,,,0,notfound,,,
9415594298163391,,,,0,notfound,,,
9419175711715170,,,,0,notfound,,,
9421920727262333,,,,0,notfound,,,
9422597897553124,,,,0,notfound,,,
9423268580128767,,,,0,notfound,,,
9423336131491176,="0200003539",موسیلیوم توت فرنگی  7 عدد ساشه ایران داروک,MUSYLIUM STRAWBERRY  7 Sache Iran Darouk,1,ok,450000,2026-06-13T22:46:09+03:30,
9424497858032363,,,,0,notfound,,,
9426977459249961,,,,0,notfound,,,
9427084476319256,="0200015626",لیپوهرب  30 عدد کپسول گل دارو,LIPOHERB  30 Capsule Gol Darou,1,ok,40000,2023-12-30T11:12:10+03:30,
9431740896653790,="0200018791",آلرگل  20 میلی لیتر اسپرى بینى گل دارو,ALLERGOL  20 ML Nasal Spray Gol Darou,1,ok,1450000,2026-06-15T23:16:51+03:30,
9432619844498575,="0301007262",بروزایم اولترا  30 عدد کپسول تچرا فارمد,BROZYME ULTRA  30 Capsule Techra Pharmed,1,ok,240000,2026-06-28T09:32:15+03:30,
9434367324833732,,,,0,notfound,,,
9434437598894774,,,,0,notfound,,,
9434659381415281,="0201006068",نیچر فیت  60 عدد کپسول دیموند,NATURE FIT  60 Capsule Daymond,1,ok,94833,2026-07-11T17:51:50+03:30,
9435830950707534,,,,0,notfound,,,
9437051752009622,,,,0,notfound,,,
9439367012510382,,,,0,notfound,,,
9439540612215920,,,,0,notfound,,,
9440944988556855,="0201005722",جینکوپلاس  30 عدد کپسول بهار پایا,GINKOPLUS  30 Capsule Bahar Paya,1,ok,69766,2026-05-23T12:01:44+03:30,
9442730651472740,,,,0,notfound,,,
9442734464409978,,,,0,notfound,,,
9444025186484081,,,,0,notfound,,,
9445561237474481,,,,0,notfound,,,
9445616874702941,,,,0,notfound,,,
9446003554883761,,,,0,notfound,,,
9447577940119484,,,,0,notfound,,,
9451777362642006,,,,0,notfound,,,
9451954864336196,,,,0,notfound,,,
9451993559834189,,,,0,notfound,,,
9453560226469644,,,,0,notfound,,,
9455634162777548,,,,0,notfound,,,
9457029787033560,,,,0,notfound,,,
9457789616665072,,,,0,notfound,,,
9457940054173427,,,,0,notfound,,,
9458073215327975,,,,0,notfound,,,
9458186151007242,,,,0,notfound,,,
9458297026741902,="0201007082",کلپرسان  40 عدد سافت ژل سانا ویوا,COLPERSAN  40 Soft Gelatin Capsule Sana Viva,1,ok,43750,2024-09-08T09:26:21+03:30,
9462063235052147,,,,0,notfound,,,
9462444781826301,,,,0,notfound,,,
9466292276785580,,,,0,notfound,,,
9466562062705143,="0200019341",میرتلکس جی ای  15 میلی لیتر محلول موضعی گیاه اسانس,MYRTLEX GE  15 ML Topical Solution Giah Essence,1,ok,1300000,2026-05-13T15:15:34+03:30,
9467056784288270,,,,0,notfound,,,
9467412389251465,,,,0,notfound,,,
9467882034922646,,,,0,notfound,,,
9468026170247868,="0201007295",زینو نایت  120 میلی لیتر شربت اروم,ZINO NIGHT  120 ML Syrup Aurum,1,ok,430000,2024-09-22T11:45:47+03:30,
9468223653036617,="0201005719",فولفیل  30 عدد ساشه بهشاد دارو,FULFIL  30 Sache Behshad Darou,1,ok,340000,2026-07-21T12:44:18+03:30,
9468923482467586,,,,0,notfound,,,
9469030613823667,,,,0,notfound,,,
9469139711117774,="0201009411",آتوفلور  5 میلی لیتر قطره خوراکى فرابیوتیک,ATOFLOR  5 ML Oral Drop Farabiotic,1,ok,450000,2025-09-08T12:27:16+03:30,
9473267638807768,="0301006471",پلارکس کیدز  120 میلی لیتر شربت ایران داروک,PELAREX KIDS  120 ML Syrup Iran Darouk,1,ok,3800000,2026-08-23T11:28:58+03:30,
9476748349855864,,,,0,notfound,,,
9477562626283526,="0301007487",وی پروست  30 عدد سافت ژل ویوا تیون,VIPROST  30 Soft Gelatin Capsule VivaTune,1,ok,150000,2026-09-19T10:40:48+03:30,
9477664975050483,,,,0,notfound,,,
9478612341353126,,,,0,notfound,,,
9480059353480251,,,,0,notfound,,,
9481861876013232,="0200021329",دایجستیو اید   30 عدد قرص روکشدار گلدن لایف,DIGESTIVE AID  30 F.C. Tablet Golden Life,1,ok,400000,2026-06-15T22:26:59+03:30,
9483619552291230,,,,0,notfound,,,
9486214969149547,,,,0,notfound,,,
9488138744915031,,,,0,notfound,,,
9490914952066853,,,,0,notfound,,,
9491733793182952,,,,0,notfound,,,
9494562869418927,="0201005728",لیبیدوفم  30 عدد کپسول بهتا دارو,LIBIDOFEM  30 Capsule Behta Daru,1,ok,160000,2026-05-25T11:49:00+03:30,
9494659369293491,,,,0,notfound,,,
9495796923436862,,,,0,notfound,,,
9497402546509655,,,,0,notfound,,,
9497857392461678,,,,0,notfound,,,
9498022998302769,,,,0,notfound,,,
9498240489299734,="0201006286",نوسکاف   شربت فاران شیمی,NOSCOUGH   Syrup Faran Shimi,1,ok,900000,2025-07-09T11:20:45+03:30,
9498317764506167,,,,0,notfound,,,
9500701062775584,,,,0,notfound,,,
9501533111735850,,,,0,notfound,,,
9505722025518920,="0201006407",رودیو ریلکس  30 عدد کپسول گیاهان سبز زندگی,RHODIO RELAX  30 Capsule Green Plants Of Life,1,ok,150000,2026-06-21T19:48:23+03:30,
9507246838778806,="0300018539",آرتروفید  300 میلی گرم 15 عدد کپسول بهار پایا,ARTHROFEED  300 MG 15 Capsule Bahar Paya,1,ok,186000,2026-05-24T13:57:51+03:30,
9508950163954715,,,,0,notfound,,,
9510511065858096,,,,0,notfound,,,
9512042384383760,,,,0,notfound,,,
9513824163848708,,,,0,notfound,,,
9514209065405829,,,,0,notfound,,,
9514987284983132,,,,0,notfound,,,
9516676662381471,,,,0,notfound,,,
9517117578800284,,,,0,notfound,,,
9517768620382304,,,,0,notfound,,,
9518231519418021,,,,0,notfound,,,
9518233286987054,,,,0,notfound,,,
9518457063884459,,,,0,notfound,,,
9518735551543737,="0301006285",آندرولیو  200 میلی لیتر شربت پی ام اس,ANDROLIVE  200 ML Syrup PMS,1,ok,2700000,2025-09-28T09:16:25+03:30,
9518958245182304,,,,0,notfound,,,
9521723185026158,,,,0,notfound,,,
9521791469111041,,,,0,notfound,,,
9523483147397724,,,,0,notfound,,,
9524445263021339,,,,0,notfound,,,
9524970012795833,,,,0,notfound,,,
9528089899055383,,,,0,notfound,,,
9528919655174064,,,,0,notfound,,,
9528971944772607,="0200010797",ترانکی وال  30 عدد قرص دینه,TRANQUIVAL  30 Tablet Dineh,1,ok,50000,2026-04-16T10:00:42+03:30,
9529378643363024,,,,0,notfound,,,
9529984854737241,,,,0,notfound,,,
9530607780121020,="0200015829",یوموگی  20 عدد کپسول آیریا نیک,YOMOGI  20 Capsule IRENIC,1,ok,140000,2025-10-09T12:28:12+03:30,
9532569254863544,,,,0,notfound,,,
9533152494041732,,,,0,notfound,,,
9533343761550457,="0200005548",گاسترین  30 عدد قرص گل دارو,GASTERIN  30 Tablet Gol Darou,1,ok,30000,2024-12-24T11:22:32+03:30,
9534723551247138,,,,0,notfound,,,
9534844284210643,,,,0,notfound,,,
9535039337534404,,,,0,notfound,,,
9535717983398360,,,,0,notfound,,,
9535945267075576,,,,0,notfound,,,
9537340184415703,,,,0,notfound,,,
9539108074341001,="0100006139",دافلون (ادرز فارما امرژنسی سنترز) 500 میلی گرم 30 عدد قرص سرویر,DAFLON (_OTHERS PHARMA EMERGENCY CENTERS) 500 MG 30 Tablet Servier,1,ok,150000,2025-06-26T11:12:08+03:30,
9540578952553786,="0301009047",دایان فلکس  20 عدد کپسول دایان فارما,DAYAN FLEX  20 Capsule DAYAN PHARMA,1,ok,218625,2026-06-07T10:13:14+03:30,
9542385223300328,,,,0,notfound,,,
9546751401676793,="0201005483",آیوی لیکس  120 میلی لیتر شربت اکسیر گستر اسپادانا,IVYLIX  120 ML Syrup Exir Gostar Espadana,1,ok,3300000,2026-07-05T17:54:27+03:30,
9547739542915810,="0200019597",فلکسی گل  30 عدد کپلت گل دارو,FLEXIGOL  30 Caplet Gol Darou,1,ok,130000,2026-04-30T11:52:18+03:30,
9547955391220975,="0200023465",آلوئه ورا باریج  120 میلی لیتر شربت باریج اسانس,ALOE VERA BARIJ  120 ML Syrup Barij Essence,1,ok,2400000,2026-08-23T13:04:09+03:30,
9548868882409258,="0201007062",زیلپا  30 عدد کپسول سلامت گستر آرتیمان,ZILPA  30 Capsule Salamat Gostar Artiman,1,ok,68333,2026-06-09T09:39:37+03:30,
9555498625364339,,,,0,notfound,,,
9555540809329898,,,,0,notfound,,,
9555577879247781,,,,0,notfound,,,
9555658492818500,,,,0,notfound,,,
9556510399524010,,,,0,notfound,,,
9558019964558633,,,,0,notfound,,,
9559676936971638,="0200014637",روماتوگل  30 عدد قرص روکشدار گل دارو,RHUMATOGOL  30 F.C. Tablet Gol Darou,1,ok,150000,2026-06-15T23:04:13+03:30,
9560350364065974,,,,0,notfound,,,
9560744446159622,="0200018765",پاورگل  30 عدد کپسول گل دارو,POWERGOL  30 Capsule Gol Darou,1,ok,160000,2026-05-21T11:16:37+03:30,
9562065497553715,,,,0,notfound,,,
9562433264171753,,,,0,notfound,,,
9562921594497403,="0201008577",رومالایا  30 گرم ژل موضعی هیمالیا,RUMALAYA  30 GR Topical Gel Himalaya,1,ok,770000,2025-01-12T09:43:42+03:30,
9564181621413717,,,,0,notfound,,,
9565929140448890,="0301008992",ایون اویل روغن گل مغربی  500 میلی گرم 30 عدد سافت ژل تهران دارو,EVEN OIL EVENING PRIMROSE  500 MG 30 Soft Gelatin Capsule Tehran Darou,1,ok,90000,2026-06-29T13:53:43+03:30,
9569700495041401,,,,0,notfound,,,
9570310129156024,,,,0,notfound,,,
9573372721586072,,,,0,notfound,,,
9574860949597917,="0300016965",سوپرمینت  20 میلی گرم 30 عدد سافت ژل باریج اسانس,SUPERMINT  20 MG 30 Soft Gelatin Capsule Barij Essence,1,ok,68000,2026-08-24T12:01:18+03:30,
9575008742011599,,,,0,notfound,,,
9576826448568259,="0200022245",کاراوی میکسچر  140 میلی لیتر شربت ایران داروک,CARAWAY MIXTURE  140 ML Syrup Iran Darouk,1,ok,1810000,2026-05-28T13:57:27+03:30,
9577726266018941,,,,0,notfound,,,
9581783474782836,,,,0,notfound,,,
9582530435934774,="0200019896",کولیکید  30 میلی لیتر قطره ویتابیوتیکس,COLICAID  30 ML Drop Vitabiotics,1,ok,750000,2025-06-03T09:00:51+03:30,
9583174122695865,,,,0,notfound,,,
9584471904632393,="0200010356",لومکس  50 میلی گرم 30 عدد سافت ژل باریج اسانس,LOMEX  50 MG 30 Soft Gelatin Capsule Barij Essence,1,ok,44500,2026-05-07T15:59:08+03:30,
9585519985576077,,,,0,notfound,,,
9586567029195846,,,,0,notfound,,,
9587081555866872,,,,0,notfound,,,
9587853113252089,,,,0,notfound,,,
9588056215357953,,,,0,notfound,,,
9588572144168366,,,,0,notfound,,,
9588929167948164,,,,0,notfound,,,
9589773944942447,,,,0,notfound,,,
9594826333954057,,,,0,notfound,,,
9598545348018536,,,,0,notfound,,,
9599800333304332,="0201005676",پایلوشات  30 عدد کپسول بنیان سلامت کسری,PYLOSHOT  30 Capsule BSK,1,ok,140000,2026-09-09T14:59:54+03:30,
9602088479450223,,,,0,notfound,,,
9603269871889649,="0201009012",پلاروسام بزرگسال  120 میلی لیتر شربت رایا,PELAROSAM ADULT  120 ML Syrup Raya,1,ok,2190000,2025-12-06T12:37:26+03:30,
9605219669902629,="0200010787",فیتوتون  30 عدد کپسول گل دارو,PHYTOTON  30 Capsule Gol Darou,1,ok,34866,2024-10-17T09:37:50+03:30,
9605624214171205,,,,0,notfound,,,
9605750738553843,="0200024930",والریانا - سینا  30 میلی لیتر قطره خوراکى سینا فرآور,VALERIANA - SINA  30 ML Oral Drop Sina Faravar,1,ok,1500000,2026-05-16T10:06:53+03:30,
9606160672128710,,,,0,notfound,,,
9606161454500072,,,,0,notfound,,,
9606618005657716,,,,0,notfound,,,
9609573002804050,,,,0,notfound,,,
9610037370066418,,,,0,notfound,,,
9610498346170727,="0201003656",دامینست  60 عدد کپسول ادیب اکسیر,DAMINEST  60 Capsule Adib Exir,1,ok,98333,2026-05-17T14:51:59+03:30,
9610810799006439,,,,0,notfound,,,
9611128519728834,,,,0,notfound,,,
9611869278301078,,,,0,notfound,,,
9613094338850468,,,,0,notfound,,,
9613145179330914,="0301007423",بن کمپلکس پلاس  30 عدد قرص ویتاول,BONE COMPLEX PLUS  30 Tablet Vitawell,1,ok,170000,2026-08-23T13:44:42+03:30,
9616314712526491,="0200023912",اکتیو مایند  30 عدد قرص سینا فرآور,ACTIVE MIND-SINA  30 Tablet Sina Faravar,1,ok,98333,2026-05-16T09:17:02+03:30,
9619762433005498,,,,0,notfound,,,
9620208720886517,,,,0,notfound,,,
9621198836877022,,,,0,notfound,,,
9622478982955132,,,,0,notfound,,,
9623593668979961,,,,0,notfound,,,
9626118156519396,,,,0,notfound,,,
9626470862233123,="0201005741",رکتوساپ بی دی آ  10 عدد شیاف مقعدی بهتا دارو,RECTOSUPP BDA  10 Rectal Suppository Behta Daru,1,ok,300000,2026-05-05T12:54:02+03:30,
9626789996948268,,,,0,notfound,,,
9628150760360329,="0201005740",اپتی آپ  60 عدد کپسول بهتا دارو,APPETIUP  60 Capsule Behta Daru,1,ok,113333,2026-05-25T12:19:10+03:30,
9628944582665330,,,,0,notfound,,,
9630300061317617,,,,0,notfound,,,
9633287311018633,,,,0,notfound,,,
9635036557547095,,,,0,notfound,,,
9635844028243001,,,,0,notfound,,,
9637212092709561,,,,0,notfound,,,
9638998399047307,="0201009011",پلاموفیگ  120 میلی لیتر شربت رایا,PLUMOFIG  120 ML Syrup Raya,1,ok,3500000,2026-06-21T19:46:49+03:30,
9640836865182024,,,,0,notfound,,,
9642689053793874,,,,0,notfound,,,
9643151879525632,,,,0,notfound,,,
9643362871308445,,,,0,notfound,,,
9644697929390280,="0200004151",کاپسیان  30 گرم پماد موضعی گل دارو,CAPSIAN  30 GR Topical Ointment Gol Darou,1,ok,2250000,2026-05-21T11:08:54+03:30,
9646040394648241,,,,0,notfound,,,
9646470596278884,,,,0,notfound,,,
9647289020071848,,,,0,notfound,,,
9652282248669754,,,,0,notfound,,,
9652371660863899,="0301006691",ام پلاس آواکادو و سویا  20 عدد قرص پرارین پارس,M+ AVOCADO AND SOYA  20 Tablet Perarin Pars,1,ok,185000,2026-08-05T17:30:16+03:30,
9654104275448306,,,,0,notfound,,,
9655083355667550,,,,0,notfound,,,
9655674179326496,,,,0,notfound,,,
9657364527047844,,,,0,notfound,,,
9658018355252064,,,,0,notfound,,,
9659560222954394,,,,0,notfound,,,
9660030318744337,,,,0,notfound,,,
9660257945857790,="0300017055",تروماهرب  50 گرم پماد موضعی گل دارو,TRAUMAHERB  50 GR Topical Ointment Gol Darou,1,ok,740000,2025-01-11T12:12:20+03:30,
9660896916701855,,,,0,notfound,,,
9662039538991816,,,,0,notfound,,,
9662269731442964,,,,0,notfound,,,
9663806064287101,,,,0,notfound,,,
9664578649572069,,,,0,notfound,,,
9664916546171096,,,,0,notfound,,,
9669308781254692,="0301007009",پرونوتری ولبیینگ جوینت  30 عدد کپسول رستا ایمن دارو,PRONUTRI WELL BEING JOINT  30 Capsule Rasta Imen Daroo,1,ok,126666,2024-08-21T10:04:43+03:30,
9670079969649549,,,,0,notfound,,,
9670143248421098,="0301006993",ماکاتون  60 عدد قرص رها,MACATON  60 Tablet Raha,1,ok,80000,2025-09-03T12:17:14+03:30,
9671518318984865,,,,0,notfound,,,
9673277291155972,,,,0,notfound,,,
9673285542560273,,,,0,notfound,,,
9673449014678295,="0201008610",فیبروگل  7 عدد ساشه گل دارو,FIBROGOL  7 Sache Gol Darou,1,ok,350000,2026-06-15T23:11:14+03:30,
9674963394825909,="0201005748",فست ران  15 عدد کپسول امید پارسینا دماوند,FASTRUN  15 Capsule OPD Pharma,1,ok,200000,2026-06-16T08:24:55+03:30,
9675050039822767,,,,0,notfound,,,
9677272381653536,,,,0,notfound,,,
9677559512084930,,,,0,notfound,,,
9678033348458847,,,,0,notfound,,,
9678964267010209,="0201005738",آنا هلث بی دی آ  30 عدد کپسول بهتا دارو,ANA HEALTH BDA  30 Capsule Behta Daru,1,ok,150000,2026-07-28T11:24:44+03:30,
9678974731910052,,,,0,notfound,,,
9680701963679928,,,,0,notfound,,,
9682399170427213,,,,0,notfound,,,
9682822890158294,="0301005481",برهمی 9000  30 عدد قرص اکسیر طب پرنیان,BRAHMI 9000  30 Tablet Xir Teb Parnian,1,ok,794266,2025-08-09T12:21:14+03:30,
9684436057190048,,,,0,notfound,,,
9686737497748304,,,,0,notfound,,,
9686873528010647,,,,0,notfound,,,
9687081543874172,,,,0,notfound,,,
9688379984047804,,,,0,notfound,,,
9690884483910112,,,,0,notfound,,,
9691818580861202,,,,0,notfound,,,
9691969833384230,,,,0,notfound,,,
9692116761630434,="0201006733",لیکوریس  200 میلی لیتر سوسپانسیون خوراکی نهال سبز سلامت,LICORICE  200 ML Oral Suspension Nahal Sabz Salamat,1,ok,600000,2024-07-28T09:58:37+03:30,
9692956226035804,,,,0,notfound,,,
9693740058609504,,,,0,notfound,,,
9694073242774529,="0201005661",پروستالیو  30 عدد کپسول بهداشت فارمد لوتوس,PROSTALEAVE  30 Capsule Behdasht Pharmed Lotus,1,ok,295000,2026-08-05T17:48:21+03:30,
9696357883121962,,,,0,notfound,,,
9700407950836317,="0301006470",بلاکپ  30 عدد سافت ژل ایران داروک,BELLACAP  30 Soft Gelatin Capsule Iran Darouk,1,ok,143533,2026-04-26T15:58:47+03:30,
9701204161502790,,,,0,notfound,,,
9704512629586754,,,,0,notfound,,,
9706051746397722,="0201006481",کرن فیکس  30 عدد کپسول هرباویوا,CRANFIX  30 Capsule HerbaViva,1,ok,150000,2026-06-15T23:33:04+03:30,
9706401196620940,,,,0,notfound,,,
9706895263571447,,,,0,notfound,,,
9707469794525658,="0200009903",پسیلیوم پرتقالی  7 عدد ساشه پورسینا,PSYLLIUM ORANGE  7 Sache Pursina,1,ok,300000,2026-06-16T09:19:08+03:30,
9713080152634707,,,,0,notfound,,,
9714083728942280,,,,0,notfound,,,
9714285712339661,,,,0,notfound,,,
9714621495938999,="0301007027",اسپیرولینا  500 میلی گرم 60 عدد کپسول ریحان نقش جهان,SPIRULINA  500 MG 60 Capsule RNJ,1,ok,100000,2026-05-17T12:33:08+03:30,
9715661188659648,,,,0,notfound,,,
9716276679113035,="0200003041",ایرگل  12 میلی لیتر قطره استریل گوشى گل دارو,EARGOL  12 ML Sterile Otic Drops Gol Darou,1,ok,1750000,2026-05-21T11:05:10+03:30,
9718914019990669,="0200021120",روگرین  500 میلی گرم 30 عدد کپسول قائم دارو,RUGREEN  500 MG 30 Capsule Ghaem Darou,1,ok,75000,2026-06-22T10:34:39+03:30,
9719139064209053,="0201003655",اینولیکس  30 میلی گرم پماد ادیب اکسیر,INULIX  30 MG Ointment Adib Exir,1,ok,1800000,2026-05-02T10:13:08+03:30,
9719457976383511,,,,0,notfound,,,
9721834841691823,,,,0,notfound,,,
9722765313031966,="0201005584",پپوگست  30 عدد سافت ژل گل دارو,PEPOGAST  30 Soft Gelatin Capsule Gol Darou,1,ok,120000,2026-04-30T12:00:04+03:30,
9723236188089530,,,,0,notfound,,,
9724447326390254,="0201007060",آرتی فرگت  30 عدد کپسول سلامت گستر آرتیمان,ARTI FORGET  30 Capsule Salamat Gostar Artiman,1,ok,75000,2026-06-09T09:41:55+03:30,
9725621493710041,,,,0,notfound,,,
9728484625650316,,,,0,notfound,,,
9729879071399776,,,,0,notfound,,,
9730017451333442,,,,0,notfound,,,
9732153162437543,,,,0,notfound,,,
9732315343044731,="0301007179",اسپیروسینا  100 عدد قرص سینا فرآور,SPIRUSINA  100 Tablet Sina Faravar,1,ok,57000,2026-05-16T08:58:42+03:30,
9732784771477655,,,,0,notfound,,,
9733393177461872,,,,0,notfound,,,
9734052121997413,,,,0,notfound,,,
9734759669997026,,,,0,notfound,,,
9735980865668810,="0301007270",بایولاکت  15 میلی لیتر قطره خوراکى تک ژن,BioLACT  15 ML Oral Drop Takgene,1,ok,4000000,2026-05-31T11:48:20+03:30,
9736530817468032,,,,0,notfound,,,
9737728184317991,,,,0,notfound,,,
9738594953182541,,,,0,notfound,,,
9739690255142994,="0201007150",سیمو اسلیم  30 عدد کپسول سیمرغ داروی عطار,SIMOSLIM  30 Capsule Simorgh Darou Attar,1,ok,131300,2026-03-05T20:06:52+03:30,
9740491170719880,,,,0,notfound,,,
9741046156355319,="0200023988",جینک اکتیو  30 عدد کپسول گلدن لایف,GINC ACTIVE  30 Capsule Golden Life,1,ok,150000,2026-07-28T10:09:16+03:30,
9741722724371607,="0200007280",کلدراب  30 گرم کرم گل دارو,COLD RUB  30 GR Cream Gol Darou,1,ok,290000,2021-04-27T10:49:05+03:30,
9743355815313246,,,,0,notfound,,,
9745233838611541,,,,0,notfound,,,
9745369724266290,,,,0,notfound,,,
9745452642227984,,,,0,notfound,,,
9748933239957864,,,,0,notfound,,,
9752426371023674,,,,0,notfound,,,
9752794172192829,,,,0,notfound,,,
9755678117322198,,,,0,notfound,,,
9756344774134480,,,,0,notfound,,,
9756789766967212,,,,0,notfound,,,
9757835661721024,,,,0,notfound,,,
9760924823731880,,,,0,notfound,,,
9762276660615444,="0301007023",ردوکس ردوفلو کیدز  120 میلی لیتر شربت رضا دارو,REDOX REDOFLU KIDS  120 ML Syrup Reza Darou,1,ok,1200000,2025-02-22T09:04:38+03:30,
9762940542249621,,,,0,notfound,,,
9763697967016500,,,,0,notfound,,,
9764991313984339,,,,0,notfound,,,
9765722578595252,,,,0,notfound,,,
9768029041545859,="0301006335",اپتایزر  150 میلی لیتر شربت فیشر کیندر,APPETIZER  150 ML Syrup Fisher Kinder,1,ok,6000000,2026-05-25T12:30:45+03:30,
9770535912890962,="0300015842",دایجستیو اید   30 عدد قرص نچرال ورلد,DIGESTIVE AID  30 Tablet Natural World,1,ok,195866,2026-08-02T09:31:14+03:30,
9770987961543685,,,,0,notfound,,,
9771155735067035,,,,0,notfound,,,
9772570049472351,="0201006934",پلارژین  30 میلی لیتر قطره خوراکى پارس گیتا دارو,PELARGIN  30 ML Oral Drop Pars Gita Darou,1,ok,2800000,2026-07-25T09:26:05+03:30,
9775315636393276,="0301006402",لیبیدو بوستر  30 عدد قرص گرین نیچر,LIBIDO BOOSTER  30 Tablet Green Nature,1,ok,424666,2026-06-28T08:53:49+03:30,
9776477426520918,="0301008967",وانا فکت  60 عدد کپسول نورم لایف,VANA FACT  60 Capsule Norm Life,1,ok,32166,2025-04-20T12:07:48+03:30,
9780240938201156,="0200019867",گل اسلیپ  30 عدد کپسول گل دارو,GOL-SLEEP  30 Capsule Gol Darou,1,ok,18666,2023-12-30T11:56:56+03:30,
9782887980255757,,,,0,notfound,,,
9784434132949290,,,,0,notfound,,,
9785338920455440,,,,0,notfound,,,
9787052243687218,="0200012978",کاپودرم  30 گرم پماد موضعی نیاک,CAPODERM  30 GR Topical Ointment Niak,1,ok,3000000,2026-06-29T14:02:22+03:30,
9791033698917936,,,,0,notfound,,,
9791239195273335,,,,0,notfound,,,
9792080213855980,,,,0,notfound,,,
9792146050361030,,,,0,notfound,,,
9792182963237831,,,,0,notfound,,,
9792764331224325,,,,0,notfound,,,
9796152740863668,,,,0,notfound,,,
9796371172606261,,,,0,notfound,,,
9796933338354439,="0200001274",سنبل الطیب زد بی  120 میلی لیتر شربت زردبند,VALERIAN ZB  120 ML Syrup Zard Band,1,ok,4200000,2026-08-24T11:26:53+03:30,
9797116157987160,,,,0,notfound,,,
9797837148133022,,,,0,notfound,,,
9804696850956658,,,,0,notfound,,,
9805519174486032,,,,0,notfound,,,
9805805358708891,="0301007267",بایودایاب  30 عدد کپسول تک ژن,BioDiIAB  30 Capsule Takgene,1,ok,250000,2026-05-31T11:46:22+03:30,
9807514273302848,,,,0,notfound,,,
9808432711630732,,,,0,notfound,,,
9810118561834617,,,,0,notfound,,,
9810562365280747,,,,0,notfound,,,
9811506380274405,,,,0,notfound,,,
9811892068773447,,,,0,notfound,,,
9812873564633727,,,,0,notfound,,,
9814206227611708,,,,0,notfound,,,
9815135311544234,="0201005513",آرتیپس  30 عدد کپسول دایونیکس فارما,ARTHIPASS  30 Capsule Dayonix Pharma,1,ok,309733,2026-05-19T18:17:10+03:30,
9817349421987453,,,,0,notfound,,,
9817997245587153,,,,0,notfound,,,
9818029281001558,,,,0,notfound,,,
9819495266376621,="0200024847",ریلکس هرب  30 عدد کپسول بهتا دارو,RELAX HERB  30 Capsule Behta Daru,1,ok,140000,2026-07-28T11:25:49+03:30,
9820127952276870,,,,0,notfound,,,
9820647767390445,,,,0,notfound,,,
9821629048300234,,,,0,notfound,,,
9822372871959199,,,,0,notfound,,,
9825228935855079,,,,0,notfound,,,
9825261473644369,,,,0,notfound,,,
9827783746989293,,,,0,notfound,,,
9829949067816304,="0201007076",شوگرهیل  60 عدد کپسول سمانیک,SUGARHEAL  60 Capsule Samanik,1,ok,26666,2024-09-08T09:02:25+03:30,
9831690788769628,="0201005644",برونکی کات  120 میلی لیتر شربت باریج اسانس,BRONCHICUT  120 ML Syrup Barij Essence,1,ok,700000,2024-02-29T10:05:56+03:30,
9831831859551098,="0200024907",کورکومین  370 میلی گرم 30 عدد کپسول رازک,CURCUMIN RAZAK  370 MG 30 Capsule Razak,1,ok,38333,2024-08-21T11:19:57+03:30,
9833784359699754,,,,0,notfound,,,
9836244006956393,="0200001321",منتول  30 میلی لیتر قطره پورسینا,MENTHOL  30 ML Drop Pursina,1,ok,660000,2025-12-29T12:18:27+03:30,
9837057116782635,,,,0,notfound,,,
9837110618610849,,,,0,notfound,,,
9839228011396234,,,,0,notfound,,,
9841573725456208,,,,0,notfound,,,
9842172120736921,,,,0,notfound,,,
9843652930597246,,,,0,notfound,,,
9843783441039431,,,,0,notfound,,,
9844667749289425,,,,0,notfound,,,
9845130299871562,,,,0,notfound,,,
9846059658023128,,,,0,notfound,,,
9847001251580822,,,,0,notfound,,,
9847481992437875,,,,0,notfound,,,
9848100130190894,,,,0,notfound,,,
9849081768042248,,,,0,notfound,,,
9853102623099906,="0301007138",کالمرز سوی پلاس  30 عدد قرص سیمرغ داروی عطار,CALMERZ SOY PLUS  30 Tablet Simorgh Darou Attar,1,ok,131300,2026-01-18T12:16:56+03:30,
9854027777669284,,,,0,notfound,,,
9856404419614794,,,,0,notfound,,,
9857584597719719,,,,0,notfound,,,
9864063121901265,="0200010356",لومکس  50 میلی گرم 30 عدد سافت ژل باریج اسانس,LOMEX  50 MG 30 Soft Gelatin Capsule Barij Essence,1,ok,44500,2026-05-07T15:59:08+03:30,
9864803138916367,,,,0,notfound,,,
9867178165821378,,,,0,notfound,,,
9867705250675286,,,,0,notfound,,,
9869647179712661,="0201007301",پروسترول  60 عدد سافت ژل وشا دارو پارس,PROSTROL  60 Soft Gelatin Capsule Vasha Darou Pars,1,ok,180000,2026-08-17T10:39:52+03:30,
9870154383084211,="0200001734",پاسی پی  30 میلی لیتر قطره خوراکى ایران داروک,PASIPAY  30 ML Oral Drop Iran Darouk,1,ok,2000000,2026-08-23T11:32:22+03:30,
9871812375723996,,,,0,notfound,,,
9873147029387766,,,,0,notfound,,,
9873562254256537,,,,0,notfound,,,
9877433342139809,,,,0,notfound,,,
9878399694496571,="0200022936",انرژکس  30 عدد قرص روکشدار گلدن لایف,ENERGE-X  30 F.C. Tablet Golden Life,1,ok,400000,2026-06-15T22:27:49+03:30,
9878642325340134,,,,0,notfound,,,
9879590726494478,="0201005646",کافنولیکس  120 میلی لیتر شربت باریج اسانس,COUGHNOLIX  120 ML Syrup Barij Essence,1,ok,2800000,2026-07-14T18:24:33+03:30,
9879924881830871,="0201009354",گارلینووس  30 عدد قرص مهر و ماه,GARLINOVAS  30 Tablet Seal & Moon,1,ok,200000,2026-05-31T09:02:15+03:30,
9880319434263183,,,,0,notfound,,,
9880526342306606,,,,0,notfound,,,
9881247190778988,="0201005656",تارتونیک  5 گرم 10 عدد ساشه باریج اسانس,TARTONIC  5 GR 10 Sache Barij Essence,1,ok,140000,2026-05-09T10:56:42+03:30,
9881512331952273,="0201005932",کاف ویا  120 میلی لیتر شربت ویا پلاس,COUGHWOYA  120 ML Syrup Woya Plus,1,ok,3000000,2026-06-28T12:07:55+03:30,
9887068041774977,,,,0,notfound,,,
9887765334730338,,,,0,notfound,,,
9888081790687296,,,,0,notfound,,,
9888415274350272,,,,0,notfound,,,
9891238749379829,,,,0,notfound,,,
9892799825984237,,,,0,notfound,,,
9894635233091923,="0200025376",ویگورمن  60 عدد قرص سیمرغ داروی عطار,VIGORMAN  60 Tablet Simorgh Darou Attar,1,ok,50000,2024-09-14T12:17:34+03:30,
9896858821660397,,,,0,notfound,,,
9898587888621320,,,,0,notfound,,,
9901034253486706,,,,0,notfound,,,
9902458858037346,="0200002277",زینتوما  30 عدد کپسول گل دارو,ZINTOMA  30 Capsule Gol Darou,1,ok,60000,2026-06-15T23:24:16+03:30,
9905224198844589,,,,0,notfound,,,
9905380719916761,,,,0,notfound,,,
9906705115723086,,,,0,notfound,,,
9907824997620217,,,,0,notfound,,,
9915059091022930,,,,0,notfound,,,
9919206541196481,,,,0,notfound,,,
9919542028501405,,,,0,notfound,,,
9919685471448233,,,,0,notfound,,,
9919740849247538,,,,0,notfound,,,
9919823789944669,="0301006612",ریپکس گات  30 میلی لیتر قطره خوراکى خوارزمی,RIPAX GUT  30 ML Oral Drop Kharazami,1,ok,1800000,2026-09-03T11:48:43+03:30,
9922581564748503,,,,0,notfound,,,
9924396848395052,="0200001381",آلفا  30 گرم پماد موضعی,ALPHA  30 GR Topical Ointment,1,ok,5250000,2026-06-13T23:22:57+03:30,
9927901210378861,,,,0,notfound,,,
9927904661548185,,,,0,notfound,,,
9928001720911371,,,,0,notfound,,,
9929664182021548,,,,0,notfound,,,
9930020341906272,,,,0,notfound,,,
9932119710273109,="0200003804",سالویگل  30 عدد قرص گل دارو,SALVIGOL  30 Tablet Gol Darou,1,ok,80000,2026-06-15T23:05:21+03:30,
9941211914627275,,,,0,notfound,,,
9941910787051796,,,,0,notfound,,,
9942560453747181,,,,0,notfound,,,
9942858018603979,="0200019219",فیتولاکس  30 عدد کپسول گل دارو,PHYTHOLAX  30 Capsule Gol Darou,1,ok,75000,2026-04-30T11:58:12+03:30,
9945235286607769,,,,0,notfound,,,
9945735938348185,,,,0,notfound,,,
9946033446516312,,,,0,notfound,,,
9946382724849331,,,,0,notfound,,,
9948025153315730,="0201007184",فلوردو  60 عدد قرص سینا فرآور,FELORDO  60 Tablet Sina Faravar,1,ok,110500,2026-08-23T13:37:00+03:30,
9948857946828610,,,,0,notfound,,,
9949535863233571,,,,0,notfound,,,
9952817549020242,="0200002575",پياسکلیدین  300 میلی گرم 15 عدد کپسول اکسپنساینس,PIASCLEDINE  300 MG 15 Capsule Expanscience,1,ok,233333,2024-06-15T11:39:51+03:30,
9954529993574936,,,,0,notfound,,,
9955481464749420,,,,0,notfound,,,
9955964985493929,,,,0,notfound,,,
9957669599197837,,,,0,notfound,,,
9959240555413032,,,,0,notfound,,,
9960602147256126,="0200025013",رولاکس مکس  30 عدد قرص قائم دارو,RULAX MAX  30 Tablet Ghaem Darou,1,ok,10000,2024-06-19T09:48:00+03:30,
9960715435506630,,,,0,notfound,,,
9961799369609729,="0301007232",هرپاز  10 گرم پماد موضعی توسن دارو,HERPAUSE  10 GR Topical Ointment Tosan Darou,1,ok,1400000,2026-07-20T14:15:01+03:30,
9963886414074617,="0201005628",روغن سیاهدانه باریج  1000 میلی گرم 30 عدد سافت ژل باریج اسانس,BARIJ BLACK SEED OIL  1000 MG 30 Soft Gelatin Capsule Barij Essence,1,ok,95000,2026-05-10T19:43:14+03:30,
9965040667872571,,,,0,notfound,,,
9965313319528024,,,,0,notfound,,,
9965392223217223,="0200024869",هیپوفار  250 میلی گرم 60 عدد کپسول نو تک فار,HYPOPHAR  250 MG 60 Capsule Know.Tech.Phar,1,ok,25000,2025-10-13T11:55:40+03:30,
9965443728529360,,,,0,notfound,,,
9967784942615978,="0300023128",وینترویتس  30 عدد قرص هلث اید,WINTERVITS  30 Tablet Health Aid,1,ok,33333,2024-06-27T12:33:09+03:30,
9967910487510898,="0200016534",آترومد - بی  350 میلی گرم 100 عدد قرص روکشدار باریج اسانس,ATHEROMOD-B  350 MG 100 F.C. Tablet Barij Essence,1,ok,51000,2026-07-14T18:31:06+03:30,
9969840857092107,,,,0,notfound,,,
9970156112946580,,,,0,notfound,,,
9971591382294337,="0200016712",کولیکز  30 میلی لیتر قطره خوراکى ویتان,COLICEZ  30 ML Oral Drop Vitane,1,ok,2000000,2026-07-11T13:03:22+03:30,
9973765009666909,="0200009904",پسیلیوم موزی  7 عدد ساشه پورسینا,PSYLLIUM BANANA  7 Sache Pursina,1,ok,300000,2026-06-20T10:52:30+03:30,
9976721425199616,,,,0,notfound,,,
9978816934011396,="0200023575",رژودرم  55 گرم کرم,REJUDERM  55 GR Cream,1,ok,5750000,2026-06-13T23:24:20+03:30,
9979447747938178,,,,0,notfound,,,
9981322456037873,,,,0,notfound,,,
9983690445535922,,,,0,notfound,,,
9985075532004676,,,,0,notfound,,,
9985289184038845,,,,0,notfound,,,
9986006080898931,="0201007301",پروسترول  60 عدد سافت ژل وشا دارو پارس,PROSTROL  60 Soft Gelatin Capsule Vasha Darou Pars,1,ok,180000,2026-08-17T10:39:52+03:30,
9986239872389729,="0200019889",لامیژکس  5 میلی لیتر قطره استریل گوشى باریج اسانس,LAMIGEX  5 ML Sterile Otic Drops Barij Essence,1,ok,750000,2026-07-16T15:37:08+03:30,
9986357019967652,="0200012088",ذیابیطس  60 عدد قرص نیاک,ZIABITIS  60 Tablet Niak,1,ok,48000,2026-05-04T11:58:16+03:30,
9988911351474077,,,,0,notfound,,,
9988937438177686,="0200023916",پین لیز  30 عدد قرص روکشدار گلدن لایف,PAINLYS  30 F.C. Tablet Golden Life,1,ok,257200,2026-05-26T10:50:45+03:30,
9989187872491045,,,,0,notfound,,,
9989660993773290,,,,0,notfound,,,
9991454896802555,,,,0,notfound,,,
9993902914593733,,,,0,notfound,,,
9996386791314811,,,,0,notfound,,,
9997216362354676,,,,0,notfound,,,
9999535984468746,,,,0,notfound,,,
9999738186904024,="0200011628",ای .اف. اس  30 میلی لیتر قطره خوراکى گیاه اسانس,A.F.S  30 ML Oral Drop Giah Essence,1,ok,1000000,2026-05-13T15:13:15+03:30,